39.683,37.111,8.9874,3.5974,1.3744,0.91128,0.41523,0.49038,0.38866,0.049073,0.079141,0.099949,0.093924,0.022243,0.062463,0.0621,0.038032,0.061079,0.055019,0.038637,0.03323,0.03431,0.035229,0.030852,0.02985,0.036805,0.036499,0.031056,0.027682,0.023023,0.0233,0.025769,0.024548,0.023111,0.020976,0.019878,0.02349,0.02282
64.285,65.334,16.809,6.0282,2.9859,1.9236,1.3997,0.96037,0.74776,0.20923,0.15224,0.14951,0.071755,0.13602,0.057002,0.024465,0.066681,0.073766,0.023738,0.038551,0.033205,0.042425,0.021514,0.037676,0.025068,0.023049,0.039497,0.024183,0.038335,0.024305,0.031454,0.020423,0.027953,0.024368,0.024416,0.022879,0.017003,0.023748
77.476,78.588,19.14,6.4771,2.9415,1.7638,0.91183,0.96766,0.94577,0.37925,0.3384,0.45894,0.44648,0.45454,0.41974,0.38633,0.38717,0.31087,0.32599,0.33969,0.307,0.29145,0.28939,0.25741,0.25183,0.26034,0.21642,0.22926,0.23299,0.20567,0.22113,0.21581,0.1894,0.20155,0.19089,0.16932,0.18223,0.17627
87.669,105.12,34.588,14.575,6.8938,4.7619,3.1404,2.3048,1.1944,0.56131,0.24285,0.2579,0.12272,0.096186,0.026769,0.048273,0.08329,0.08179,0.08972,0.064483,0.03908,0.023986,0.024092,0.038874,0.06343,0.052176,0.059223,0.047234,0.025166,0.016029,0.028256,0.033294,0.052196,0.047875,0.040322,0.033292,0.014746,0.015957
95.8,124.38,42.952,20.142,8.7337,5.2649,4.1624,3.9879,2.8625,1.5201,0.84973,0.27889,0.50102,0.7292,0.71833,0.66823,0.59472,0.41592,0.20166,0.01973,0.20486,0.33206,0.40172,0.43005,0.41212,0.31241,0.17529,0.031685,0.11682,0.23196,0.31938,0.34782,0.32121,0.24829,0.14119,0.032729,0.087957,0.19069
93.256,122.87,41.824,19.403,9.4492,6.0541,4.7659,3.4359,1.5784,0.79521,0.61464,0.41928,0.36828,0.098935,0.11591,0.063004,0.12717,0.070637,0.087032,0.069757,0.059739,0.080633,0.098508,0.057343,0.042872,0.072699,0.062726,0.063484,0.056182,0.046369,0.054604,0.056003,0.050117,0.045904,0.041072,0.046046,0.046232,0.047733
96.887,132.64,51.442,25.434,12.2,7.3906,6.4837,5.4257,2.5207,1.165,1.4093,0.56498,0.40665,0.59875,0.33679,0.20521,0.20445,0.25701,0.22289,0.1472,0.11093,0.15643,0.16399,0.16268,0.17402,0.13528,0.13392,0.10677,0.097565,0.11279,0.11942,0.11925,0.13446,0.12586,0.10309,0.094796,0.080008,0.080106
103.71,145.04,61.484,32.811,17.249,12.691,10.031,8.5553,4.9825,2.362,2.5071,1.4866,0.69476,0.95821,0.11552,0.11217,0.36702,0.68629,0.47414,0.26819,0.17036,0.042715,0.14955,0.21322,0.24239,0.16747,0.092209,0.011119,0.11011,0.19539,0.22982,0.2243,0.17373,0.091918,0.0057954,0.089394,0.14829,0.17627
99.873,142.42,59.404,31.667,15.594,11.931,10.52,10.113,5.8377,2.6929,2.9158,1.3106,1.0216,1.1858,0.29153,0.31728,0.2118,0.71253,0.16318,0.13354,0.24881,0.066264,0.11265,0.11027,0.082596,0.073142,0.067048,0.039333,0.048782,0.059045,0.034194,0.043012,0.048377,0.036803,0.041359,0.045155,0.033361,0.032746
102.6,151.88,68.482,33.444,16.013,13.902,12.667,11.647,6.894,3.5126,3.4952,1.1322,1.6516,2.0173,0.69947,0.39747,0.34035,0.93584,0.56161,0.38184,0.10328,0.35979,0.55358,0.3856,0.057792,0.17575,0.14201,0.068475,0.22238,0.29304,0.24236,0.20103,0.16059,0.11883,0.052237,0.057569,0.1307,0.16699
101.58,153.69,71.099,37.162,19.411,15.367,13.909,14.788,9.1153,3.7353,4.8255,2.3641,1.4921,2.2513,0.56117,0.53504,0.34842,1.3682,0.61852,0.2239,0.46924,0.27543,0.27573,0.13309,0.11252,0.23879,0.21598,0.17003,0.12249,0.06207,0.024502,0.03351,0.035556,0.067226,0.076529,0.10149,0.099746,0.069877
102.66,156.84,74.877,40.429,21.761,17.288,15.578,17.63,11.954,5.0931,6.6659,3.0952,2.179,3.253,0.74342,0.6514,0.89078,2.2304,0.90623,0.37681,0.91984,0.52124,0.58276,0.42985,0.50031,0.50347,0.25599,0.15713,0.1752,0.1958,0.10192,0.094582,0.076782,0.047444,0.082628,0.034914,0.097854,0.038364
106.61,162.17,82.29,45.582,26.091,20.511,18.061,20.322,14.576,6.9965,8.4752,4.5163,3.1871,4.5975,1.3406,1.4747,0.9911,2.1507,0.64315,0.32425,0.70652,0.37814,0.23026,0.42678,0.2205,0.36284,0.32838,0.32211,0.25587,0.40282,0.32311,0.3359,0.30045,0.30379,0.25029,0.28742,0.30896,0.35429
103.88,160.79,79.648,43.921,24.121,18.743,17.4,20.823,14.71,6.1504,8.2083,4.0809,2.7813,4.1493,0.97883,0.9528,0.99643,3.1715,1.0979,0.55201,1.266,0.70672,0.75873,0.60962,0.75384,0.73152,0.31935,0.30713,0.25558,0.28267,0.11142,0.16931,0.16372,0.018006,0.08979,0.11813,0.12365,0.058071
107.1,165,82.718,43.274,25.39,20.93,18.464,22.08,15.395,6.8373,9.8657,4.8568,2.6841,4.4377,0.79965,1.2495,1.6077,4.0045,1.8,0.64083,1.1886,0.92226,1.2746,0.99777,0.66486,0.77799,0.55157,0.51143,0.3683,0.32595,0.19626,0.36172,0.35809,0.2128,0.033426,0.13456,0.32859,0.29569
106.97,164.47,84.121,46.418,24.908,19.701,18.22,22.411,16.125,6.6368,9.0957,4.3312,2.7692,4.9586,1.5502,1.4354,1.7945,4.0887,1.2785,0.37626,1.2987,0.73367,0.91661,0.47747,0.91041,0.7383,0.36379,0.25076,0.1077,0.38722,0.16327,0.31289,0.3007,0.31855,0.28354,0.27204,0.36603,0.35438
105.67,165.3,85.804,48.236,26.529,21.516,19.462,24.231,17.984,7.8554,10.432,5.0923,3.6611,5.5093,1.2517,1.2491,1.4778,4.3002,1.7779,0.73662,1.8673,1.0874,1.2885,0.91393,1.1934,1.278,0.64382,0.47267,0.37347,0.54336,0.25128,0.30324,0.25984,0.13837,0.20451,0.11887,0.26436,0.13158
106.72,168.04,89.758,50.579,26.965,19.895,19.311,24.978,19.277,8.8054,10.805,4.9017,4.3147,6.4623,1.8797,1.9967,2.1178,4.7593,1.846,0.59604,2.0159,1.625,1.7245,1.3332,0.97358,1.2607,0.841,0.70321,0.33653,0.36585,0.20897,0.35414,0.42008,0.24166,0.10439,0.2205,0.49017,0.44681
105.88,167.66,88.157,48.924,27.989,22.133,20.447,24.418,18.838,8.2387,11.29,5.2761,3.6362,5.8223,1.3357,1.351,1.4835,4.5416,1.8903,0.67802,1.9776,1.2684,1.2828,1.0043,1.2876,1.2725,0.72952,0.58621,0.4474,0.50853,0.25429,0.32237,0.26394,0.26163,0.26572,0.082413,0.30739,0.20371
107.5,168.37,88.878,49.909,29.046,21.15,20.675,25.091,19.206,7.9467,11.61,5.6378,3.6018,5.9521,1.5461,1.2654,1.4079,4.2782,1.8209,1.0817,2.0808,1.0131,1.4993,1.1668,1.0189,1.4586,0.91987,0.41133,0.39589,0.67491,0.3098,0.17987,0.40253,0.34295,0.074594,0.2604,0.36335,0.18812
110.55,172.72,93.509,51.855,29.639,23.422,22.316,25.468,19.533,8.4128,11.395,4.9635,4.8468,5.6883,0.24367,0.56577,1.1172,4.4278,2.7085,1.6758,2.5273,1.6125,1.3338,1.5175,0.76512,1.6562,1.1707,0.8805,0.56432,0.83428,0.47697,0.56411,0.43766,0.51853,0.33166,0.41701,0.40435,0.49469
106.97,169.56,92.199,50.487,28.636,22.645,21.011,24.774,20.365,8.6561,11.743,5.6072,3.9534,6.2851,1.317,1.5358,1.5527,4.8829,2.1093,1.0888,2.3494,1.4545,1.4233,1.1555,1.2663,1.6202,0.87333,0.63128,0.39255,0.77374,0.28754,0.43509,0.34647,0.24211,0.25091,0.29011,0.33521,0.30152
108.18,173.39,96.048,52.488,27.94,20.931,21.931,26.162,21.022,8.5052,11.832,5.9183,4.0014,5.877,0.94417,1.4478,1.8135,5.1182,2.2521,1.0178,2.0514,1.3364,1.6927,1.246,1.1755,1.4137,0.9163,0.66927,0.22304,0.43089,0.42126,0.53907,0.28483,0.059722,0.35637,0.3428,0.34083,0.1306
108.01,172.94,93.122,51.32,29.453,23.245,21.651,25.913,21.286,8.9454,12.174,5.9649,4.4299,6.5474,1.5483,1.5262,1.7567,5.3067,2.0885,0.94364,2.5174,1.5278,1.5883,1.2529,1.5587,1.6147,0.88786,0.66457,0.58158,0.66648,0.39018,0.4444,0.33945,0.22465,0.34976,0.20951,0.38069,0.30895
109.54,172.72,92.654,53.324,30.55,23.01,22.43,26.637,22.048,9.1506,13.372,6.2213,5.0335,7.5037,1.8334,1.4413,2.0858,6.0774,2.5996,0.82551,3.0083,1.7668,1.867,1.4591,1.8054,1.8571,1.1329,0.84238,0.61204,0.8747,0.56526,0.44462,0.4882,0.41464,0.3288,0.30114,0.64496,0.3901
115.87,179.67,99.591,59.38,35.091,27.167,24.654,28.406,23.352,10.133,13.373,6.6551,4.7747,7.3575,1.9669,1.8939,2.3124,6.0431,2.3286,1.1252,2.9745,1.9746,2.1515,1.8128,1.7837,2.2366,1.3208,0.8823,0.7697,1.0068,0.64431,0.66824,0.66355,0.40624,0.54415,0.34523,0.56463,0.38354
109.03,172.66,93.054,54.657,30.355,23.474,22.557,26.914,22.367,9.7408,13.274,6.5102,4.621,7.4218,1.7171,1.7292,2.002,6.0679,2.377,1.0463,2.9357,1.7648,1.8941,1.4596,1.8746,2.0318,1.1481,0.82405,0.66963,0.93859,0.47335,0.59304,0.45281,0.33392,0.51122,0.32778,0.60438,0.4138
110.04,177.11,96.814,52.219,28.937,24.763,23.317,26.762,22.666,9.4529,12.56,6.45,5.3269,7.6199,1.9373,1.3485,1.941,5.7791,2.195,0.83698,3.3265,2.2249,1.5478,1.0838,1.8587,2.0905,1.2403,1.0408,0.50765,0.5563,0.60862,0.83795,0.55585,0.31217,0.3148,0.16713,0.59004,0.59643
107.68,174.08,95.534,53.897,30.521,23.637,22.65,26.914,23.069,9.7668,13.216,6.7447,4.6398,7.4417,1.8613,1.7427,2.0766,5.8128,2.6366,1.4091,3.0874,1.7785,1.8255,1.6286,1.6761,2.1107,1.0775,0.75594,0.62564,1.075,0.47718,0.59434,0.46027,0.40387,0.43824,0.34015,0.49388,0.3677
107.92,174.91,96.08,54.552,31.22,24.279,22.922,27.037,23.642,9.859,13.932,6.786,5.0696,7.7685,1.7295,1.8246,2.2341,6.1996,2.7451,1.3753,3.3033,1.9238,2.0419,1.6269,1.8888,2.3097,1.3216,0.88943,0.72597,1.1713,0.47934,0.71381,0.54694,0.38437,0.51419,0.40458,0.73088,0.46262
111.59,178.77,101.07,57.774,34.272,26.062,23.628,27.226,24.836,11.089,14.578,8.1554,4.407,8.6377,3.305,3.0354,3.4521,7.3288,2.8902,1.523,3.7391,2.2723,2.5901,1.8218,2.6468,2.8376,1.6691,1.2797,1.2456,1.4867,0.95621,1.0794,1.0291,0.82172,1.015,0.91654,1.1626,0.80187
108.69,176.23,96.841,55.285,32.051,24.333,23.319,27.605,24.266,10.258,14.227,7.2383,5.3467,8.0057,1.9112,1.852,2.2471,6.8128,2.7979,1.427,3.7293,2.048,2.1467,1.8645,2.1055,2.5938,1.3701,0.98743,0.9028,1.2009,0.56362,0.82186,0.62563,0.45454,0.51988,0.52872,0.84392,0.45461
110.77,178.77,98.107,53.016,32.845,25.937,22.731,27.241,24.389,10.545,15.052,7.3657,5.0772,8.4414,2.2912,1.9408,2.4195,6.9587,3.0777,1.0294,3.8327,2.5443,1.9596,1.629,2.1912,2.7834,1.6918,0.90717,0.69944,1.5031,0.7673,0.71919,0.53667,0.43336,0.72317,0.67707,0.60193,0.33379
109.06,176,98.27,55.226,31.541,24.161,22.668,26.911,24.581,10.686,14.692,7.4107,5.3148,8.3808,1.8575,1.8472,2.014,6.5905,3.1284,1.6429,3.7013,2.1995,2.3159,1.9477,2.1759,2.6467,1.3597,0.84665,0.71418,1.1611,0.48422,0.69298,0.47634,0.37736,0.39963,0.48735,0.79344,0.60511
107.97,175.87,98.314,55.734,32.125,25.095,23.328,27.54,24.731,10.416,14.514,7.1921,5.2234,8.1369,1.8093,1.9148,2.1017,6.6722,3.0668,1.3805,3.5844,2.0359,2.1949,1.7938,1.9334,2.5395,1.4148,0.98329,0.76411,1.2721,0.52778,0.81489,0.55754,0.48543,0.48158,0.50401,0.73196,0.48326
108.84,176.1,99.647,55.92,32.162,23.877,21.997,26.354,23.834,10.383,14.86,7.4401,5.2234,8.1725,1.6313,1.9081,2.0741,6.4161,2.6594,1.4726,3.808,2.2312,2.1152,1.7302,2.0888,2.8706,1.7993,1.3117,0.77395,1.1993,0.33451,0.68522,0.5567,0.50042,0.33639,0.28069,0.61653,0.38608
108.07,176,97.96,54.975,32.752,24.921,23.24,27.102,24.357,10.407,14.268,6.8442,5.0077,8.1746,1.6485,1.9478,2.1572,6.4772,2.9003,1.5573,3.5981,1.9243,1.9951,1.9058,1.9465,2.4385,1.4439,0.95313,0.75645,1.2229,0.45588,0.82999,0.65798,0.39498,0.40877,0.55681,0.7681,0.4858
109.95,176.52,97.544,54.206,33.78,24.686,22.636,27.898,24.69,9.8633,14.049,7.0366,5.1365,7.8525,1.4778,1.8764,2.4079,6.7948,3.0797,1.2166,3.4993,2.2832,1.9859,1.4893,2.0867,2.6774,1.3121,0.73302,0.93172,1.3532,0.34049,0.6962,0.74142,0.53017,0.38963,0.55278,0.85449,0.51969
111.43,177.24,99.239,55.606,32.057,24.55,23.293,26.597,23,9.161,13.193,5.8982,4.7726,6.9585,2.0703,1.8134,2.9582,7.3209,3.1883,1.7005,3.8417,2.3144,2.5547,1.6709,2.469,2.4963,1.1679,0.75361,0.85276,0.92574,0.49091,0.48533,0.4674,0.15763,0.50335,0.24784,0.41486,0.13683
108.85,175.06,98.188,55.777,32.09,25.027,23.224,27.136,23.865,10.287,14.048,6.9667,5.1103,7.9134,1.8638,1.805,2.2441,6.4323,2.7944,1.38,3.3772,2.0737,2.0838,1.775,1.9452,2.5023,1.2919,0.90068,0.75868,1.1655,0.50825,0.73824,0.50885,0.45231,0.48162,0.48233,0.72019,0.46782
109.07,176.6,101.05,57.531,31.149,22.588,23.083,27.975,25.023,10.434,13.592,7.0075,5.2831,8.2676,2.4958,1.5358,1.9339,6.2668,2.8797,1.7779,3.4735,1.7646,1.7393,1.5558,1.9826,2.3556,1.1445,0.81013,1.0363,1.4477,0.59917,0.55879,0.52512,0.52101,0.45552,0.23739,0.49826,0.43506
108.63,175.64,97.52,55.089,32.043,24.992,23.455,26.919,23.797,9.9594,14.076,7.0732,5.3393,7.719,1.8855,1.7953,2.2993,6.4268,2.6537,1.4157,3.4346,1.9365,2.1401,1.5815,1.9407,2.4629,1.3452,0.80932,0.7085,1.1542,0.53032,0.72633,0.62989,0.32955,0.45943,0.47006,0.77177,0.46693
110.09,174.99,96.689,56.121,32.565,23.904,23.605,27.153,23.566,10.004,14.6,6.7806,5.432,8.34,2.2501,1.385,2.1299,6.6022,2.9081,1.262,3.2376,2.0965,2.0728,1.4525,2.0432,2.3838,1.1576,0.94993,0.79853,0.96521,0.61513,0.8099,0.41339,0.37083,0.57248,0.35041,0.66071,0.56853
114.04,180.3,102.5,59.793,35.763,28.096,26.393,29.083,25.888,12.016,15.535,8.3809,5.5336,9.0071,2.6263,2.6685,2.5671,6.4397,2.6035,1.4592,3.7695,2.4302,2.7113,2.105,2.349,2.9383,1.8199,1.377,1.1198,1.6412,0.94124,1.1709,0.84246,0.78557,0.46195,0.49876,0.53325,0.48094
108.31,173.85,97.556,54.881,31.463,24.544,23.128,25.939,23.614,9.8756,13.643,6.691,4.699,7.781,1.5993,1.8753,1.9319,6.1105,2.6295,1.4042,3.2723,1.8237,1.8798,1.5986,1.6129,2.313,1.2583,0.79405,0.70594,1.0473,0.46768,0.71893,0.46678,0.43277,0.45198,0.41999,0.66193,0.42293
108.42,176.62,100.72,55.195,29.837,22.928,24.23,27.318,23.788,9.5288,13.265,6.6239,4.5983,7.2649,1.1659,2.1091,2.3868,6.3269,3.0656,1.4588,2.959,1.8768,1.9741,1.5061,1.5948,2.336,1.5218,0.9652,0.40809,0.89347,0.61904,0.80255,0.35962,0.32251,0.56941,0.53022,0.42193,0.19062
107.06,174.69,98.378,53.541,31.137,24.589,23.423,25.923,22.843,9.848,13.375,6.4557,4.4928,7.7321,1.426,1.6317,2.1005,5.8044,2.6316,1.4011,3.1605,1.8153,1.7898,1.5599,1.5331,2.141,1.2397,0.87189,0.69338,1.0022,0.41699,0.69258,0.444,0.40387,0.36585,0.50426,0.61913,0.33873
107.5,173.66,97.795,54.373,31.494,24.535,22.981,25.506,23.092,9.7515,13.206,6.6121,4.4751,7.5948,1.5901,1.7818,1.9564,5.6458,2.6231,1.4313,2.9755,1.7774,1.7235,1.4382,1.432,2.1577,1.1941,0.77497,0.60599,0.92081,0.49659,0.62157,0.45976,0.46579,0.31835,0.44775,0.53946,0.36895
113.24,180.27,103.95,59.324,36.442,28.987,26.681,28.802,25.315,11.505,14.446,7.1129,4.5349,7.5481,1.9503,1.9176,2.5806,6.4546,3.1734,1.7909,3.4968,2.051,1.865,1.5388,1.3024,2.0046,1.0396,0.55687,0.30844,0.76893,0.23276,0.54337,0.43012,0.45446,0.55476,0.67263,0.86573,0.68008
107.5,173.98,98.499,54.655,31.406,24.845,23.211,25.552,23.274,9.7538,13.295,6.5864,4.6155,7.622,1.5686,1.8102,2.0011,5.7442,2.7416,1.3711,3.0462,1.8449,1.8201,1.4852,1.5107,2.1978,1.2238,0.81831,0.62439,1.0001,0.47533,0.65159,0.42937,0.44537,0.38466,0.40833,0.61372,0.36668
108.14,177.06,101.91,54.119,29.378,24.391,24.483,26.312,23.358,10.049,13.245,6.1014,5.0518,8.2347,2.1963,2.2901,2.2285,5.8474,2.8518,1.5565,2.9207,1.4965,2.1066,1.9932,1.2985,2.0673,1.1615,0.80901,0.56124,1.0633,0.76738,0.92505,0.25729,0.17343,0.62649,0.59048,0.61309,0.48563
106.91,174.51,99.246,54.512,31.283,24.708,23.645,26.344,23.331,9.9637,13.761,6.6505,4.7732,7.732,1.8181,1.9211,1.9743,6.1424,2.7289,1.3632,3.3253,2.007,1.9844,1.5101,1.5671,2.4335,1.3501,0.79459,0.6566,1.1465,0.51908,0.65569,0.43476,0.46882,0.49871,0.48426,0.61586,0.45914
107.68,174.14,98.559,55.335,31.863,24.933,23.503,25.883,23.934,9.7551,13.961,6.8003,4.9751,7.9464,1.6615,1.9253,2.0404,6.1343,2.8453,1.3229,3.4074,1.8453,2.059,1.6325,1.7368,2.3925,1.3209,0.83149,0.72028,1.0912,0.51518,0.71775,0.5231,0.42749,0.46061,0.45281,0.67977,0.46367
112.46,179.55,105.03,60.654,36.917,28.712,25.747,27.375,25.274,11.524,14.623,7.522,5.4041,8.407,1.3887,1.9997,1.318,5.2447,2.8221,1.6614,3.3966,2.279,2.1281,2.2021,1.288,2.6085,1.6799,1.1196,0.8261,1.2731,0.74402,1.0292,0.89558,0.82532,0.82014,0.82986,0.9046,0.60387
107.02,173.6,98.633,55.12,31.742,24.769,23.476,25.346,23.101,9.9255,13.229,6.6268,4.3582,7.6151,1.6914,1.9223,1.7966,5.5827,2.601,1.3861,2.9659,1.6846,1.6478,1.4846,1.2383,2.0752,1.1991,0.67679,0.54123,0.94239,0.34586,0.62273,0.42931,0.33574,0.27293,0.3856,0.46243,0.3267
107.62,176.49,100.81,53.079,30.416,26.104,24.386,24.724,21.769,9.8908,13.949,6.7533,4.2552,7.551,1.5807,1.5851,1.6412,5.5455,2.9312,1.9079,2.6562,1.3054,1.8954,1.7088,1.1059,2.0377,1.1599,0.62671,0.71455,1.2017,0.61701,0.34178,0.4918,0.72255,0.41585,0.14976,0.45679,0.43816
105.76,174.33,99.74,54.444,31.745,24.634,23.016,25.579,23.002,9.7941,13.038,6.5794,4.1624,7.7645,1.6113,1.8936,1.9494,5.3005,2.7598,1.4826,3.0383,1.7265,1.4981,1.4536,1.1248,2.1728,1.2154,0.71445,0.5543,0.98426,0.45554,0.63233,0.35733,0.41669,0.28992,0.48461,0.54866,0.33677
105.83,173.84,99.099,54.392,32.074,25.002,23.192,25.363,23.074,9.5887,13.442,6.5257,4.3593,7.8556,1.5401,2.0485,1.9314,5.314,2.7773,1.3683,2.8976,1.7227,1.5477,1.4365,1.1475,2.0911,1.2572,0.76051,0.57614,0.96652,0.39769,0.6947,0.42438,0.41789,0.30208,0.39656,0.55464,0.37796
109.95,178.42,103.62,58.467,35.867,27.847,24.6,26.71,24.584,11.378,14.172,7.9694,3.9585,8.8886,2.5187,3.122,2.4864,5.4338,1.8308,0.67406,2.7014,1.4555,1.5387,1.1014,1.336,1.7764,0.77146,0.22564,0.34222,0.4029,0.26558,0.33397,0.3868,0.22502,0.49076,0.38089,0.38948,0.073842
106.07,173.61,98.638,54.796,31.883,24.852,23.387,25.725,23.125,9.9796,13.338,6.6379,4.2567,7.9284,1.669,2.0574,1.7745,5.721,2.6483,1.4387,3.0647,1.6767,1.6396,1.5098,1.2521,2.1684,1.2894,0.74682,0.53506,1.0106,0.42879,0.64267,0.49332,0.40515,0.28482,0.45908,0.53334,0.36594
107.32,176.03,100.08,52.23,30.505,26.235,23.801,25.043,22.379,9.9028,13.504,6.7616,4.309,7.6774,1.578,1.586,1.83,6.0248,3.233,1.6182,2.7918,1.7218,1.6127,1.4127,1.4993,2.3469,1.0055,0.53283,0.97107,1.2231,0.35134,0.52709,0.461,0.4245,0.45211,0.53109,0.30067,0.16393
105.87,173.13,98.803,54.141,31.512,24.314,22.89,26.161,23.297,9.8126,13.297,6.6247,4.4653,7.8897,1.5359,1.8967,2.0411,5.6576,2.7705,1.4714,3.1941,1.8176,1.685,1.5114,1.3373,2.3231,1.2754,0.71562,0.58689,1.0468,0.51614,0.69627,0.40808,0.40806,0.33739,0.49876,0.57032,0.35872
106.15,172.66,97.984,54.169,31.794,24.638,22.967,25.872,23.29,9.6633,13.649,6.4745,4.5991,7.809,1.5149,1.9707,2.0003,5.6132,2.751,1.4274,3.0413,1.8466,1.6753,1.5418,1.3365,2.2669,1.2803,0.77788,0.60649,1.0299,0.39311,0.74784,0.39788,0.44738,0.31284,0.4565,0.55027,0.39303
109.63,175.96,101.84,57.449,34.446,26.106,23.052,25.492,23.488,10.445,13.347,7.4295,3.3364,8.1037,2.9485,2.9676,3.1215,6.5234,2.8613,1.6473,3.5282,2.1239,2.1038,1.5705,1.8352,2.4988,1.4969,1.1036,1.1587,1.4055,0.90873,1.0748,0.81908,0.71753,0.68147,0.80151,0.92392,0.75371
106.13,171.88,97.232,54.308,31.459,24.046,22.924,25.514,22.279,9.7214,12.984,6.2935,4.1342,7.553,1.4133,1.851,1.7334,5.3287,2.5782,1.2174,2.9141,1.6599,1.5197,1.4251,1.1611,2.1124,1.1336,0.72513,0.60678,0.81475,0.44537,0.63302,0.34844,0.4142,0.30988,0.40131,0.46587,0.36373
106.49,173.44,98.11,51.417,30.675,25.886,22.388,24.003,21.574,10.114,12.902,6.0898,3.9293,7.1855,1.2613,2.0085,2.15,5.5174,2.9238,0.85531,2.6714,2.0164,1.4191,1.1041,1.2081,2.0984,1.1649,0.71128,0.44155,0.60545,0.45445,0.87821,0.42895,0.053828,0.53993,0.6271,0.38111,0.1349
104.17,171.07,97.314,53.118,31.167,23.831,21.961,25.064,22.029,9.5859,12.419,6.0088,3.4997,7.2757,1.6234,1.6778,1.6793,4.784,2.4653,1.1309,2.3784,1.5121,1.334,1.2824,0.84134,1.7236,1.0065,0.68247,0.51858,0.77381,0.32854,0.48423,0.32366,0.3802,0.21597,0.32077,0.32931,0.26689
103.62,170.19,96.054,52.192,31.079,23.91,21.942,24.726,21.564,9.1087,12.216,6.0298,3.5002,7.0403,1.5557,1.7338,1.5886,4.4833,2.5291,1.0629,2.3134,1.3333,1.1606,1.2319,0.67497,1.7181,0.98886,0.63365,0.42376,0.71557,0.37432,0.49429,0.33388,0.33224,0.1691,0.28801,0.37105,0.28349
106,172.64,97.74,53.36,32.141,24.499,21.381,23.942,20.741,8.5359,10.599,5.2523,2.4317,5.6406,2.43,0.92658,2.1398,4.749,3.1271,1.6811,2.4383,1.6277,1.2156,1.4862,0.36409,1.7544,1.1526,0.86733,0.54895,0.77064,0.57745,0.48941,0.38544,0.3817,0.50497,0.37219,0.34528,0.31792
103.55,169.99,95.206,51.707,30.635,23.685,21.701,24.19,21.009,9.115,11.584,6.0125,3.2635,6.8604,1.6584,1.5973,1.6019,4.2635,2.3006,1.069,2.1068,1.2048,1.0744,1.0775,0.52357,1.6964,0.86528,0.59103,0.45722,0.60178,0.36766,0.50717,0.24718,0.34604,0.16723,0.27345,0.34076,0.25458
104.47,172.16,96.813,49.995,29.184,24.788,22.435,23.411,19.763,9.004,12.499,6.3544,2.8257,6.6582,1.5315,1.5946,1.4964,4.3065,2.5027,1.4682,1.7804,0.86527,1.4064,1.5981,0.21667,1.2142,0.90231,0.82901,0.46524,0.56147,0.29843,0.42821,0.29139,0.45116,0.21216,0.054391,0.35791,0.46235
104.03,170.52,95.776,51.545,30.288,23.262,21.402,24.586,21.147,8.8565,11.612,5.9035,3.411,6.9417,1.4388,1.5601,1.6444,4.2958,2.2603,1.1473,2.2744,1.2579,1.0349,1.1011,0.71455,1.6948,0.92432,0.48033,0.34425,0.69161,0.34116,0.44295,0.23931,0.29942,0.17794,0.35772,0.37216,0.18261
105.06,170.42,95.334,51.755,30.483,23.504,21.715,24.235,21.344,8.7337,12.139,5.8235,3.8209,6.9181,1.4662,1.6328,1.7307,4.4495,2.2074,1.061,2.2705,1.2987,1.2958,1.0725,0.92929,1.6352,0.8936,0.5672,0.39866,0.66775,0.33852,0.40331,0.34924,0.23863,0.24223,0.26691,0.33134,0.27689
109.58,174.85,101.01,56.643,34.802,26.901,23.774,26.102,23.517,10.867,13.598,7.3947,4.4452,8.2356,1.8566,2.5872,1.5709,4.1363,1.6803,0.7258,2.0683,1.2365,1.0665,1.3681,0.35791,1.5307,1.0236,0.69771,0.32675,0.68065,0.39202,0.57918,0.46184,0.6033,0.36726,0.53239,0.55856,0.64073
105.48,170.03,95.88,52.49,30.349,23.55,22.258,24.756,21.88,9.3015,12.453,6.0413,3.9729,7.1538,1.4775,1.7879,1.5837,5.1256,2.2824,1.2312,2.7139,1.486,1.4674,1.337,1.1426,1.896,1.1395,0.61621,0.45475,0.85811,0.35999,0.5251,0.39364,0.34378,0.2686,0.35778,0.47594,0.29345
106.28,172.43,98.058,50.202,28.983,25.102,22.774,23.894,21.219,9.3477,12.783,6.2655,3.9499,6.9689,1.4696,1.3388,1.6195,5.4272,2.91,1.55,2.3653,1.4673,1.5458,1.3108,1.2306,2.0806,0.90687,0.41321,0.89852,1.1579,0.31987,0.33696,0.51963,0.48126,0.25841,0.38079,0.32173,0.15204
104.42,169.47,96.935,52.113,30.062,23.24,21.763,24.977,22.15,9.2282,12.395,6.0819,3.9999,7.153,1.4019,1.6276,1.8215,4.9425,2.3799,1.2807,2.7741,1.5916,1.4462,1.2859,1.0559,2.0076,1.1035,0.57925,0.45701,0.83942,0.42747,0.57948,0.33686,0.31398,0.23969,0.40718,0.47652,0.29066
104.22,169.2,96.237,51.69,30.301,23.533,21.64,24.377,21.796,8.8744,12.477,5.8041,3.984,6.9205,1.3025,1.7569,1.6468,4.6136,2.3056,1.1414,2.4505,1.4448,1.2517,1.1931,0.88284,1.7596,1.0359,0.54642,0.45855,0.71032,0.29726,0.51875,0.28142,0.32808,0.19211,0.32849,0.39079,0.2241
107.32,172.87,100.25,54.601,32.985,25.326,21.929,24.276,22.069,9.4306,11.703,6.2541,2.4078,6.6089,2.4965,2.0534,2.5479,5.4319,2.5718,1.5722,3.1893,2.1615,2.1562,1.8913,1.463,2.5048,1.6363,1.1442,0.90663,1.1075,0.69884,0.83484,0.67998,0.71235,0.55137,0.72232,0.77942,0.75153
103.94,169.46,96.99,52.225,30.424,23.668,21.869,24.358,21.776,9.3293,12.092,6.2521,3.5838,6.9911,1.6515,1.5961,1.5893,4.5751,2.3352,1.1295,2.3634,1.3224,1.2071,1.2193,0.70255,1.782,0.97677,0.54519,0.4742,0.64611,0.30464,0.49748,0.27761,0.30821,0.16407,0.29417,0.33112,0.24017
104.7,171.84,99.122,50.395,29.326,25.415,22.572,23.563,21.113,9.6487,12.916,6.427,3.3889,7.1387,1.6407,1.4926,1.5826,5.0802,3.0219,1.6365,1.8573,1.362,1.7102,1.6016,0.57656,1.7732,1.1343,0.63586,0.58423,0.89806,0.30022,0.33786,0.62428,0.67898,0.14436,0.33588,0.62488,0.51669
103.69,170.09,98.151,52.311,30.351,23.637,21.802,25.112,22.421,9.3711,12.472,6.2169,3.7145,7.4902,1.574,1.6986,1.8209,4.8969,2.4697,1.2834,2.6637,1.5521,1.3351,1.2592,0.83401,2.0281,1.1748,0.62525,0.4576,0.8292,0.43769,0.58472,0.34328,0.31849,0.16884,0.39822,0.49871,0.30531
104.21,170.12,97.942,52.53,30.805,24.16,22.185,24.921,22.528,9.2776,12.935,6.2589,4.0177,7.5053,1.4873,1.8738,1.7711,4.9537,2.5603,1.2272,2.6127,1.5604,1.3932,1.3419,0.94869,1.9685,1.2145,0.638,0.55292,0.83823,0.36071,0.60216,0.36089,0.39748,0.23462,0.38392,0.48561,0.31324
108.48,173.49,101.48,55.794,33.646,26.207,23.26,25.525,23.316,10.396,13.073,7.2124,3.3221,8.0231,2.4936,2.8171,2.5762,5.3798,1.7798,0.94003,2.779,1.6227,1.8159,1.1537,1.5663,1.9723,0.96283,0.46856,0.64881,0.68522,0.52397,0.63556,0.67239,0.56828,0.75001,0.74808,0.7358,0.44727
104.96,169.06,96.729,52.572,30.055,23.466,22.294,24.415,21.668,9.1947,12.211,5.9528,3.8007,6.97,1.425,1.7064,1.4814,4.8869,2.0953,1.1592,2.5143,1.3429,1.3341,1.1721,0.99765,1.7114,0.99339,0.57124,0.38751,0.73092,0.32926,0.4116,0.33502,0.28594,0.21516,0.30772,0.35837,0.26098
106.34,171.49,97.934,49.622,28.486,24.602,22.093,23.437,20.856,8.4365,11.335,6.1993,3.3865,6.0474,1.3493,1.1923,1.4467,4.3945,2.014,1.1013,2.4605,1.2361,0.86693,1.1058,1.0082,1.4883,0.77451,0.4168,0.26808,0.69566,0.59625,0.50042,0.080494,0.28662,0.34432,0.26709,0.32123,0.25239
104.78,168.51,96.173,52.083,29.437,22.714,21.751,24.548,21.265,8.7948,11.847,5.7488,4.0403,6.5397,1.2836,1.5379,1.7411,4.6405,2.08,1.1127,2.5272,1.4197,1.3738,1.1582,1.1482,1.7543,0.89195,0.44866,0.40883,0.75967,0.36948,0.45625,0.28771,0.27608,0.28283,0.36281,0.39763,0.21375
104.81,168.36,95.407,52.204,29.657,23.049,21.753,24.266,21.239,8.7046,12.06,5.675,4.054,6.3577,1.2874,1.514,1.5523,4.6126,2.1977,1.0323,2.4512,1.4432,1.4061,1.2316,1.111,1.6855,0.94317,0.51819,0.49457,0.68657,0.34205,0.44222,0.30845,0.29251,0.23951,0.31406,0.35455,0.27722
107.32,170.93,99.081,54.913,31.908,23.952,21.417,23.61,21.448,9.2548,11.793,6.4652,2.6213,6.432,2.6856,2.1805,2.7274,5.7613,2.8246,1.6906,3.1676,2.0244,2.0125,1.7407,1.5376,2.4154,1.6075,1.168,0.95923,1.2493,0.76225,0.91073,0.71824,0.74373,0.5176,0.67798,0.68613,0.6922
104.38,167.96,95.101,52.37,29.814,22.822,22.061,24.465,21.013,9.018,11.972,5.7361,3.8325,6.5587,1.2491,1.4169,1.6673,4.4859,2.2368,1.0191,2.413,1.3824,1.3071,1.1624,0.98486,1.7112,0.95549,0.44826,0.4676,0.70915,0.25165,0.47427,0.30364,0.28598,0.23894,0.2812,0.4105,0.21845
105.36,170.16,95.895,49.973,29.926,24.637,21.043,23.657,21.268,9.7373,11.776,5.3001,4.0638,6.4644,1.2102,1.8508,1.9278,4.3809,1.7048,0.89113,2.8046,1.438,0.96002,0.9878,1.0777,1.6181,0.84947,0.4365,0.44779,0.82704,0.46911,0.19938,0.39745,0.56384,0.20811,0.11471,0.48659,0.43109
103.67,167.97,96.109,51.795,29.738,23.087,21.733,24.513,21.796,9.2778,12.235,5.7479,3.7113,6.6875,1.53,1.5851,1.6095,4.7414,2.2639,1.0395,2.392,1.435,1.3766,1.3118,1.0556,1.7788,0.93363,0.54295,0.45316,0.75456,0.32406,0.45399,0.2944,0.34898,0.25035,0.41233,0.43541,0.23813
103.66,167.9,95.687,51.527,29.839,23.365,21.857,24.366,21.51,8.872,12.173,5.8335,3.8179,6.7476,1.4006,1.5977,1.6715,4.5516,2.2989,1.0831,2.4584,1.3936,1.3154,1.2146,0.94771,1.7711,0.97404,0.55976,0.46017,0.69551,0.33261,0.45041,0.33076,0.29195,0.22955,0.32295,0.38018,0.2755
106.02,169.65,97.785,52.412,30.35,23.003,20.761,23.207,20.559,8.0911,11.239,5.1873,3.6224,6.0719,1.4765,0.92791,1.6579,4.8152,2.8523,1.6269,2.4263,1.4183,0.97251,1.1712,0.63598,1.3753,0.65985,0.25072,0.1443,0.27625,0.20021,0.2601,0.38469,0.3296,0.59083,0.6055,0.64976,0.46978
104.24,168.2,95.387,51.771,30.01,23.048,22.02,24.739,21.461,9.0779,12.247,5.8995,3.8804,6.7362,1.4013,1.4224,1.7496,4.6887,2.2824,1.1353,2.4612,1.3908,1.3401,1.2444,1.0564,1.7403,1.0841,0.52519,0.39237,0.79168,0.32673,0.43705,0.3305,0.29894,0.25247,0.30913,0.36179,0.32746
105.84,170.47,96.319,49.772,30.493,24.822,20.99,24.168,22.122,9.4538,12.174,5.8398,3.9457,6.892,1.563,1.8394,1.7089,4.3744,1.8257,1.2809,2.6927,1.3522,1.3526,1.1231,1.2634,2.0817,0.98437,0.27074,0.8063,1.0291,0.19883,0.38822,0.50115,0.38786,0.1815,0.25475,0.37658,0.43425
104.4,168.37,96.283,52.003,29.573,22.972,21.737,24.463,21.933,9.3845,12.527,5.8431,4.0559,6.6781,1.4085,1.469,1.69,4.9776,2.2452,1.0178,2.4503,1.317,1.3151,1.2588,1.0753,1.8556,1.025,0.60161,0.53111,0.84869,0.41215,0.49323,0.29857,0.21043,0.20399,0.30725,0.38433,0.27449
104.29,168.51,95.874,52.04,29.835,23.428,22.009,24.486,21.737,8.9591,12.351,5.86,4.0097,6.8025,1.3543,1.64,1.679,4.7051,2.3008,1.0597,2.5676,1.4009,1.3645,1.2263,1.0405,1.8661,0.94356,0.59266,0.41961,0.75455,0.30187,0.47844,0.30652,0.28947,0.24927,0.32632,0.38291,0.29495
105.84,169.48,96.925,52.174,29.499,22.362,20.852,23.35,20.347,8.022,11.692,5.2251,4.524,6.7238,0.93515,1.3886,1.2659,4.3332,1.957,0.76458,2.0444,0.96536,1.2093,0.83188,1.4688,1.876,1.0703,0.73191,0.77462,0.9848,0.60929,0.75219,0.595,0.56268,0.33002,0.42018,0.38388,0.37504
104.32,168.47,95.328,52.049,30.023,22.857,21.897,24.602,21.393,8.9996,12.202,5.9075,3.8883,6.6692,1.5502,1.5199,1.6098,4.8526,2.1603,1.2069,2.5834,1.3687,1.3356,1.2529,1.0494,1.8045,0.98413,0.63285,0.49694,0.67636,0.37116,0.51841,0.28077,0.30599,0.2405,0.34264,0.38563,0.26145
105.64,169.73,95.554,50.107,30.848,24.075,20.834,24.555,22.232,9.135,11.901,5.8112,3.9847,7.1497,1.969,1.1593,1.101,4.542,2.4493,1.4499,2.2774,1.376,1.3777,1.2727,0.92214,1.6276,0.87173,0.83049,0.49518,0.47216,0.43578,0.64722,0.2736,0.23812,0.23978,0.43441,0.48622,0.25497
104.59,168.01,95.624,51.701,29.508,22.868,21.692,24.336,21.853,9.4492,12.584,6.0874,4.1209,6.7102,1.3814,1.4022,1.7061,4.8761,2.3534,1.17,2.5746,1.3857,1.2857,1.0851,0.92371,1.7536,1.062,0.65453,0.51337,0.8069,0.39093,0.55373,0.41298,0.35617,0.33193,0.36691,0.34065,0.1815
104.05,168.24,95.792,52.427,29.828,23.362,22.149,24.809,21.834,9.0797,12.397,5.9879,4.0375,6.8505,1.3799,1.5834,1.5909,4.9521,2.3573,1.0587,2.6492,1.4347,1.4881,1.2275,1.1803,1.8381,1.0222,0.61477,0.46281,0.81249,0.28559,0.53364,0.28563,0.3325,0.21973,0.37751,0.37636,0.29316
105.27,168.56,96.855,53.524,30.193,22.517,21.017,23.747,20.898,8.7027,12.598,6.1223,4.3328,6.8641,1.2596,1.3393,1.3009,4.5438,1.7779,0.75943,2.613,1.6027,1.6084,1.2183,1.3249,1.8599,1.1657,0.89555,0.85197,1.073,0.49824,0.49253,0.27568,0.28669,0.24575,0.30678,0.25826,0.19943
104.77,168.52,95.213,53.118,30.422,23.255,22.349,25.12,22.105,9.3641,12.579,5.9821,4.2916,6.9403,1.505,1.6033,1.7958,5.2218,2.2459,1.2036,2.7131,1.4168,1.6147,1.3024,1.3996,1.8818,1.0236,0.64997,0.62052,0.7362,0.34407,0.54319,0.36564,0.24969,0.29201,0.32551,0.50646,0.29176
106.4,169.32,95.115,51.908,31.457,23.357,21.681,25.332,22.706,9.3602,12.327,5.9479,4.5485,7.1844,1.7861,1.1837,1.6715,5.4604,2.5453,1.2296,2.5569,1.5759,1.7771,1.4095,1.3267,2.0428,1.2316,0.60646,0.41071,0.88872,0.50651,0.47969,0.24337,0.36679,0.36506,0.28969,0.39263,0.39871
105.41,168.19,96.348,53.311,29.702,22.714,21.914,24.098,21.522,8.9129,12.264,6.2213,3.8733,6.9038,1.8551,1.7732,1.9576,5.0745,1.9474,0.82391,2.4019,1.2964,1.298,1.2151,1.0445,1.7565,1.0007,0.64048,0.48397,0.93404,0.50268,0.6604,0.49426,0.453,0.37605,0.48083,0.56938,0.45704
103.94,167.46,96.15,53.327,30.068,23.424,22.285,24.898,22.045,9.4716,12.457,6.3241,4.0189,6.9869,1.6095,1.51,1.7319,5.062,2.3654,1.1679,2.6519,1.593,1.4737,1.3641,1.1497,1.9455,1.0611,0.65517,0.49542,0.84426,0.36437,0.52366,0.34477,0.33471,0.24658,0.38838,0.42373,0.34107
103.81,167.4,96.534,53.082,29.936,22.49,21.7,24.675,22.053,9.9286,13.253,6.6381,3.4513,6.5003,1.4199,1.3003,1.5543,4.9403,2.363,1.3212,2.6549,1.2993,1.0929,0.88468,1.5195,2.2492,1.3964,0.83142,0.40385,0.66568,0.31024,0.5559,0.3935,0.28155,0.2286,0.40595,0.61797,0.53281
103.24,167.51,95.404,52.126,30.431,23.38,22.064,24.524,22.091,9.2361,12.35,6.0574,3.8801,7.0507,1.3817,1.4249,1.8166,4.821,2.4499,1.2869,2.6295,1.4469,1.41,1.3233,1.0828,1.9066,1.02,0.66615,0.58057,0.77222,0.28027,0.56176,0.42939,0.29132,0.21689,0.37537,0.45253,0.34252
104.77,167.99,94.739,52.061,31.105,22.425,22.019,25.486,21.763,8.4925,12.667,6.3904,3.6434,6.7352,1.3947,1.7257,1.7372,4.7403,2.1027,1.173,2.721,1.349,1.4111,1.4031,0.87579,1.6809,1.1417,0.75278,0.30859,0.75662,0.48167,0.48178,0.24532,0.3542,0.28133,0.23967,0.44352,0.4409
106.12,168.82,96.008,52.722,29.55,22.661,22.065,24.244,20.642,8.1479,11.487,5.1584,3.7349,6.0529,1.8131,1.4855,2.2726,5.6318,2.4979,1.3071,2.9141,1.6967,1.7663,1.1264,1.6001,1.8482,0.89846,0.43882,0.56727,0.5562,0.27757,0.25107,0.23551,0.097137,0.37131,0.24093,0.22417,0.062724
104.3,167.18,95.333,52.523,29.678,23.144,22.074,24.804,21.5,9.2227,12.235,6.0082,4.0744,6.7984,1.4462,1.5199,1.7158,4.9929,2.2876,1.1019,2.6772,1.4872,1.4982,1.2484,1.2061,1.8996,1.0232,0.61603,0.52755,0.81342,0.36805,0.48155,0.35863,0.30187,0.29078,0.39561,0.44454,0.35774
104.59,167.99,96.549,53.618,29.293,21.098,21.544,25.331,22.448,9.8762,11.923,5.3653,4.2877,6.7972,1.6237,1.7104,1.8912,4.9231,2.1258,0.67548,2.5022,1.6444,1.6283,1.208,1.2645,1.8864,1.2616,0.85231,0.38147,0.51484,0.26748,0.56214,0.48731,0.32793,0.24643,0.44853,0.66635,0.56247
104.02,167.43,94.291,51.607,29.613,23.064,22.084,24.086,20.917,8.8622,12.039,5.7963,4.0704,6.23,1.5511,1.4325,1.5623,4.8557,2.0803,1.0263,2.4864,1.3538,1.4519,1.1857,1.2211,1.6486,0.96048,0.55467,0.49562,0.77991,0.27873,0.38591,0.35731,0.31676,0.30953,0.30871,0.41212,0.30437
105.08,166.48,93.282,52.171,30.045,21.833,22.129,24.554,20.697,8.4613,12.406,5.9316,4.0094,6.7847,1.8798,1.0372,1.3565,4.8459,2.249,1.0709,2.405,1.4403,1.5076,1.0522,1.314,1.9051,0.8504,0.46441,0.59578,0.76652,0.20335,0.53157,0.39572,0.13565,0.42459,0.42858,0.29784,0.30811
108.02,170.09,96.601,54.028,30.904,24.21,23.699,25.598,21.202,9.1193,12.373,5.5645,5.1396,6.4938,0.34272,1.0302,0.66637,4.0449,2.4168,1.4023,2.3128,1.2973,0.98285,1.1694,0.54337,1.3358,0.81845,0.57582,0.21317,0.5554,0.26408,0.27879,0.16489,0.25227,0.26393,0.12292,0.09139,0.20608
103.41,165.45,93.991,51.965,29.009,22.622,21.745,24.02,20.904,8.767,11.907,5.6804,3.8526,6.3526,1.4145,1.4832,1.5086,4.7975,2.0282,1.1064,2.4122,1.4473,1.3945,1.1344,1.1074,1.7064,0.91784,0.60228,0.42583,0.79251,0.32039,0.4255,0.34665,0.24508,0.2583,0.37327,0.40585,0.33324
102.87,166.59,96.577,52.732,27.86,20.646,22.235,25.171,21.847,8.7189,11.439,5.8549,3.7857,6.1854,1.4156,1.1035,1.3934,4.7802,2.3313,1.306,2.2849,1.1999,1.5721,1.4419,0.79509,1.4813,0.87692,0.71937,0.50068,0.61914,0.24603,0.58214,0.49482,0.33727,0.22286,0.43986,0.5805,0.40376
102.11,165.27,93.658,50.677,28.702,22.617,22.125,23.969,20.833,8.8181,11.82,5.7865,3.9565,6.3348,1.3527,1.4351,1.6414,4.6087,2.1169,1.0538,2.517,1.4614,1.3931,1.0332,0.96486,1.8105,1.0064,0.50378,0.40821,0.74605,0.30513,0.45717,0.36782,0.29446,0.27368,0.27938,0.42893,0.35245
102.7,163.84,92.696,51.35,28.709,21.877,21.726,23.473,20.625,8.8232,11.61,5.4617,3.9829,6.2551,1.2798,1.4343,1.7716,4.5995,1.8535,1.0583,2.4821,1.1594,1.4732,1.2138,1.0168,1.7856,0.98816,0.41508,0.56188,0.74892,0.21659,0.52684,0.30971,0.18242,0.32907,0.29352,0.36723,0.37256
106.64,167.89,96.932,54.532,32.168,25.418,24.606,26.286,22.424,10.171,12.888,6.5493,4.2015,7.0558,1.9238,2.237,2.0299,4.5434,1.5159,0.66691,2.3784,1.3985,1.5699,1.2704,1.3573,2.1896,1.4463,1.1032,1.0281,1.2675,0.82237,0.8834,0.67293,0.6001,0.31421,0.42088,0.41919,0.49251
101.63,162.38,92.414,50.146,28.189,21.953,21.149,23.137,20.268,8.3125,11.264,5.4236,3.4102,6.1256,1.2721,1.4086,1.3377,4.327,1.9348,1.025,2.2491,1.2379,1.1939,1.0166,0.79549,1.5909,0.83887,0.51575,0.41903,0.60529,0.31461,0.39069,0.25734,0.29495,0.20252,0.30388,0.37404,0.23107
101.66,164.43,94.9,50.621,26.789,20.292,22.207,24.598,20.75,8.0707,10.75,5.3397,3.5025,5.8487,0.98566,1.561,1.7438,4.7308,2.4855,1.2553,1.884,1.0924,1.3335,1.1445,0.78566,1.5919,1.0709,0.7166,0.16049,0.40228,0.46046,0.68371,0.41208,0.17838,0.27458,0.40255,0.3361,0.14219
101.04,163.04,92.24,49.163,28.002,21.87,21.525,23.328,19.659,8.337,11.178,5.3622,3.4296,6.0831,1.1762,1.1715,1.5777,4.2257,1.8843,1.0347,2.2947,1.2619,1.1256,1.0256,0.8444,1.4904,0.85045,0.57566,0.45292,0.58431,0.21783,0.41491,0.32161,0.25198,0.18732,0.32313,0.3603,0.19936
102.22,163.08,92.127,50.345,28.489,21.737,21.373,23.114,20.112,8.4377,11.093,5.5688,3.5132,6.0515,1.3429,1.3097,1.5099,4.2549,1.8855,1.0462,2.1629,1.2874,1.2064,0.98416,0.90218,1.5669,0.83881,0.48291,0.42913,0.56422,0.34963,0.38769,0.26574,0.30267,0.17819,0.32957,0.36178,0.24364
107.92,169.27,97.81,55.687,33.14,25.728,24.373,25.728,21.595,9.4711,11.685,5.6549,3.2036,5.555,1.765,1.3462,1.8839,4.6885,2.1238,1.0467,2.1804,1.1371,0.92865,0.92026,0.65605,1.2495,0.69037,0.41219,0.4195,0.73421,0.4901,0.64682,0.60623,0.54444,0.5103,0.54168,0.51832,0.31987
102.56,163.17,92.186,50.839,28.169,21.776,21.409,23.134,20.1,8.3659,11.133,5.4849,3.7388,5.9186,1.3228,1.2665,1.5278,4.3881,1.9445,0.98765,2.2547,1.3097,1.3125,0.98446,0.98149,1.59,0.83826,0.54177,0.45126,0.64717,0.3228,0.41225,0.25625,0.29321,0.27354,0.30003,0.42473,0.26409
103.22,166.13,94.776,50.038,26.115,21.262,22.415,23.621,19.754,8.3413,10.927,4.9247,4.1483,6.396,1.8219,1.6344,1.6482,4.2604,1.8381,0.98043,2.1211,1.0171,1.5233,1.4002,0.70833,1.269,0.70381,0.55055,0.41745,0.7017,0.48764,0.56688,0.10344,0.1787,0.52053,0.49417,0.34053,0.23053
101.7,163.26,92.139,50.17,27.686,21.212,21.21,23.291,19.587,8.2653,11.086,5.3364,3.6413,5.6676,1.4402,1.3007,1.364,4.3796,1.8151,0.86956,2.2833,1.3364,1.2687,0.89413,0.88877,1.568,0.87767,0.45653,0.37335,0.70662,0.31866,0.35418,0.21575,0.27178,0.27874,0.35445,0.36693,0.26786
101.96,162.62,91.138,50.486,28.082,21.408,21.014,22.824,20.075,8.0679,11.171,5.3871,3.6996,5.8104,1.3258,1.2391,1.4179,4.3113,1.9082,0.84578,2.3131,1.1605,1.2489,1.0011,0.94526,1.5183,0.83039,0.46097,0.43203,0.62873,0.29022,0.39758,0.26961,0.23926,0.23263,0.29174,0.40393,0.24897
106.53,167.84,96.976,55.135,32.601,24.908,23.201,24.758,21.803,9.8754,12.236,6.3043,4.3393,6.5936,1.1797,1.6121,0.94463,3.683,1.8208,1.0624,2.3202,1.5459,1.4363,1.5625,0.67943,1.8388,1.2573,0.88063,0.59535,0.90328,0.54432,0.71787,0.65929,0.66673,0.60753,0.72291,0.73138,0.58278
101.53,162.38,91.506,50.675,28.115,21.462,21.212,23.125,20.234,8.4739,11.139,5.4705,3.4857,5.8808,1.4202,1.36,1.3046,4.3665,1.8553,1.0008,2.2745,1.234,1.1777,1.0694,0.88597,1.5001,0.91411,0.48603,0.34922,0.70417,0.25808,0.38823,0.29567,0.24803,0.19769,0.2945,0.3896,0.21563
102.45,164.99,93.59,48.451,26.966,23.062,21.882,22.889,19.849,8.5172,11.515,5.6531,3.7147,5.8831,1.4653,0.9207,1.3288,4.6704,2.3271,1.2606,2.2263,1.2804,1.1149,0.87329,1.1993,1.8873,0.7933,0.21723,0.72731,0.96694,0.32827,0.32623,0.24,0.18793,0.41895,0.51582,0.27404,0.036807
100.76,162.38,92.521,50.294,28.129,21.454,21.051,23.971,20.752,8.4565,11.393,5.6097,3.7205,6.0196,1.3497,1.3237,1.5402,4.3308,2.0276,1.0959,2.4359,1.323,1.2244,1.0844,0.93029,1.6508,0.85987,0.5125,0.43269,0.76657,0.33184,0.39169,0.2521,0.27465,0.25115,0.34494,0.35547,0.24515
100.93,162.22,91.955,50.29,28.442,21.8,21.076,23.597,20.83,8.3316,11.713,5.4853,3.8104,6.075,1.3295,1.3543,1.5694,4.3494,1.9645,1.0605,2.3214,1.3745,1.2553,1.0729,0.94155,1.654,0.90479,0.57545,0.41751,0.75976,0.25075,0.47086,0.27845,0.26574,0.24303,0.31691,0.40737,0.28066
104.37,165.47,96.169,53.382,31.104,23.218,21.266,23.504,21.484,9.3973,11.943,6.7195,2.8431,6.6592,2.7384,2.4116,2.59,5.229,2.0572,1.099,2.6273,1.4941,1.5918,1.0332,1.5276,1.9484,1.1546,0.82043,0.85024,0.96823,0.58654,0.65559,0.60685,0.55561,0.68927,0.77792,0.82464,0.63882
100.97,162.09,92.109,50.44,28.362,21.433,21.157,23.38,20.411,8.5819,11.407,5.5393,3.476,6.0642,1.2758,1.2554,1.4271,4.2194,2.0227,0.92652,2.2903,1.3143,1.187,1.0595,0.77895,1.6518,0.84889,0.52723,0.47351,0.63643,0.28219,0.45222,0.26528,0.26397,0.19496,0.31963,0.37364,0.21188
101.79,164.08,93.272,47.752,28.092,23.387,20.528,22.332,20.388,9.0124,11.459,5.5279,3.3142,5.6954,0.97205,1.8004,2.0095,4.4784,2.026,0.54367,2.5043,1.5686,1.0934,0.99273,0.81287,1.6237,1.1365,0.75106,0.080208,0.66957,0.62182,0.58375,0.049836,0.27674,0.29489,0.33614,0.36415,0.20011
100.28,161.75,92.766,49.578,28.233,21.572,20.747,23.363,20.849,8.6757,11.4,5.4018,3.2859,6.0885,1.4955,1.3157,1.4099,4.25,2.0293,1.0072,2.2204,1.3786,1.2601,1.1323,0.83373,1.5497,0.86068,0.56855,0.42871,0.71334,0.2977,0.42512,0.30438,0.33557,0.25469,0.37083,0.33965,0.20136
100.31,161.76,92.236,49.42,28.211,21.592,20.892,23.251,20.437,8.264,11.344,5.4466,3.5147,5.9543,1.2848,1.3363,1.3948,4.1279,1.9805,0.98107,2.2519,1.2684,1.1568,1.06,0.79855,1.5603,0.86372,0.52395,0.38104,0.64129,0.28825,0.39451,0.28836,0.25071,0.21143,0.30306,0.35174,0.23882
102.94,163.28,94.051,50.842,29.36,21.79,20.082,22.394,19.914,8.162,10.678,5.5286,2.5511,5.4408,2.0953,1.4639,2.1032,4.9212,2.6223,1.6712,2.816,1.8827,1.6692,1.5878,0.85924,1.9332,1.3438,0.98969,0.70878,0.95046,0.58319,0.63635,0.45187,0.46715,0.21181,0.24321,0.21035,0.31487
101.42,161.74,90.669,49.43,28.019,21.072,20.798,23.494,20.037,8.3056,11.082,5.481,3.682,5.7244,1.3764,1.1931,1.4571,4.2994,1.8202,0.94344,2.3258,1.2338,1.1446,1.104,0.97917,1.5278,0.86542,0.51093,0.46945,0.62564,0.25922,0.4707,0.27637,0.21698,0.24452,0.30947,0.39033,0.226
103.15,163.52,90.75,47.007,28.414,22.288,19.951,23.067,20.064,8.4509,11.481,5.5285,3.5345,6.0789,1.7577,1.3282,1.3584,4.2089,1.8662,0.69269,2.4715,1.66,0.92646,0.71249,1.1887,1.748,0.86925,0.41493,0.39091,0.87123,0.50864,0.28311,0.31536,0.44437,0.20997,0.24043,0.31921,0.23801
101.92,161.24,90.615,48.905,27.093,20.58,20.101,22.923,20.278,8.805,11.418,5.6171,3.7612,5.8315,1.246,1.0904,1.2461,4.3242,2.0979,1.142,2.4333,1.3376,1.307,1.0157,1.0621,1.5414,0.71603,0.3403,0.25459,0.65071,0.29147,0.4602,0.30878,0.30045,0.24363,0.39463,0.50429,0.39077
100.92,161,90.327,49.392,27.547,21.284,20.596,23.541,20.288,8.3808,11.195,5.4261,3.6707,5.7697,1.3125,1.3035,1.3576,4.3664,1.9433,0.87077,2.3549,1.264,1.3143,1.074,1.042,1.6557,0.83908,0.56911,0.39637,0.76023,0.25876,0.44215,0.27626,0.23975,0.25427,0.30444,0.42193,0.24986
101.92,161.61,91.853,50.553,27.872,20.139,18.983,22.487,19.437,8.3985,11.385,5.4967,3.4952,5.3966,0.79692,1.2,1.1322,4.0829,1.6016,0.92898,2.2736,1.0957,1.0207,0.71427,1.4695,1.9461,1.2237,0.74279,0.4691,0.72932,0.49497,0.7198,0.59311,0.51156,0.10044,0.083627,0.29621,0.271
101.44,161.72,89.875,49.632,27.966,21.339,20.687,23.87,20.359,8.772,11.429,5.3255,3.5968,5.9988,1.4079,1.2265,1.5262,4.6169,1.7471,1.0613,2.4987,1.2546,1.3265,1.1346,1.1603,1.7571,0.88316,0.47191,0.52959,0.78008,0.27663,0.42013,0.30892,0.26883,0.35281,0.29286,0.37342,0.35813
103.49,162.85,89.907,49.396,29.13,21.308,20.148,24.589,21.199,8.5819,11.2,5.662,3.8345,6.0331,1.5695,1.0537,1.5886,4.9871,2.2351,0.85372,2.2924,1.5171,1.4733,1.0918,1.287,1.9811,1.1193,0.33708,0.60256,0.93089,0.33186,0.32061,0.36634,0.41277,0.16456,0.2421,0.57379,0.41107
104.62,163.97,92.385,51.779,28.311,22.093,21.718,24.622,20.295,8.3766,11.407,4.9064,4.4791,5.4272,0.87925,0.289,1.4477,4.9502,2.639,1.6584,2.9943,1.9772,1.9387,1.7569,1.3895,2.2729,1.487,1.0426,0.91754,1.2503,0.78504,0.90146,0.74942,0.66577,0.61068,0.6937,0.79665,0.68072
101.57,161.33,90.951,50.702,27.55,21.582,20.633,24.045,20.486,8.8532,11.43,5.776,3.684,6.0216,1.611,1.2356,1.5446,4.5172,1.9654,0.87025,2.3121,1.3706,1.3562,1.1807,1.206,1.6623,0.97535,0.49041,0.50699,0.7165,0.30977,0.44404,0.27911,0.27051,0.31275,0.281,0.45418,0.25684
101.27,161.64,92.525,51.298,26.362,19.327,20.912,24.929,21.622,8.8622,10.858,5.372,3.9097,6.1939,1.8865,0.80707,1.1033,4.2705,1.6656,1.0019,2.4194,1.1131,1.239,1.1176,1.3477,1.9056,0.89417,0.36031,0.55699,0.88812,0.2469,0.20654,0.38653,0.43629,0.38465,0.2857,0.34825,0.32621
100.43,160.2,89.628,49.028,27.227,21.356,20.926,23.265,20.032,8.3709,11.144,5.6326,3.8449,5.6323,1.4978,1.2636,1.4598,4.3608,1.7508,1.0046,2.3678,1.2022,1.1794,1.0501,1.0425,1.6271,0.91747,0.46979,0.35754,0.70759,0.36432,0.4316,0.26741,0.21226,0.24387,0.27288,0.42676,0.31259
101.7,160.04,89.18,50.052,27.578,20.447,21.028,23.26,19.678,8.4877,11.389,5.2059,3.9335,6.1021,1.6296,0.9162,1.5167,4.6003,1.9371,0.7093,2.3614,1.3173,1.1494,1.0205,0.91863,1.4063,0.88031,0.63535,0.29739,0.63578,0.41893,0.33914,0.27141,0.34228,0.10569,0.28079,0.46181,0.24381
106.22,165.52,94.202,53.608,30.738,24.272,23.832,25.686,21.723,9.8811,12.487,6.4829,4.3306,6.8727,1.8573,1.9591,1.6106,4.1671,1.408,0.62597,2.3063,1.3881,1.6595,1.1728,1.6041,2.0315,1.1975,0.83661,0.85817,1.053,0.66533,0.81265,0.68203,0.6814,0.54109,0.65578,0.66317,0.57951
101.3,160.56,90.649,50.283,27.462,21.527,20.969,23.183,20.448,8.4207,11.279,5.5597,3.5656,6.0486,1.3313,1.2834,1.4118,4.4998,1.9017,1.0072,2.4043,1.3341,1.3005,1.1443,1.0065,1.7306,0.95274,0.50225,0.48527,0.74157,0.28379,0.48192,0.29216,0.25373,0.29153,0.30766,0.39629,0.29585
101.76,164.73,94.733,51.235,26.424,20.499,22.233,24.577,20.947,8.7312,11.797,6.0311,3.2841,5.7491,1.1415,1.6437,1.8464,4.8378,2.0647,0.87873,2.6841,1.7283,1.2568,0.93431,1.2734,2.0149,1.0593,0.46618,0.61668,1.0019,0.34717,0.26984,0.39268,0.44011,0.2251,0.28112,0.53178,0.45084
100.85,163.15,91.971,50.36,27.976,21.855,21.693,24.187,20.96,8.9434,11.773,5.6861,3.6989,6.4257,1.434,1.1932,1.6124,4.8343,2.0826,1.0807,2.5459,1.4036,1.4521,1.2747,1.1891,1.8762,1.0443,0.59013,0.47967,0.82493,0.4023,0.55232,0.33853,0.2507,0.28891,0.37783,0.44714,0.33243
101.33,161.92,91.291,50.984,28.356,21.71,21.482,23.666,21.158,8.7729,11.693,5.8842,3.8006,6.3064,1.4995,1.35,1.6095,4.5923,2.0294,1.1318,2.4818,1.4334,1.3985,1.1861,1.1011,1.9028,0.87385,0.65394,0.41122,0.79416,0.3715,0.45151,0.31251,0.30386,0.23116,0.3687,0.47009,0.23134
106.37,167.69,96.757,55.209,32.898,25.625,24.351,26.173,22.947,10.301,12.494,6.2215,3.6598,5.9644,1.5483,0.85271,1.6984,4.9262,2.6441,1.5431,2.7339,1.5907,1.3828,1.0804,1.0642,1.6641,0.76616,0.38988,0.50899,0.69239,0.32887,0.45937,0.32888,0.35251,0.19725,0.35709,0.40339,0.44418
100.55,161.37,91.101,50.019,28.047,21.737,21.394,23.505,21.129,8.7229,11.517,5.8599,3.5742,6.2117,1.5296,1.2386,1.5014,4.4955,2.1711,1.0675,2.4017,1.4814,1.3051,1.162,0.85297,1.8114,0.96413,0.63179,0.44151,0.77704,0.3781,0.45182,0.29325,0.32923,0.24213,0.33587,0.44286,0.26829
101.03,163.85,93.655,48.886,26.028,21.634,22.7,24.033,20.45,8.2766,11.377,5.3821,4.0809,6.7159,2.0334,1.4264,1.4603,4.0624,1.6483,0.87269,2.584,1.4814,1.465,1.3651,0.61593,1.4422,1.0136,0.93012,0.58281,0.58433,0.21257,0.49216,0.30631,0.33451,0.34543,0.31986,0.13971,0.27463
99.676,161.5,91.273,49.206,27.64,21.265,21.325,23.947,20.531,8.4909,11.46,5.6643,3.674,5.9591,1.5559,1.352,1.3379,4.5137,2.0238,0.98305,2.3737,1.4641,1.3732,1.038,0.84765,1.7748,1.0333,0.5477,0.41304,0.75534,0.37373,0.4732,0.25185,0.24744,0.22906,0.39882,0.42806,0.22583
100.4,161.39,90.391,49.534,27.998,21.373,21.205,23.497,20.973,8.3548,11.564,5.6827,3.7314,6.1353,1.4292,1.2566,1.4374,4.5643,2.0164,0.9719,2.4909,1.3322,1.3904,1.1394,0.99951,1.7991,0.95458,0.51483,0.50259,0.73622,0.36,0.4424,0.2974,0.26789,0.2611,0.32844,0.43798,0.25344
105.87,166.64,95.779,54.338,32.104,24.554,23.283,25.411,22.367,10.163,12.703,6.6109,4.6239,6.9134,1.3271,1.5254,1.0414,4.1645,2.1187,1.3997,2.6835,1.806,1.5945,1.6428,0.81733,2.0269,1.2873,0.90336,0.85629,1.2247,0.80625,0.9184,0.7303,0.63469,0.54751,0.60806,0.6804,0.51355
101.2,161.54,89.867,50.188,27.632,20.983,21.119,23.256,19.981,8.4361,11.149,5.2414,3.4397,5.853,1.3159,1.2412,1.3902,4.3021,1.8031,0.92302,2.2264,1.3052,1.2783,1.0044,0.98934,1.6232,0.83976,0.46131,0.48668,0.68559,0.26387,0.43569,0.27098,0.20124,0.23279,0.32112,0.36177,0.2299
102.38,164.3,91.805,47.32,26.708,22.534,21.224,22.634,19.709,8.0466,10.83,5.886,3.2498,5.1712,1.0234,1.1859,1.4835,4.3631,1.7863,1.1218,2.4661,1.041,1.1316,1.1993,0.9366,1.5458,0.77628,0.36856,0.4822,0.95438,0.54986,0.32474,0.28628,0.4221,0.31489,0.26538,0.31806,0.13139
100.47,161.31,90.8,49.521,27.449,20.825,20.721,23.244,20.225,8.4785,10.783,5.3643,3.3889,5.7197,1.4182,1.126,1.5276,4.2026,1.7096,1.0056,2.2982,1.3683,1.2813,1.0585,0.88526,1.6647,0.8802,0.42546,0.34401,0.6704,0.32095,0.46199,0.28874,0.23223,0.21671,0.33057,0.4122,0.23852
100.18,160.96,90.398,49.604,27.765,21.241,20.862,23.074,20.127,8.3377,11.011,5.3942,3.5138,5.7181,1.3753,1.2249,1.4045,4.1698,1.8962,0.95306,2.2814,1.2845,1.2435,1.075,0.88852,1.6211,0.89432,0.48328,0.44872,0.69947,0.32005,0.40973,0.27239,0.25073,0.22694,0.31245,0.35289,0.24995
102.37,163,93.406,51.164,29.113,21.46,20.146,22.014,19.68,8.1753,10.261,5.4269,2.3447,5.1191,2.2366,1.3806,2.1364,5.001,2.652,1.7362,2.8886,1.9164,1.6829,1.6365,0.78406,2.0012,1.3308,0.95128,0.66826,0.96203,0.56325,0.62996,0.4065,0.46095,0.20856,0.21291,0.15112,0.29124
99.865,160.48,90.199,49.35,27.854,20.866,21.001,23.107,19.857,8.4511,10.872,5.4307,3.411,5.6669,1.3704,1.0549,1.4455,4.0545,1.8898,0.99153,2.1995,1.2366,1.1014,1.0907,0.8417,1.5013,0.93756,0.44124,0.33758,0.71104,0.28368,0.39927,0.22717,0.2572,0.24236,0.26087,0.28852,0.28361
100.91,161.88,90.266,46.699,28.134,22.344,19.69,22.451,20.358,8.7371,10.695,5.2043,3.3951,5.8028,1.5038,1.4284,1.3583,3.6283,1.4098,1.145,2.3269,1.1048,1.0836,0.94028,0.88168,1.7341,0.76821,0.22919,0.70034,0.9064,0.16627,0.34095,0.46211,0.34787,0.11674,0.24438,0.35126,0.35083
99.342,158.92,89.899,48.172,27.182,20.716,20.393,22.524,20.12,8.5933,10.951,5.2306,3.3212,5.5261,1.4682,1.1879,1.3742,4.0621,1.8392,0.9064,2.045,1.1199,0.99891,1.082,0.65303,1.6615,0.89213,0.48741,0.39868,0.65485,0.29066,0.37832,0.19901,0.16806,0.096538,0.23817,0.3309,0.29521
98.639,158.49,88.781,48.101,27.045,20.825,20.373,22.322,19.606,8.0233,10.656,5.2048,3.3389,5.6574,1.2594,1.2497,1.2837,3.9353,1.895,0.90368,2.1722,1.2032,1.1135,1.0022,0.73198,1.5695,0.77732,0.49447,0.34244,0.64999,0.2635,0.38937,0.24156,0.23491,0.19166,0.26715,0.32895,0.22876
100.79,159.83,89.783,48.779,27.385,20.291,19.36,21.371,18.424,7.0733,10.096,4.6001,3.8098,5.5542,1.0522,0.82614,1.0459,3.826,1.8231,0.86664,1.684,0.75905,0.85768,0.59867,0.97782,1.3018,0.5309,0.26795,0.55859,0.70194,0.54954,0.63497,0.53341,0.45751,0.35246,0.43851,0.50003,0.445
100.2,160.25,88.265,49.062,27.662,20.737,20.396,22.795,19.729,8.2969,10.666,5.4206,3.629,5.6365,1.509,1.2388,1.3493,4.2395,1.8239,0.89991,2.1192,1.284,1.3012,0.94181,0.90666,1.5444,0.86136,0.4515,0.36556,0.68195,0.33836,0.32455,0.23598,0.23055,0.22762,0.27227,0.28609,0.24113
103.03,163.25,89.3,48.482,28.968,21.938,20.099,23.362,20.458,8.9439,11.234,5.2932,4.0041,6.4919,1.9725,1.0583,1.287,4.375,1.8093,1.1155,2.5015,1.2648,1.3409,1.1934,1.1004,1.639,0.81273,0.56738,0.65619,0.75146,0.20112,0.44047,0.45494,0.29984,0.17759,0.3579,0.53321,0.34662
103.67,164.06,90.905,51.264,27.944,21.293,20.735,23.515,20.117,8.2181,11.157,5.3643,3.423,5.8411,2.1241,1.5934,2.1239,5.4088,1.9951,0.93712,2.6183,1.4176,1.5934,0.84854,1.4746,1.6484,0.76642,0.25507,0.37961,0.48412,0.048411,0.25714,0.097638,0.18336,0.084424,0.1308,0.26658,0.35029
102.46,163.87,91.281,52.152,28.728,22.428,21.412,24.717,21.43,9.2876,12.123,6.1278,4.0109,6.5293,1.749,1.3135,1.6439,5.3189,2.0622,1.0436,2.7329,1.5365,1.6731,1.2602,1.4107,2.0425,1.1683,0.6006,0.66029,0.89223,0.46465,0.50338,0.41918,0.28657,0.3846,0.38736,0.49548,0.38308
102.67,164.55,93.236,53.239,28.318,20.177,20.886,25.379,22.533,10.091,12.1,5.897,4.3392,7.1919,2.3816,1.8912,2.1948,5.483,2.2437,0.96677,2.7866,1.779,1.625,1.234,1.2844,1.9069,1.2431,0.73553,0.47633,0.72733,0.57025,0.80755,0.64615,0.44809,0.17252,0.33419,0.59511,0.44938
101.6,163.71,90.696,51.19,29.243,22.511,21.694,24.457,21.53,9.2537,12.354,6.192,3.9067,6.5192,1.8388,1.3126,1.6231,5.1896,2.1708,1.0211,2.6141,1.5531,1.6892,1.263,1.3241,2.0513,1.0954,0.65385,0.67508,0.87308,0.32988,0.55826,0.40295,0.30988,0.37735,0.37526,0.43623,0.3931
102.76,163.18,89.724,51.586,29.658,21.211,21.454,24.749,21.103,8.5329,12.51,6.2369,3.7988,6.6748,1.9595,1.1243,1.2974,4.9337,2.0088,1.1523,2.502,1.3121,1.7556,1.2479,1.3311,2.0424,1.1313,0.41463,0.63486,0.95301,0.25553,0.40631,0.47612,0.28721,0.32533,0.43943,0.4586,0.18761
106.82,167.8,94.264,54.538,31.59,24.609,24.099,26.365,22.571,10.431,13.31,6.8973,5.0599,7.3594,1.647,1.774,1.474,4.5832,1.4018,0.43585,2.2248,1.1232,1.4987,0.86439,1.6937,1.9423,1.1341,0.7882,0.98724,1.0673,0.78323,0.78663,0.73537,0.61889,0.69701,0.74093,0.8479,0.70094
101.81,162,89.907,50.944,28.181,21.84,21.196,23.652,20.806,8.741,11.587,5.78,3.7228,6.3104,1.4786,1.3234,1.5085,4.8541,1.8876,0.984,2.5423,1.3681,1.4389,1.173,1.2071,1.8318,1.0028,0.51076,0.5433,0.79216,0.31416,0.50134,0.30573,0.25248,0.31589,0.30261,0.40534,0.3074
102.15,164.78,93.076,51.238,26.483,20.34,21.889,24.091,20.412,8.5959,11.648,6.0342,3.2395,5.7684,1.379,1.5273,1.7753,4.8163,1.7888,0.68009,2.6096,1.5861,1.2932,0.965,1.4024,1.9268,0.92034,0.34976,0.67352,0.93187,0.26655,0.32164,0.44846,0.38556,0.12215,0.23984,0.54054,0.39734
100.87,162.34,89.835,49.849,27.627,21.321,21.15,23.267,19.963,8.6639,11.042,5.4715,3.4834,6.0101,1.489,1.1561,1.4651,4.5727,1.8414,0.8648,2.2638,1.2855,1.411,1.0574,1.1213,1.718,0.97673,0.44389,0.41869,0.75804,0.36389,0.39922,0.29503,0.25849,0.30588,0.22763,0.35404,0.29
101.04,160.72,88.752,50.096,27.669,20.83,20.821,22.391,19.522,8.3041,10.711,5.3699,3.4893,5.6522,1.3285,1.2897,1.4961,4.0651,1.5754,0.95111,2.1247,1.1091,1.3035,0.96147,1.0851,1.6033,0.67402,0.5161,0.37547,0.58325,0.30897,0.40274,0.16693,0.26499,0.14298,0.23031,0.38571,0.16022
105.23,165.78,94.403,53.943,31.967,24.601,23.465,24.707,21.125,9.6315,11.285,5.6495,3.1611,5.1624,1.4479,0.67698,1.5151,4.255,2.1982,1.2853,2.2571,1.2587,1.1029,0.79344,0.90842,1.2668,0.58172,0.31195,0.44618,0.52623,0.27644,0.34547,0.2419,0.28968,0.16038,0.26408,0.28684,0.33955
99.009,159.26,88.978,48.885,27.275,20.74,20.61,22.165,19.432,8.2048,10.474,5.4076,3.1455,5.5435,1.4579,1.0769,1.3282,3.9158,1.8439,0.89661,2.0415,1.2581,1.097,0.95988,0.684,1.4888,0.77338,0.5111,0.3813,0.6249,0.32849,0.35502,0.21829,0.26367,0.17867,0.23112,0.31858,0.19358
98.871,161.09,91.371,47.324,25.278,20.673,21.997,22.699,18.849,7.7391,10.529,5.1813,3.5055,6.0052,1.8706,1.2707,1.3072,3.4891,1.2949,0.79056,2.4598,1.3975,1.0879,1.0114,0.58657,1.2861,0.89615,0.8124,0.54392,0.41249,0.24568,0.56135,0.40659,0.28501,0.14675,0.21257,0.17993,0.23568
97.552,158.5,89.295,47.825,26.939,20.371,20.594,22.845,19.326,8.1282,10.643,5.415,3.3199,5.5548,1.5165,1.2403,1.2039,4.0647,1.8617,0.92729,2.1064,1.2738,1.186,0.94136,0.71851,1.4753,0.87885,0.48298,0.3682,0.58807,0.29738,0.44262,0.254,0.19571,0.14023,0.30186,0.35358,0.17987
98.08,157.92,88.599,48.172,27.354,20.465,20.581,22.578,19.896,8.1277,10.894,5.432,3.3974,5.7906,1.4483,1.1452,1.3309,4.1834,1.8722,0.90182,2.2665,1.2162,1.2183,1.0072,0.79538,1.5541,0.84891,0.40952,0.46839,0.617,0.32044,0.39317,0.24249,0.23178,0.19815,0.24017,0.35388,0.20481
102.98,162.62,94.351,53.58,31.818,24.026,22.778,24.912,21.726,10.016,12.247,6.4052,4.3827,6.6489,1.1552,1.3443,0.88922,4.0429,2.1466,1.484,2.7005,1.8857,1.6521,1.6413,0.76253,1.9006,1.2114,0.80334,0.80653,1.092,0.76966,0.85428,0.6983,0.5917,0.49255,0.49105,0.52618,0.34377
98.377,157.53,88.537,49.232,27.266,20.56,20.87,23.342,20.072,8.6389,11.128,5.4772,3.4053,6.0151,1.4711,1.3216,1.3106,4.4997,1.8598,0.99902,2.4038,1.3759,1.259,1.1071,0.97798,1.6318,0.92186,0.52009,0.45685,0.71504,0.3442,0.45213,0.23844,0.28928,0.2709,0.26398,0.37192,0.27125
99.465,160.17,90.095,46.646,26.215,21.962,21.06,22.854,19.739,8.4007,11.021,5.8105,3.4879,5.5502,1.2541,1.12,1.4973,4.6975,1.988,1.0746,2.4941,1.2166,1.0435,1.0487,1.0916,1.6358,0.63532,0.41789,0.53519,0.80566,0.48227,0.46945,0.12997,0.38393,0.48197,0.32608,0.17277,0.19789
97.415,157.01,88.922,48.694,27.064,20.34,20.565,23.761,20.429,8.6626,11.033,5.6124,3.559,5.9223,1.5012,1.2281,1.5671,4.4217,1.8426,1.086,2.4703,1.3801,1.2998,1.1011,0.97884,1.7564,0.90091,0.41225,0.3977,0.7675,0.37007,0.45387,0.2664,0.27441,0.26276,0.35649,0.40052,0.19912
97.088,156.87,88.268,48.777,27.371,20.785,20.707,23.689,20.507,8.6235,11.375,5.6088,3.6691,6.0706,1.5007,1.3237,1.5614,4.4899,1.9696,1.0396,2.4649,1.3698,1.3401,1.0738,0.99216,1.7193,0.97519,0.48765,0.49874,0.76443,0.32924,0.47394,0.27316,0.27386,0.22542,0.30976,0.39838,0.24754
99.731,159.05,91.395,50.886,29.185,21.485,20.57,23.341,20.712,8.9832,11.159,6.1195,2.6442,5.9555,2.6152,1.8819,2.5218,5.6652,2.6089,1.6711,3.2211,2.0493,2.0217,1.6657,1.4174,2.3755,1.5541,1.0652,0.9463,1.2602,0.7702,0.88252,0.65414,0.66386,0.44954,0.57597,0.60329,0.59409
96.914,156.22,87.965,49.149,27.593,20.403,20.893,24.079,20.66,8.9383,11.377,5.9587,3.7191,6.0596,1.6871,1.18,1.5402,4.7749,1.9603,1.0578,2.5979,1.3986,1.3025,1.2462,1.1451,1.7579,1.0455,0.52641,0.51553,0.77377,0.33113,0.54334,0.30196,0.2657,0.30274,0.33099,0.41546,0.28324
98.684,158.16,88.085,46.855,28.05,21.604,20.186,23.772,20.424,9.0317,11.856,5.8319,3.6625,6.351,1.8708,1.3667,1.547,4.748,1.9147,0.70829,2.702,1.7067,1.1854,0.87809,1.3019,1.9445,1.113,0.40225,0.50785,0.9851,0.53121,0.34209,0.29307,0.336,0.35669,0.3402,0.24186,0.24173
97.658,155.97,87.698,48.586,26.611,19.786,20.019,23.378,20.239,8.8776,11.315,5.8698,3.5179,6.2761,1.7416,1.4335,1.3092,4.4857,1.8276,0.94488,2.3408,1.3916,1.4697,1.3046,1.1933,1.8871,1.1086,0.62862,0.66082,0.87624,0.49835,0.45218,0.34374,0.18094,0.31115,0.27243,0.35453,0.12148
96.817,155.49,86.968,48.649,27.081,20.536,20.623,24.037,20.264,8.7394,11.237,5.6362,3.699,5.9493,1.479,1.3267,1.4728,4.6452,1.8847,0.94292,2.428,1.3313,1.4563,1.1433,1.2277,1.7966,0.94122,0.54601,0.48709,0.78521,0.3449,0.44914,0.31955,0.23823,0.29994,0.28735,0.44287,0.26558
97.647,155.8,88.112,49.357,26.848,18.655,19.195,23.522,19.814,9.0826,11.267,5.4344,3.7344,5.8921,1.2541,1.7611,1.8258,4.8642,1.9212,0.9414,2.1037,1.0939,1.7069,1.3798,1.463,1.9842,1.0394,0.51884,0.70643,1.057,0.56313,0.53697,0.072035,0.027931,0.35424,0.30606,0.3044,0.063834
96.407,155.27,85.997,48.174,27.36,20.396,20.581,23.896,19.847,8.8964,11.218,5.4165,3.3117,5.9927,1.5934,1.2105,1.4056,4.7776,1.6905,0.86069,2.4673,1.3967,1.3948,1.1025,1.1738,1.7433,1.0983,0.47562,0.42028,0.81235,0.39757,0.43861,0.34565,0.1876,0.22644,0.3751,0.44662,0.21476
97.581,154.93,85.398,48.12,28.194,19.767,20.182,24.647,20.403,8.2604,11.061,6.055,3.1692,5.7076,1.5182,1.3121,1.6799,4.8089,1.7543,0.64118,2.6331,1.3364,1.2551,1.1039,1.1792,1.6845,0.8207,0.59918,0.5853,0.60081,0.40306,0.56892,0.29919,0.11817,0.4039,0.41516,0.27887,0.18626
99.539,157.26,88.85,50.881,28.528,21.929,22.456,25.505,20.557,9.3237,11.818,5.6958,4.8072,6.2792,0.67527,1.0175,0.62036,4.0849,1.9341,1.1828,2.1181,1.1813,1.0287,1.0965,0.73096,1.4196,0.74957,0.33062,0.072411,0.4933,0.10508,0.23319,0.07607,0.1796,0.25099,0.12305,0.15197,0.1047
95.393,153.19,86.537,49.022,26.845,20.556,20.593,24.002,20.088,8.8528,11.133,5.7023,3.447,6.1233,1.6419,1.3657,1.4296,4.7935,1.8447,0.99867,2.3835,1.3445,1.4882,1.0664,1.1653,1.7608,1.0199,0.53763,0.51374,0.77365,0.4076,0.4055,0.37468,0.22186,0.27734,0.32228,0.41379,0.27961
95.329,154.89,89.087,49.817,25.709,18.769,21.409,25.049,20.719,8.5971,10.833,5.7565,3.4925,5.7954,1.4245,1.1444,1.5073,4.9053,2.0842,1.0954,2.1786,1.2834,1.6923,1.3503,0.95592,1.5873,1.0581,0.66159,0.42843,0.59355,0.46619,0.65518,0.4212,0.19256,0.33824,0.43102,0.4968,0.24009
94.243,153.11,86.303,48.13,26.659,20.331,20.92,23.831,19.898,8.6968,10.885,5.7134,3.5808,5.9331,1.5959,1.2019,1.4753,4.725,1.7457,0.85673,2.3705,1.414,1.4238,1.0432,1.1502,1.7179,0.95626,0.53843,0.57594,0.73587,0.30743,0.43858,0.31835,0.24119,0.28201,0.35491,0.40889,0.21568
94.981,152.05,85.159,48.687,26.873,19.454,20.899,23.397,19.42,8.6461,10.936,5.4044,3.7543,6.0583,1.6198,1.123,1.6732,4.7014,1.6622,0.75138,2.4386,1.1917,1.3248,1.2323,0.96683,1.6191,1.0612,0.42783,0.45899,0.77886,0.32641,0.27518,0.44076,0.22919,0.31631,0.33909,0.35352,0.16087
100.07,157.57,90.483,53.058,30.56,23.058,22.715,24.956,20.444,9.1233,10.816,5.5719,3.1043,5.5133,1.6215,1.1042,1.2845,4.2437,1.6306,0.79832,2.0536,1.1655,1.3425,1.07,1.3084,1.8293,1.1618,0.69661,0.6659,0.79461,0.3659,0.38629,0.19143,0.1834,0.07596,0.093988,0.2405,0.17604
94.189,150.39,84.197,47.917,25.773,19.402,20.254,22.688,18.646,8.2786,10.129,5.1196,3.3155,5.2639,1.4395,1.149,1.2607,4.1466,1.3905,0.85936,2.0149,0.99258,1.1149,0.85731,1.0055,1.3499,0.80947,0.31042,0.36931,0.57847,0.24765,0.29692,0.27097,0.13955,0.16706,0.24005,0.27398,0.1539
94.42,153,86.684,46.284,23.972,19.47,21.142,23.087,18.616,8.2879,9.8243,4.5091,3.9306,5.9378,1.9459,1.0822,1.2463,3.9242,1.6039,0.79354,1.6426,1.172,1.522,1.0955,0.7183,1.2327,0.79416,0.34226,0.5024,0.75593,0.36716,0.13769,0.29827,0.35577,0.24083,0.14334,0.27206,0.18808
92.221,149.63,84.504,46.865,25.495,19.037,20.169,23.054,18.658,8.1971,10.22,5.3777,3.2076,5.296,1.6478,1.1815,1.2357,4.1439,1.7051,0.82086,1.9817,1.176,1.2352,0.92596,0.91308,1.4399,0.8785,0.45771,0.39995,0.56778,0.28906,0.40023,0.25528,0.15474,0.14756,0.2474,0.32863,0.17117
91.762,148.18,83.195,46.574,25.641,19.04,20.084,22.434,18.757,7.9439,10.199,5.1385,3.1943,5.3599,1.4878,1.0254,1.3581,4.0834,1.6047,0.85412,2.0474,1.0811,1.1252,0.93134,0.89797,1.5171,0.72408,0.43699,0.37385,0.57625,0.26575,0.36824,0.19983,0.25504,0.14897,0.26082,0.25592,0.18279
95.576,151.63,87.016,49.582,28.577,21.164,21.431,23.762,19.909,9.4357,11.154,6.2769,3.6278,6.3101,2.0782,1.953,1.5993,3.78,1.0916,0.4458,1.5696,0.64441,0.60708,0.5542,0.76338,0.99521,0.45826,0.22606,0.062769,0.44628,0.23745,0.35736,0.24836,0.33407,0.1749,0.16627,0.14764,0.28562
90.85,146.39,81.588,46.354,25.088,18.342,20.091,22.601,18.057,7.9577,9.8912,4.9867,3.0135,5.2481,1.3287,1.0741,1.2588,4.0369,1.5391,0.87803,1.9678,1.0523,1.1826,0.83875,0.9169,1.3988,0.80984,0.36466,0.33294,0.62912,0.26526,0.30509,0.25541,0.18767,0.20245,0.17927,0.29656,0.18841
91.715,147.68,81.705,43.052,24.268,19.144,19.697,21.953,17.19,6.9276,9.6841,5.6135,2.3079,4.535,1.2903,0.75274,0.91492,3.7397,1.8512,1.1483,1.5233,0.89596,0.97996,0.81408,0.93852,1.2572,0.38265,0.3918,0.5075,0.56919,0.29547,0.22513,0.21167,0.38021,0.30421,0.10954,0.15429,0.10426
89.982,144.31,79.5,44.655,23.722,17.161,19.063,21.786,17.338,7.8804,9.423,4.9051,3.1881,5.031,1.0237,0.75069,1.2153,3.9023,1.5148,0.80724,1.9863,1.1531,1.195,0.67266,0.96534,1.2087,0.66697,0.27469,0.26548,0.48363,0.26026,0.41284,0.32202,0.23953,0.23367,0.25641,0.36576,0.25728
88.436,142.59,77.179,44.083,23.416,17.298,19.153,21.289,16.151,7.2083,8.6991,4.465,2.7957,4.4964,1.1849,1.0121,1.074,3.4613,1.3077,0.60068,1.6604,0.90446,0.9847,0.76138,0.88483,1.1767,0.62874,0.32474,0.3224,0.47411,0.22704,0.25902,0.2047,0.1353,0.17928,0.15194,0.22841,0.13426
89.141,141.72,76.604,43.857,23.054,15.465,16.837,18.943,14.271,6.5404,7.6159,3.8735,1.7552,3.1292,0.81329,0.38598,0.85022,3.2282,1.6202,1.1621,1.6487,0.82828,0.49208,0.54145,0.55811,0.93039,0.53678,0.33678,0.27593,0.095657,0.19925,0.074964,0.086003,0.24067,0.43581,0.43118,0.45364,0.2824
87.028,138.51,71.118,40.629,21.415,15.714,17.969,18.748,13.148,6.3413,7.0449,3.4481,2.2337,3.4779,1.0525,0.6863,0.88936,2.5887,0.82163,0.41994,1.1294,0.69979,0.78268,0.40108,0.60616,0.76076,0.41434,0.22157,0.20161,0.28239,0.20361,0.14092,0.11835,0.061925,0.055214,0.12381,0.16626,0.033914
87.186,134.46,65.957,36.758,20.129,14.502,15.554,16.172,11.416,5.2085,5.404,2.6674,1.9989,3.1444,1.087,0.23141,0.38818,1.9026,0.76467,0.45855,0.72627,0.34833,0.70741,0.53148,0.31425,0.43279,0.37642,0.25881,0.016278,0.12009,0.22232,0.20916,0.068018,0.099199,0.19445,0.14979,0.046306,0.080562
87.91,131.74,64.402,36.286,18.532,14.419,15.702,14.859,9.9129,4.9592,5.359,2.8721,2.0169,2.8335,0.80161,0.82544,0.63619,1.237,0.13127,0.17062,0.437,0.32521,0.48924,0.22961,0.63498,0.45641,0.31586,0.29127,0.35648,0.32294,0.31681,0.28598,0.28713,0.24591,0.26366,0.25007,0.273,0.24476
80.434,120.32,55.413,29.907,13.971,11.207,11.474,10.188,6.5384,3.0842,3.1099,1.6705,0.84655,1.6325,0.38092,0.32389,0.29974,0.97982,0.25139,0.14348,0.43382,0.19193,0.24672,0.18759,0.24895,0.26737,0.13128,0.056464,0.082721,0.10549,0.029002,0.088197,0.041856,0.051526,0.056741,0.022638,0.036366,0.056318
76.47,112.7,49.661,23.619,9.7541,7.5003,8.5767,7.0058,4.2957,1.5719,2.0951,1.2983,0.32037,0.73118,0.053531,0.31433,0.33909,0.73891,0.30571,0.17473,0.21348,0.22523,0.15995,0.088579,0.24866,0.27649,0.1945,0.11113,0.12312,0.14957,0.097314,0.081997,0.10642,0.11681,0.10005,0.080621,0.08439,0.09697
71.346,101.55,41.821,18.429,8.8177,6.8409,5.9783,4.1324,2.8719,1.3323,1.202,0.7177,0.49188,0.46834,0.21086,0.17917,0.045947,0.30317,0.05418,0.063272,0.17085,0.1114,0.06707,0.061349,0.066751,0.081352,0.037082,0.059337,0.075769,0.039449,0.039057,0.053445,0.036465,0.0021105,0.023149,0.046749,0.046695,0.041237
64.985,87.826,32.037,12.871,5.3841,3.7117,3.4422,1.9757,1.1596,0.68941,0.63779,0.15094,0.33171,0.36613,0.13965,0.13122,0.12221,0.21279,0.12918,0.096526,0.12471,0.10956,0.070319,0.091255,0.055004,0.050504,0.083473,0.074381,0.068771,0.078022,0.062996,0.055595,0.064538,0.061889,0.058973,0.06192,0.057976,0.048841
61.097,78.235,28.399,9.9933,4.6921,3.4333,2.1588,0.99334,0.42259,0.13692,0.25489,0.42004,0.33506,0.37709,0.29363,0.22504,0.19003,0.20469,0.26715,0.27432,0.2716,0.23749,0.19093,0.15119,0.14862,0.16447,0.18806,0.19917,0.19029,0.16459,0.13213,0.10903,0.11198,0.13402,0.1505,0.16164,0.1555,0.13756
52.146,61.856,19.217,4.5775,1.4672,1.0607,0.53737,0.21641,0.22475,0.11288,0.038486,0.056781,0.058218,0.0074778,0.025033,0.012643,0.023734,0.021732,0.023335,0.02039,0.017453,0.020142,0.013177,0.010297,0.013739,0.025339,0.017179,0.015412,0.010427,0.0074902,0.0044439,0.0092011,0.010579,0.015332,0.016967,0.0098485,0.0056425,0.005144
45.223,48.922,13.054,0.53266,0.35829,0.59923,0.12644,0.21587,0.33982,0.33869,0.3194,0.26751,0.2052,0.14652,0.12123,0.14915,0.17476,0.19045,0.172,0.13474,0.10424,0.08004,0.097258,0.12461,0.13534,0.13642,0.10815,0.076721,0.060589,0.071843,0.093554,0.10917,0.1072,0.09239,0.066397,0.048727,0.056308,0.075578
39.508,36.838,9.3633,1.0091,0.24714,0.25471,0.14771,0.087414,0.059686,0.086622,0.11715,0.12566,0.10991,0.063339,0.025844,0.037054,0.069699,0.084756,0.082168,0.057755,0.032396,0.02088,0.044779,0.059924,0.065056,0.050873,0.029782,0.013867,0.03049,0.046305,0.050419,0.041901,0.028101,0.012266,0.020575,0.036447,0.040537,0.038484
30.821,25.532,5.6021,0.41613,0.067672,0.17199,0.087455,0.099505,0.065741,0.04924,0.050257,0.042845,0.044962,0.041249,0.035138,0.030651,0.029604,0.040767,0.030301,0.027941,0.024007,0.0231,0.025909,0.026502,0.024524,0.016059,0.021139,0.021883,0.018968,0.022642,0.019542,0.016181,0.022508,0.019173,0.019266,0.015836,0.012929,0.012558
24.534,17.797,3.6287,0.4408,0.52151,0.35691,0.23312,0.27319,0.26825,0.20147,0.16175,0.17917,0.18152,0.15597,0.12783,0.12612,0.13842,0.12405,0.10125,0.096671,0.10826,0.10636,0.089218,0.078105,0.085906,0.093751,0.083368,0.068771,0.072085,0.080304,0.07947,0.062999,0.062201,0.066785,0.070417,0.062635,0.053361,0.057732
18.293,11.486,1.4649,0.32453,0.069601,0.049911,0.068962,0.058654,0.014198,0.046276,0.038062,0.017164,0.03675,0.013166,0.023849,0.02515,0.0071276,0.026671,0.012799,0.015731,0.021989,0.0034978,0.017227,0.012313,0.0081866,0.019132,0.0058605,0.013183,0.014408,0.005106,0.01667,0.0029058,0.0085705,0.011998,0.00032728,0.0134,0.0078172,0.0073978
11.728,6.2509,0.32001,0.19163,0.18567,0.14817,0.15785,0.11037,0.079993,0.10526,0.099979,0.059015,0.064847,0.080984,0.059593,0.039857,0.058784,0.062163,0.035951,0.040136,0.0548,0.04332,0.028124,0.043139,0.045824,0.027409,0.029401,0.0408,0.033982,0.022346,0.033863,0.035173,0.025847,0.023799,0.033331,0.028557,0.019374,0.028328
6.9133,3.6723,0.60727,0.081858,0.15843,0.13227,0.10644,0.080818,0.053951,0.039118,0.039869,0.047875,0.056209,0.062203,0.058499,0.055275,0.045385,0.032259,0.02784,0.019377,0.020331,0.02624,0.031249,0.036185,0.036618,0.03532,0.030135,0.023484,0.016675,0.01279,0.015727,0.018595,0.026291,0.02423,0.025782,0.026266,0.022098,0.020339
