0.37688,0.37688,0.37688,0.37688,0.37688,0.37688,0.37688,0.37688,0.37688,0.37688,0.37688,0.37688,0.37688,0.37688,0.37688,0.37688,0.37688,0.37688,0.37688,0.37688
0.3036,0.3036,0.3036,0.3036,0.3036,0.3036,0.3036,0.3036,0.3036,0.3036,0.3036,0.3036,0.3036,0.3036,0.3036,0.3036,0.3036,0.3036,0.3036,0.3036
0.02359,0.02359,0.02359,0.02359,0.02359,0.02359,0.02359,0.02359,0.02359,0.02359,0.02359,0.02359,0.02359,0.02359,0.02359,0.02359,0.02359,0.02359,0.02359,0.02359
0.35457,0.42835,0.47307,0.76703,0.52559,0.31216,0.033283,0.040493,0.043528,0.012085,0.011872,0.016489,0.0092404,0.003393,0.0067137,0.0046235,0.00089689,0.0024232,0.0012604,0.0044278
0.44264,0.63499,0.79684,1.0249,0.79216,0.35908,0.05061,0.049465,0.087283,0.022625,0.0239,0.0060408,0.010082,0.037447,0.036147,0.012362,0.0044308,0.0046179,0.004839,0.0091926
0.54889,0.85668,0.9934,1.1836,1.0668,0.53212,0.014685,0.085675,0.084929,0.012079,0.015171,0.024286,0.010498,0.031719,0.05036,0.014713,0.0097787,0.006771,0.0048257,0.0094845
0.59794,1.0539,1.1137,1.2761,1.1243,0.72212,0.067443,0.18432,0.15214,0.04782,0.041059,0.022542,0.022275,0.037893,0.07751,0.029017,0.016008,0.013466,0.011655,0.013513
0.79073,1.3037,1.2992,1.4022,1.3559,0.89102,0.15655,0.29578,0.24451,0.070406,0.081149,0.019471,0.026116,0.014769,0.13465,0.034093,0.027038,0.013011,0.0056946,0.014159
1.009,1.5239,1.4222,1.3817,1.4875,1.04,0.25733,0.38813,0.24882,0.054808,0.082281,0.044557,0.021973,0.023645,0.14828,0.060791,0.032584,0.013019,0.017543,0.0042757
1.1453,1.7366,1.6633,1.4057,1.5969,1.2552,0.41492,0.50385,0.28207,0.070304,0.096563,0.055103,0.026571,0.025337,0.21593,0.1033,0.045796,0.027643,0.034621,0.0083642
1.2986,1.9507,1.9813,1.4698,1.627,1.4853,0.54945,0.58569,0.30561,0.087865,0.10701,0.072169,0.04338,0.031988,0.21477,0.11721,0.036564,0.036705,0.038678,0.011193
1.3692,2.1121,2.31,1.5777,1.6749,1.7189,0.67039,0.65531,0.31637,0.097318,0.11304,0.089341,0.06246,0.041818,0.22503,0.14715,0.036188,0.04635,0.052214,0.01756
1.3934,2.2384,2.5498,1.6772,1.6817,1.8885,0.75868,0.6963,0.33543,0.12036,0.11659,0.096083,0.081615,0.049063,0.23098,0.16593,0.032856,0.04579,0.052938,0.019263
1.3781,2.3267,2.6781,1.8558,1.6684,1.9744,0.82092,0.71173,0.35359,0.13252,0.12511,0.099367,0.083737,0.050533,0.20141,0.15574,0.028418,0.045874,0.053534,0.017958
1.3521,2.3715,2.675,2.0616,1.6867,1.979,0.82734,0.70138,0.36375,0.14089,0.12918,0.10136,0.068281,0.044234,0.22183,0.16227,0.039992,0.037106,0.048,0.013578
1.2966,2.3808,2.5814,2.239,1.7712,1.8891,0.80015,0.66134,0.37427,0.14518,0.1351,0.08831,0.061771,0.03593,0.25948,0.16529,0.054923,0.030945,0.045782,0.010554
1.2768,2.4019,2.4901,2.3715,1.8741,1.8573,0.7814,0.6438,0.39933,0.142,0.15416,0.079224,0.05392,0.039639,0.30985,0.1867,0.073084,0.031527,0.048596,0.016246
1.2569,2.4118,2.4353,2.5016,2.0097,1.8148,0.73868,0.62352,0.39869,0.13995,0.14551,0.082816,0.043088,0.045055,0.36757,0.20286,0.089615,0.029318,0.051035,0.020036
1.2857,2.3788,2.4023,2.6274,2.2145,1.7696,0.66322,0.6301,0.41161,0.13774,0.15481,0.082834,0.055475,0.04819,0.39849,0.21687,0.099391,0.040301,0.051711,0.018108
1.3327,2.3791,2.452,2.6243,2.359,1.676,0.60791,0.69691,0.4136,0.11654,0.12219,0.093027,0.025672,0.035565,0.38707,0.22376,0.097517,0.027951,0.053258,0.033737
1.3631,2.3884,2.5677,2.6317,2.4225,1.6772,0.64744,0.69517,0.41135,0.13409,0.13399,0.098988,0.05388,0.038696,0.37057,0.20103,0.091488,0.021748,0.050083,0.022741
1.4047,2.3705,2.6606,2.6647,2.4363,1.8081,0.73104,0.7669,0.37984,0.13313,0.11899,0.089184,0.014795,0.058917,0.40481,0.22317,0.06609,0.018472,0.051101,0.027157
1.4919,2.4299,2.8038,2.6852,2.4307,1.9401,0.84364,0.8342,0.3906,0.16744,0.15361,0.092203,0.034858,0.056644,0.45637,0.25917,0.061999,0.021616,0.05593,0.026105
1.5067,2.4608,2.8823,2.7147,2.3544,2.0621,0.94604,0.85561,0.35103,0.16837,0.14779,0.09868,0.054642,0.053332,0.45639,0.26723,0.057751,0.017529,0.052556,0.028041
1.4799,2.4709,2.8904,2.8219,2.311,2.156,0.98622,0.86166,0.33693,0.18805,0.15966,0.093594,0.056309,0.050329,0.47893,0.26294,0.056681,0.015885,0.048404,0.032617
1.4297,2.461,2.8366,2.9273,2.324,2.1691,0.95427,0.84137,0.35134,0.203,0.17271,0.088146,0.048382,0.044788,0.48999,0.25803,0.067967,0.01011,0.048152,0.03383
1.4131,2.4608,2.7509,2.9051,2.3414,2.1479,0.91824,0.80723,0.3433,0.20093,0.16716,0.083566,0.040112,0.049971,0.48624,0.23866,0.063943,0.0084607,0.045931,0.030507
1.3991,2.4696,2.7083,2.8973,2.3681,2.1125,0.88941,0.76157,0.32474,0.19978,0.14213,0.068011,0.038923,0.055759,0.44822,0.2073,0.064155,0.0053822,0.036226,0.024326
1.4356,2.5264,2.758,2.8463,2.3634,2.1348,0.8826,0.71188,0.32013,0.21066,0.14235,0.085993,0.05167,0.059552,0.44837,0.20336,0.07154,0.0032311,0.036395,0.031119
1.5181,2.6397,2.8972,2.7728,2.3405,2.1827,0.87716,0.66637,0.32179,0.21457,0.11668,0.11227,0.064888,0.061019,0.41212,0.18329,0.059944,0.0019219,0.03135,0.026452
1.6329,2.7985,3.0867,2.6609,2.3263,2.255,0.93186,0.66912,0.36504,0.22125,0.11119,0.13392,0.10154,0.07526,0.45043,0.18865,0.064594,0.0011657,0.03102,0.02715
1.7195,2.994,3.307,2.6793,2.3721,2.3109,0.98925,0.69099,0.39956,0.23765,0.11705,0.17323,0.12919,0.099661,0.50094,0.19958,0.090921,0.0028743,0.035785,0.033893
1.8135,3.2051,3.4979,2.7177,2.3898,2.3448,1.0571,0.70995,0.40855,0.25869,0.098224,0.20766,0.16461,0.11792,0.51883,0.18748,0.10835,0.0094808,0.032838,0.035362
1.9121,3.404,3.687,2.804,2.4675,2.3829,1.1188,0.75828,0.42791,0.26719,0.083702,0.22053,0.18476,0.12771,0.55926,0.19186,0.113,0.012092,0.026906,0.038495
1.9515,3.5322,3.8044,2.9651,2.5612,2.3738,1.1801,0.82455,0.43707,0.28885,0.078286,0.21942,0.1837,0.12912,0.59335,0.20715,0.11661,0.013892,0.023132,0.034191
1.9453,3.5976,3.852,3.1312,2.6037,2.3645,1.2329,0.88807,0.44768,0.29308,0.096962,0.20446,0.16312,0.13877,0.60818,0.20653,0.13038,0.016871,0.020562,0.031713
1.8598,3.5697,3.8234,3.3581,2.6233,2.3263,1.2532,0.94842,0.45766,0.30504,0.10987,0.16161,0.11999,0.15552,0.5982,0.1848,0.11956,0.018105,0.01616,0.029153
1.7394,3.4476,3.7063,3.605,2.6027,2.2553,1.2177,0.94321,0.44856,0.30291,0.13405,0.11516,0.064583,0.16146,0.55792,0.16641,0.10675,0.014833,0.017673,0.022778
1.6591,3.2959,3.5287,3.718,2.6489,2.24,1.1208,0.89386,0.44741,0.31954,0.1423,0.076721,0.030947,0.15161,0.56241,0.15283,0.095609,0.021891,0.012829,0.024983
1.6094,3.1875,3.3807,3.717,2.6929,2.2595,1.0562,0.82993,0.4481,0.32692,0.15602,0.067612,0.019242,0.16281,0.56437,0.1592,0.10894,0.029081,0.010698,0.035619
1.6237,3.132,3.3077,3.7155,2.7401,2.2913,1.0412,0.7814,0.43667,0.33468,0.16465,0.066418,0.024657,0.15824,0.52428,0.1364,0.11614,0.024041,0.010214,0.027095
1.7132,3.1755,3.347,3.5602,2.7475,2.4048,1.0212,0.69562,0.42547,0.32695,0.17575,0.079582,0.047335,0.14872,0.4602,0.11691,0.11659,0.01629,0.0064395,0.017537
1.8036,3.3088,3.5274,3.4948,2.8126,2.5712,1.069,0.624,0.48913,0.34392,0.14133,0.13649,0.12129,0.16641,0.43394,0.10883,0.1425,0.031037,0.018011,0.014699
1.9646,3.5063,3.7428,3.3409,2.7591,2.6362,1.0706,0.61011,0.51746,0.35062,0.15963,0.19871,0.12617,0.18486,0.40703,0.10861,0.12182,0.007183,0.0037034,0.024566
2.152,3.7532,3.9942,3.3094,2.8304,2.6467,1.1344,0.62254,0.55107,0.3525,0.16654,0.20615,0.1529,0.15058,0.408,0.072335,0.14725,0.020757,0.0090972,0.026646
2.326,4.0224,4.2636,3.2651,2.8964,2.6759,1.1398,0.66723,0.52489,0.31991,0.10416,0.23242,0.2027,0.16727,0.36917,0.068689,0.1333,0.022347,0.024782,0.028317
2.3922,4.2051,4.4599,3.2752,2.9728,2.653,1.17,0.66642,0.54263,0.33264,0.10614,0.24263,0.1999,0.13074,0.35968,0.052911,0.15138,0.038983,0.022294,0.031415
2.363,4.2735,4.5293,3.218,2.9624,2.6239,1.1951,0.66914,0.52724,0.33382,0.087349,0.2133,0.23437,0.14461,0.30118,0.072019,0.13749,0.048906,0.031007,0.034779
2.1943,4.144,4.4333,3.3109,2.9511,2.5737,1.2102,0.67903,0.5328,0.3681,0.09399,0.20021,0.20564,0.14491,0.30433,0.058341,0.13816,0.041571,0.039801,0.023467
2.0064,3.9407,4.2312,3.4842,2.8621,2.4923,1.2081,0.69312,0.54342,0.38611,0.12095,0.12632,0.1834,0.12809,0.28628,0.068705,0.12688,0.045316,0.035582,0.028886
1.8714,3.7537,4.0104,3.6007,2.7524,2.4077,1.1529,0.71013,0.57807,0.38535,0.11251,0.059704,0.13621,0.14409,0.28864,0.091226,0.12882,0.064514,0.045896,0.02021
1.7279,3.6069,3.8072,3.839,2.6863,2.3038,1.1061,0.75007,0.58113,0.36567,0.10055,0.04,0.083211,0.15194,0.29121,0.10174,0.13487,0.071617,0.049973,0.017651
1.6776,3.5133,3.6402,3.995,2.7112,2.2468,1.0578,0.75183,0.60909,0.36746,0.10997,0.069048,0.063513,0.15911,0.27678,0.10729,0.12451,0.073033,0.060868,0.012701
1.7575,3.5206,3.5825,3.9574,2.8062,2.2373,1.0329,0.6822,0.59202,0.34881,0.10166,0.081739,0.04617,0.14522,0.23281,0.095354,0.11312,0.07201,0.053181,0.013942
1.8512,3.6459,3.7477,3.9841,2.8814,2.3642,1.0795,0.65503,0.63254,0.35593,0.12564,0.08247,0.037422,0.13345,0.24467,0.10165,0.12698,0.095089,0.064213,0.013342
2.0152,3.8126,3.9666,3.9878,3.0131,2.518,1.0834,0.59206,0.6971,0.37981,0.12763,0.054884,0.040311,0.12826,0.23468,0.084735,0.11005,0.08701,0.061662,0.020518
2.1946,4.0215,4.2626,3.9118,3.1117,2.6902,1.1225,0.51747,0.7587,0.39926,0.12805,0.028473,0.067789,0.11674,0.24551,0.085681,0.13336,0.10391,0.074746,0.016366
2.3337,4.2339,4.5549,3.9065,3.1521,2.7937,1.188,0.48629,0.79561,0.43661,0.11355,0.039216,0.085876,0.12864,0.24343,0.08851,0.14767,0.11067,0.086147,0.02561
2.4473,4.3902,4.7658,3.7557,3.1186,2.7886,1.2632,0.46374,0.83152,0.43127,0.099723,0.051865,0.11852,0.12425,0.20721,0.070446,0.15388,0.12145,0.10211,0.028018
2.4881,4.5139,4.8923,3.6557,3.124,2.8079,1.3001,0.46655,0.8289,0.43667,0.094482,0.054209,0.12987,0.11982,0.18622,0.063478,0.15039,0.12776,0.11182,0.03716
2.4189,4.5479,4.9005,3.6624,3.1214,2.7777,1.3152,0.48521,0.80422,0.41061,0.10638,0.048152,0.13618,0.11824,0.15866,0.047892,0.13145,0.12418,0.10644,0.030311
2.3568,4.5257,4.8655,3.7441,3.0635,2.7755,1.3318,0.5114,0.77942,0.42363,0.096546,0.077374,0.1424,0.12417,0.16723,0.077835,0.14281,0.13307,0.12171,0.038542
2.3144,4.4879,4.8087,3.861,3.0203,2.7881,1.3161,0.53685,0.7669,0.42341,0.10399,0.10371,0.13545,0.12065,0.17566,0.076374,0.13088,0.13757,0.12549,0.046225
2.3085,4.4535,4.7792,4.0362,3.0354,2.8309,1.2933,0.52578,0.76978,0.43163,0.10514,0.11345,0.14899,0.11212,0.1745,0.099219,0.14622,0.1572,0.1423,0.047512
2.34,4.4778,4.7884,4.1895,3.0288,2.8172,1.2865,0.51719,0.80672,0.42584,0.10197,0.13473,0.15106,0.11246,0.19276,0.11686,0.14493,0.15148,0.1536,0.052155
2.4167,4.5993,4.8777,4.2299,3.0729,2.8717,1.298,0.48773,0.83425,0.43514,0.091104,0.14947,0.14628,0.12683,0.20097,0.12632,0.15165,0.16015,0.16942,0.057703
2.4739,4.7257,4.9983,4.1384,3.0976,2.9318,1.3132,0.43762,0.84468,0.42973,0.10947,0.17371,0.14149,0.13474,0.18851,0.13635,0.16462,0.15721,0.17403,0.060134
2.5308,4.8383,5.1468,4.2016,3.2023,2.9953,1.3403,0.45592,0.83956,0.42481,0.11837,0.19053,0.1387,0.13917,0.1772,0.14929,0.16845,0.17017,0.19392,0.067527
2.536,4.9087,5.2023,4.2431,3.225,3.0019,1.3511,0.46303,0.84001,0.42262,0.12987,0.21317,0.12707,0.13012,0.17273,0.16627,0.1676,0.16496,0.1943,0.068871
2.4782,4.9074,5.1961,4.2888,3.2279,2.9876,1.3618,0.4894,0.82674,0.42796,0.1359,0.2275,0.12234,0.12604,0.18654,0.16447,0.17539,0.17717,0.19954,0.06768
2.4205,4.8525,5.1382,4.2376,3.1345,2.9745,1.358,0.49314,0.79765,0.42641,0.14526,0.23472,0.11946,0.12219,0.18692,0.17135,0.17716,0.18004,0.20341,0.070233
2.3147,4.7576,5.0393,4.2946,3.0506,2.8912,1.3362,0.53101,0.76445,0.42038,0.15221,0.23754,0.12746,0.13352,0.1941,0.17994,0.17162,0.18014,0.20884,0.075472
2.2608,4.7019,4.9509,4.2128,2.9333,2.8196,1.3186,0.51685,0.74354,0.38665,0.14885,0.19859,0.11601,0.13184,0.21025,0.18811,0.16218,0.195,0.20893,0.074081
2.2233,4.6818,4.9206,4.1267,2.8735,2.7892,1.3145,0.46984,0.72794,0.35745,0.11378,0.19278,0.15386,0.11159,0.22534,0.18895,0.14391,0.15569,0.21141,0.077275
2.2918,4.7189,4.9428,3.9513,2.8622,2.8366,1.2582,0.40288,0.71708,0.36749,0.12435,0.17714,0.1969,0.11827,0.22381,0.1871,0.14106,0.17069,0.2004,0.078312
2.4334,4.8304,5.0228,3.8331,2.9463,2.9173,1.2031,0.33889,0.69894,0.37761,0.13351,0.15779,0.22857,0.11146,0.22721,0.17182,0.14683,0.15003,0.203,0.10374
2.6467,5.0158,5.1915,3.6642,3.1117,3.1012,1.1155,0.23082,0.67333,0.38367,0.1628,0.12284,0.23261,0.09292,0.20735,0.20389,0.10828,0.15742,0.24041,0.092383
2.7936,5.2089,5.3937,3.7478,3.3448,3.2767,1.0344,0.21177,0.61005,0.34118,0.15542,0.11522,0.25869,0.12737,0.22312,0.18999,0.14124,0.18626,0.24069,0.10251
2.9259,5.3747,5.5627,3.7785,3.5126,3.4104,0.99891,0.1939,0.58533,0.30239,0.15306,0.11753,0.24462,0.11609,0.27354,0.17211,0.1556,0.17134,0.27108,0.11038
2.9322,5.4397,5.6461,3.9329,3.6353,3.4995,0.97017,0.19769,0.58552,0.30844,0.18476,0.12169,0.21973,0.10856,0.29356,0.20058,0.1392,0.19339,0.27076,0.12157
2.8068,5.3548,5.6012,4.0811,3.6628,3.5243,0.90635,0.20521,0.58669,0.30237,0.1943,0.10711,0.22942,0.10138,0.32506,0.22791,0.13703,0.20005,0.29796,0.10137
2.5916,5.1464,5.3965,4.2239,3.5341,3.372,0.86519,0.29872,0.55078,0.29935,0.17521,0.15469,0.21485,0.1378,0.34945,0.23471,0.13925,0.2303,0.26996,0.12199
2.3833,4.8698,5.1218,4.3042,3.3459,3.1833,0.85821,0.34294,0.60238,0.36997,0.21736,0.15274,0.16128,0.1203,0.41052,0.2429,0.12701,0.22775,0.29862,0.12631
2.2007,4.6432,4.8421,4.4188,3.116,2.9492,0.80575,0.43986,0.62179,0.36957,0.19473,0.16706,0.16173,0.14074,0.43782,0.25245,0.12436,0.24161,0.28628,0.12404
2.1066,4.5067,4.6185,4.5666,2.9439,2.8061,0.76386,0.55918,0.65152,0.35685,0.18996,0.17826,0.14354,0.15446,0.48807,0.25035,0.10308,0.22467,0.26667,0.12621
2.0897,4.4606,4.4781,4.5573,2.7904,2.7116,0.71509,0.65635,0.69325,0.3342,0.19381,0.18005,0.11678,0.1686,0.52027,0.26537,0.094714,0.22178,0.2647,0.12591
2.1287,4.4768,4.438,4.4201,2.7553,2.6829,0.66882,0.6404,0.67749,0.30589,0.17789,0.15135,0.11511,0.17097,0.47929,0.22511,0.069815,0.16875,0.19349,0.087172
2.1981,4.576,4.5425,4.2001,2.65,2.7766,0.67959,0.71629,0.76748,0.27871,0.19946,0.17011,0.11507,0.17335,0.54892,0.26079,0.10499,0.21489,0.24455,0.1077
2.2206,4.6358,4.5952,4.0592,2.7089,2.8344,0.66503,0.70464,0.74835,0.28375,0.20963,0.15599,0.12875,0.20007,0.60268,0.29701,0.1222,0.22802,0.28473,0.13637
2.2232,4.6139,4.6173,3.8656,2.6931,2.8099,0.60776,0.70045,0.78993,0.30117,0.19587,0.16907,0.12752,0.19957,0.63043,0.30985,0.14638,0.24517,0.28431,0.13136
2.143,4.5261,4.555,3.7495,2.6548,2.7492,0.54396,0.69803,0.78298,0.2933,0.19795,0.15756,0.13108,0.20527,0.64527,0.31526,0.15833,0.24905,0.28826,0.1327
1.9627,4.3227,4.3243,3.7615,2.5649,2.5566,0.47177,0.65806,0.72942,0.29487,0.17828,0.14382,0.10536,0.20303,0.64663,0.31728,0.17565,0.22993,0.26,0.11425
1.7919,4.0297,3.9873,3.7854,2.4792,2.2895,0.37654,0.58623,0.67524,0.25989,0.13708,0.1013,0.079234,0.18612,0.54511,0.26227,0.15662,0.17861,0.2045,0.085626
1.6671,3.7403,3.6062,3.6663,2.4287,2.1922,0.24883,0.48289,0.61295,0.26986,0.11186,0.089133,0.049355,0.15066,0.49699,0.23973,0.14087,0.13604,0.14901,0.066713
1.6332,3.5447,3.3586,3.7157,2.5632,2.2101,0.15087,0.37656,0.58115,0.30605,0.092563,0.077341,0.041827,0.16644,0.5344,0.26865,0.15423,0.13381,0.1445,0.0808
1.641,3.4493,3.1785,3.8883,2.7354,2.2061,0.20033,0.31567,0.59452,0.31583,0.07337,0.08586,0.03463,0.18972,0.56245,0.3014,0.18651,0.14646,0.15665,0.084751
1.6973,3.4152,3.0801,4.0948,2.9415,2.1917,0.23374,0.33231,0.5682,0.33494,0.06671,0.090659,0.036687,0.18001,0.55438,0.31172,0.19113,0.1482,0.1514,0.08276
1.7881,3.4247,3.0833,4.2818,3.1064,2.1875,0.25845,0.39356,0.56615,0.36982,0.082592,0.11241,0.041326,0.18232,0.57628,0.33696,0.20085,0.16067,0.1627,0.088798
1.7537,3.4129,3.0338,4.5232,3.2031,2.0769,0.31003,0.44381,0.58862,0.36984,0.078576,0.12069,0.031129,0.17573,0.58174,0.34831,0.19252,0.16321,0.16821,0.088518
1.7606,3.3162,2.9681,4.6325,3.2003,1.9389,0.38428,0.43158,0.67403,0.40933,0.091351,0.14201,0.049729,0.15872,0.56819,0.36742,0.19297,0.15346,0.16304,0.091084
1.818,3.1863,2.8435,4.632,3.1928,1.7623,0.46288,0.42623,0.70542,0.42389,0.0956,0.13771,0.045569,0.15436,0.57552,0.38772,0.19406,0.16473,0.17195,0.099691
1.7808,3.1391,2.8039,4.5203,3.1442,1.6248,0.47176,0.38932,0.70162,0.38707,0.052393,0.15259,0.061904,0.12566,0.58124,0.37092,0.21219,0.15461,0.16265,0.083204
1.7172,3.0738,2.7881,4.2142,2.9973,1.539,0.47936,0.3312,0.74781,0.43088,0.094992,0.15718,0.028757,0.16672,0.55107,0.38127,0.21669,0.14897,0.17877,0.076194
1.8108,3.1147,2.8849,4.0446,2.9019,1.7071,0.56017,0.2893,0.67174,0.36635,0.043622,0.17514,0.059443,0.14962,0.52203,0.38064,0.21485,0.17025,0.17738,0.061143
1.8973,3.2534,3.0958,3.925,2.7627,1.9461,0.54648,0.36808,0.6286,0.37118,0.084057,0.1714,0.066371,0.14783,0.57051,0.35966,0.24399,0.16104,0.21303,0.079711
2.0107,3.444,3.3372,3.7694,2.5797,2.2878,0.54664,0.40775,0.57502,0.33442,0.12339,0.1673,0.078246,0.12918,0.55357,0.3252,0.22694,0.13283,0.20082,0.073262
2.1552,3.7239,3.6367,3.5872,2.4674,2.6814,0.51732,0.4211,0.60927,0.30947,0.16692,0.1802,0.10415,0.12936,0.53804,0.2829,0.20536,0.13614,0.21029,0.080821
2.2646,4.0497,3.9514,3.4134,2.4603,2.9247,0.49142,0.48256,0.69722,0.3064,0.19677,0.21175,0.1431,0.12673,0.5645,0.28182,0.20498,0.16573,0.24969,0.097887
2.3577,4.355,4.2179,3.1968,2.5016,3.0281,0.48882,0.53255,0.73035,0.29367,0.22704,0.20304,0.17973,0.13964,0.56397,0.25805,0.19008,0.17496,0.27375,0.10508
2.4421,4.5912,4.4236,2.9045,2.5165,2.9852,0.46542,0.53298,0.7079,0.29008,0.22377,0.1752,0.21066,0.12998,0.4903,0.19705,0.17709,0.17506,0.25481,0.087004
2.4565,4.7269,4.5713,2.7071,2.5377,2.9362,0.44977,0.47697,0.66249,0.28464,0.21923,0.1382,0.23231,0.13642,0.46358,0.17784,0.15182,0.17224,0.23415,0.066493
2.4486,4.7699,4.6028,2.5569,2.534,2.9469,0.44049,0.42118,0.61808,0.28919,0.23354,0.13402,0.22933,0.13383,0.46279,0.19036,0.14932,0.19074,0.24505,0.076808
2.4147,4.739,4.5943,2.597,2.5541,3.0136,0.46382,0.36662,0.57154,0.30195,0.227,0.13888,0.22711,0.1182,0.45162,0.20479,0.15177,0.18088,0.23486,0.073648
2.3472,4.6602,4.5027,2.7014,2.5692,3.1021,0.46603,0.28714,0.54765,0.31153,0.22557,0.14586,0.2378,0.11088,0.44665,0.21366,0.17028,0.17509,0.21265,0.062637
2.2734,4.5833,4.3641,2.9531,2.6032,3.134,0.52668,0.30116,0.52832,0.33749,0.2356,0.15445,0.2304,0.11263,0.45143,0.22381,0.1941,0.18202,0.21755,0.06506
2.2612,4.5741,4.2825,3.1213,2.6461,3.1277,0.60563,0.38249,0.55222,0.38394,0.23769,0.17928,0.22525,0.11477,0.46535,0.24968,0.2231,0.20649,0.25125,0.075051
2.2508,4.6453,4.2952,3.2693,2.6523,3.0722,0.67518,0.46262,0.57114,0.39841,0.23077,0.18114,0.23085,0.12127,0.4668,0.24775,0.23902,0.2068,0.26116,0.076946
2.3108,4.7919,4.3799,3.237,2.619,3.0218,0.70192,0.53211,0.58291,0.39353,0.21784,0.16512,0.22242,0.11879,0.41623,0.20979,0.22085,0.18725,0.23796,0.073818
2.3848,4.9835,4.505,3.1158,2.6042,3.0147,0.69797,0.57854,0.58846,0.39367,0.21562,0.16646,0.23749,0.12218,0.39736,0.20573,0.21624,0.18702,0.24328,0.057793
2.4261,5.1353,4.6324,3.0062,2.6363,3.0549,0.68306,0.58229,0.57018,0.38397,0.21496,0.16295,0.25914,0.11237,0.39448,0.22067,0.21134,0.19259,0.25088,0.050376
2.4682,5.2589,4.7503,2.8501,2.6605,3.1126,0.67729,0.5648,0.5673,0.36307,0.2199,0.14523,0.27617,0.10233,0.38143,0.21346,0.18429,0.18795,0.23186,0.03933
2.4921,5.3319,4.8056,2.7721,2.7367,3.2128,0.67693,0.52177,0.54482,0.34118,0.22828,0.14519,0.29429,0.091674,0.37942,0.22377,0.17458,0.18957,0.21766,0.030701
2.4521,5.3173,4.7874,2.7928,2.8017,3.2616,0.69668,0.52029,0.52547,0.32739,0.22993,0.14043,0.29053,0.080518,0.37986,0.23463,0.17076,0.19711,0.21495,0.0213
2.3948,5.2433,4.7063,2.861,2.8106,3.2863,0.7323,0.53552,0.50099,0.34178,0.23267,0.1327,0.27208,0.074792,0.37573,0.23518,0.15195,0.18863,0.17829,0.022049
2.3372,5.1526,4.5961,2.9723,2.7965,3.2678,0.76705,0.56598,0.49916,0.36608,0.23994,0.14064,0.25267,0.087753,0.37383,0.22523,0.1444,0.17995,0.17288,0.026739
2.2812,5.0402,4.4808,3.0518,2.7438,3.2198,0.79948,0.60416,0.4801,0.39745,0.23775,0.16226,0.25537,0.090259,0.3629,0.21649,0.15405,0.18448,0.18295,0.022193
2.2029,4.9439,4.3582,3.1894,2.6591,3.079,0.81304,0.64034,0.47429,0.41516,0.22508,0.17467,0.24758,0.087613,0.34646,0.20266,0.15549,0.18212,0.18104,0.027078
2.1491,4.8988,4.2745,3.2511,2.5418,2.9748,0.80716,0.67676,0.49845,0.41928,0.21505,0.20659,0.22059,0.087201,0.33522,0.17296,0.15026,0.16887,0.17817,0.030669
2.1151,4.9093,4.2466,3.2828,2.446,2.853,0.79007,0.70752,0.53287,0.40724,0.1921,0.20225,0.19167,0.09666,0.3307,0.15116,0.15202,0.16439,0.17006,0.039665
2.0962,4.9428,4.2581,3.2564,2.3553,2.789,0.81466,0.77494,0.57126,0.40913,0.18592,0.21993,0.16412,0.10667,0.34818,0.13237,0.13938,0.16482,0.16932,0.036877
2.0816,4.9725,4.2765,3.1541,2.2417,2.6603,0.82616,0.83254,0.59562,0.3966,0.19597,0.21269,0.14812,0.11511,0.34581,0.10354,0.10167,0.15141,0.16172,0.043208
2.09,5.0403,4.3683,3.0066,2.1611,2.6559,0.84861,0.89773,0.59952,0.37276,0.20469,0.1923,0.12199,0.11334,0.3136,0.094323,0.10678,0.16361,0.15209,0.036197
2.0472,5.0631,4.4422,2.8845,2.1488,2.6631,0.91176,0.93616,0.62999,0.36585,0.1895,0.21351,0.14883,0.10508,0.31762,0.12381,0.088561,0.16812,0.17034,0.035285
2.0226,5.0365,4.4323,2.8138,2.1484,2.6803,0.92638,0.92437,0.63386,0.37549,0.18379,0.21283,0.15428,0.097605,0.28513,0.12934,0.10067,0.15852,0.15457,0.046972
2.0231,4.9703,4.3371,2.8447,2.1161,2.6123,0.91958,0.91625,0.63356,0.40748,0.19962,0.22418,0.13811,0.1267,0.27341,0.096228,0.10055,0.15316,0.14065,0.038958
2.0545,4.9673,4.2731,3.014,2.1908,2.5969,0.95261,0.88286,0.63856,0.41209,0.19381,0.19416,0.076124,0.09064,0.26342,0.09254,0.068866,0.12853,0.13821,0.028693
2.0386,4.9757,4.2294,3.1975,2.2995,2.5845,0.95688,0.86161,0.59892,0.35858,0.13082,0.22472,0.10587,0.1066,0.33314,0.029079,0.11231,0.13362,0.12541,0.050658
2.0366,4.971,4.1784,3.2833,2.4409,2.6108,1.0016,0.79241,0.65523,0.39463,0.14579,0.25163,0.060817,0.091822,0.32686,0.064541,0.12137,0.13137,0.14,0.039788
2.0387,4.9579,4.199,3.4512,2.6602,2.6862,1.0676,0.68109,0.67008,0.40195,0.13223,0.26063,0.031448,0.096138,0.3658,0.0611,0.14327,0.11753,0.15258,0.031549
2.0732,4.9409,4.21,3.5736,2.9329,2.776,1.0805,0.55841,0.6726,0.40836,0.10845,0.26807,0.02695,0.098205,0.36685,0.079454,0.16586,0.11995,0.15801,0.039753
2.1265,4.9172,4.2425,3.469,3.0934,2.7688,1.0837,0.48105,0.65544,0.38132,0.094982,0.25254,0.023762,0.093642,0.34378,0.068397,0.15709,0.10392,0.14271,0.035462
2.1278,4.8873,4.3459,3.3637,3.0136,2.8686,1.1064,0.41984,0.58417,0.36809,0.10011,0.21509,0.0423,0.095592,0.28792,0.036712,0.12558,0.077934,0.11898,0.029192
2.1556,4.875,4.4102,3.2427,2.9464,3.001,1.0099,0.42445,0.61615,0.37262,0.13965,0.23076,0.069825,0.11588,0.25354,0.0013556,0.13564,0.096063,0.12709,0.052748
2.1934,4.8983,4.4706,3.085,2.7806,3.0319,1.0384,0.4712,0.67219,0.39715,0.15434,0.25988,0.078205,0.11987,0.25107,0.027051,0.11704,0.094497,0.13985,0.052803
2.1767,4.9085,4.4991,2.9507,2.594,3.0248,1.0304,0.49955,0.72145,0.38942,0.1934,0.26207,0.10324,0.12639,0.22693,0.049804,0.10641,0.10393,0.13513,0.048819
2.1117,4.8932,4.4373,3.0239,2.5214,2.9693,1.0013,0.51758,0.75339,0.39677,0.19092,0.27905,0.084831,0.14229,0.19772,0.053351,0.10577,0.093236,0.12338,0.050515
2.07,4.851,4.2733,3.1369,2.5173,2.7989,0.99701,0.491,0.7899,0.37204,0.17298,0.2555,0.072005,0.12705,0.18982,0.028095,0.079316,0.065359,0.094514,0.038071
2.053,4.8428,4.107,3.2278,2.6058,2.7335,1.0068,0.45459,0.77566,0.37871,0.16747,0.2542,0.060382,0.11894,0.16732,0.00068252,0.093169,0.06287,0.092104,0.0367
2.0924,4.8563,4.0214,3.2324,2.7049,2.7183,1.0315,0.41521,0.72856,0.38556,0.15548,0.22883,0.051525,0.11629,0.12632,0.019113,0.096501,0.065941,0.084272,0.036227
2.1162,4.8829,4.0885,3.376,2.8105,2.8274,1.1135,0.34139,0.7,0.38195,0.16293,0.23568,0.057175,0.13217,0.12333,0.018736,0.10271,0.051976,0.081156,0.038546
2.1751,4.9449,4.1761,3.1964,2.8108,2.8981,1.1352,0.29912,0.68237,0.37896,0.18456,0.22684,0.076259,0.13611,0.083716,0.028565,0.10263,0.046292,0.072018,0.040498
2.2503,5.034,4.3682,2.9706,2.7184,2.9978,1.1771,0.31668,0.68396,0.38261,0.21015,0.22012,0.096146,0.15403,0.035023,0.043826,0.097955,0.042421,0.061973,0.041471
2.2824,5.0945,4.5336,2.8183,2.6261,3.0553,1.194,0.4452,0.73298,0.40078,0.25042,0.26033,0.13661,0.16066,0.050029,0.072016,0.099589,0.024827,0.056337,0.041787
2.2944,5.1416,4.6162,2.7729,2.5928,3.0344,1.2186,0.57595,0.80047,0.414,0.26366,0.26886,0.15043,0.18547,0.099598,0.077032,0.11204,0.032075,0.070063,0.057706
2.2794,5.1534,4.6136,2.7202,2.5102,2.9727,1.2344,0.692,0.81076,0.422,0.27108,0.27048,0.16753,0.19017,0.14443,0.095809,0.11616,0.035566,0.065316,0.053384
2.1746,5.1013,4.4916,2.8652,2.462,2.8158,1.2691,0.77894,0.8078,0.40848,0.25154,0.26913,0.15219,0.19069,0.16367,0.091644,0.099316,0.03835,0.056725,0.041498
2.0331,5.0274,4.3144,3.0368,2.4278,2.6842,1.2864,0.78677,0.77727,0.3975,0.24737,0.24965,0.11307,0.19386,0.13796,0.089256,0.066022,0.022895,0.054033,0.044822
1.9275,4.9032,4.1086,3.2193,2.4901,2.6419,1.3343,0.67563,0.73875,0.39099,0.22905,0.21278,0.11201,0.14577,0.16271,0.060769,0.062417,0.012189,0.02367,0.06331
1.918,4.7773,3.9463,3.2471,2.506,2.667,1.333,0.53907,0.65997,0.37879,0.2349,0.18952,0.089378,0.14116,0.18258,0.079923,0.037608,0.01007,0.028727,0.059357
1.9276,4.695,3.8961,3.1138,2.5416,2.6838,1.3807,0.43021,0.65251,0.36117,0.25283,0.19356,0.083124,0.14903,0.17715,0.11705,0.014752,0.0050542,0.015431,0.05948
2.0043,4.7228,3.9393,2.886,2.5192,2.7782,1.3614,0.36237,0.59067,0.29661,0.24177,0.16718,0.11381,0.14202,0.1756,0.12228,0.021596,0.015856,0.011653,0.070182
2.0987,4.8421,4.0641,2.5393,2.4259,2.8225,1.2789,0.46155,0.66084,0.33001,0.29525,0.18554,0.092682,0.12628,0.25644,0.078379,0.029711,0.024725,0.018624,0.038166
2.164,4.9935,4.1701,2.3381,2.4135,2.8891,1.2629,0.58033,0.69207,0.37787,0.32672,0.16706,0.14804,0.14538,0.30889,0.093828,0.040311,0.023921,0.03075,0.056619
2.196,5.155,4.281,2.3379,2.4914,2.9382,1.3393,0.67464,0.66588,0.37468,0.31454,0.16694,0.17486,0.16861,0.33903,0.1082,0.048008,0.036236,0.020301,0.049104
2.2336,5.3235,4.3758,2.4527,2.5584,2.9388,1.3984,0.8336,0.70022,0.39674,0.31598,0.19277,0.16563,0.17782,0.37645,0.11864,0.047419,0.039858,0.032999,0.045547
2.1494,5.3745,4.3794,2.8776,2.665,2.8357,1.4461,0.88034,0.64226,0.38865,0.30752,0.17906,0.13675,0.16861,0.35697,0.12948,0.065,0.030765,0.035485,0.036909
2.0309,5.2701,4.2457,3.3218,2.7335,2.7228,1.4426,0.83948,0.58619,0.3763,0.28398,0.14739,0.086216,0.1322,0.28674,0.12209,0.054019,0.036069,0.024202,0.014672
1.9715,5.0767,3.9994,3.5494,2.8792,2.8015,1.4267,0.65111,0.51028,0.41368,0.25533,0.13773,0.058256,0.10295,0.29714,0.12347,0.064349,0.040027,0.042305,0.035417
1.9141,4.8665,3.8997,3.5952,3.0582,2.8432,1.4133,0.56082,0.54963,0.3934,0.25762,0.13432,0.064979,0.13912,0.346,0.15026,0.11432,0.042758,0.043142,0.039689
1.9039,4.6918,3.8601,3.4556,3.024,2.7323,1.4433,0.41556,0.49381,0.3574,0.2188,0.10833,0.023218,0.1061,0.27092,0.13316,0.11565,0.042404,0.041118,0.020152
2.0182,4.6679,3.8951,2.9177,2.8297,2.903,1.3487,0.34277,0.43225,0.32239,0.25075,0.1028,0.059642,0.11023,0.26173,0.11455,0.083623,0.033952,0.032323,0.015061
2.1201,4.7754,4.0155,2.6013,2.752,3.0683,1.2986,0.46745,0.52696,0.33145,0.30443,0.14029,0.10413,0.12808,0.30052,0.10184,0.08392,0.042065,0.043826,0.026306
2.2129,5.0076,4.1899,2.3939,2.7451,3.1122,1.3232,0.65737,0.63444,0.35839,0.35216,0.17232,0.13924,0.14793,0.36154,0.10372,0.092162,0.060209,0.071047,0.036007
2.2666,5.2861,4.3352,2.4456,2.7783,3.1518,1.3809,0.82688,0.66454,0.38836,0.35283,0.18884,0.15983,0.14617,0.38563,0.10878,0.090551,0.067793,0.088995,0.046102
2.2864,5.4807,4.4147,2.6708,2.86,3.1204,1.383,0.9108,0.7191,0.40225,0.34138,0.1965,0.15479,0.12766,0.38377,0.11094,0.082207,0.064352,0.088156,0.037959
2.2295,5.5345,4.3569,3.1801,2.9879,2.8654,1.3849,0.95435,0.69099,0.38536,0.29639,0.17451,0.10771,0.10469,0.32588,0.12509,0.07262,0.053485,0.075795,0.022887
2.1229,5.4669,4.2105,3.6434,3.0765,2.7777,1.3767,0.85458,0.6303,0.37329,0.29702,0.12979,0.064807,0.064809,0.25013,0.13427,0.085392,0.05435,0.08232,0.020824
2.0657,5.3294,4.0124,3.9594,3.3183,2.9705,1.3188,0.67474,0.62944,0.43763,0.27962,0.13743,0.07088,0.036027,0.27882,0.17168,0.10236,0.057566,0.10609,0.031323
2.0189,5.1082,3.8749,3.9767,3.4223,2.8325,1.2967,0.57098,0.62936,0.39417,0.19905,0.11492,0.046762,0.049978,0.25777,0.1899,0.11569,0.056155,0.091429,0.022208
2.0486,4.9455,3.9107,3.5144,3.1607,2.7046,1.3318,0.35488,0.49089,0.30084,0.17479,0.083106,0.010359,0.039475,0.17636,0.1463,0.10154,0.052062,0.071641,0.017513
2.1352,4.9201,3.9874,2.9308,3.0075,3.0397,1.2089,0.39415,0.46859,0.32464,0.24914,0.1315,0.084875,0.089601,0.19089,0.07016,0.05689,0.037128,0.068543,0.028164
2.2101,5.0455,4.1242,2.6034,2.9973,3.1279,1.2505,0.5643,0.62262,0.35036,0.32538,0.17069,0.14332,0.090965,0.26857,0.080202,0.06103,0.055335,0.13758,0.074782
2.1572,5.2366,4.2799,2.6786,2.9432,3.1709,1.3509,0.70686,0.66806,0.3723,0.33851,0.20076,0.1691,0.094894,0.26255,0.075455,0.090591,0.084424,0.14568,0.050297
2.1554,5.3523,4.2354,2.8883,2.9124,3.1176,1.3443,0.82238,0.72459,0.39124,0.33311,0.21942,0.16171,0.058588,0.25458,0.073672,0.059191,0.068625,0.1242,0.056849
2.1476,5.3499,3.9739,3.4517,3.0402,2.7496,1.2851,0.82078,0.73961,0.39141,0.32658,0.20785,0.094276,0.069701,0.18638,0.11856,0.070313,0.067331,0.11283,0.070296
1.981,5.258,3.6134,3.9801,3.237,2.4226,1.0976,0.63216,0.57389,0.33655,0.18426,0.11345,0.025837,0.028423,0.10933,0.10653,0.052077,0.028934,0.068988,0.043333
1.9925,5.1197,3.1353,4.1613,3.5921,2.4852,0.82898,0.72251,0.5607,0.43426,0.22433,0.099254,0.12969,0.014172,0.12721,0.17343,0.076537,0.036669,0.1168,0.026692
2.0482,4.9764,3.1156,4.3523,3.8834,2.1868,0.86032,0.58722,0.57074,0.33229,0.15954,0.076048,0.10484,0.022842,0.13,0.18309,0.087397,0.05183,0.11645,0.044483
2.0561,4.8656,3.402,3.8791,3.5394,2.23,0.92773,0.3896,0.45637,0.29521,0.070194,0.085446,0.046274,0.018846,0.077042,0.064966,0.03427,0.025851,0.056702,0.026448
2.2115,4.9323,3.6737,2.9571,3.2162,2.8461,0.88474,0.59476,0.45748,0.314,0.25583,0.14205,0.11239,0.047794,0.11138,0.026556,0.012169,0.039684,0.048028,0.030376
2.2964,5.1335,3.9707,2.551,3.166,3.0813,0.98557,0.5945,0.62884,0.37221,0.33436,0.18454,0.20118,0.062842,0.16085,0.029672,0.043734,0.065228,0.14856,0.060918
2.3111,5.3377,4.178,2.2231,3.0649,3.2407,1.1113,0.56432,0.58412,0.39832,0.41774,0.19701,0.24615,0.082116,0.18078,0.033061,0.03124,0.099785,0.19774,0.082907
2.248,5.473,4.168,2.3456,3.0568,3.3449,1.1421,0.54374,0.55391,0.39734,0.39779,0.18994,0.24051,0.058947,0.14135,0.038397,0.050766,0.10017,0.19939,0.074885
2.1422,5.4746,3.9473,2.7963,3.1364,3.1616,1.1342,0.55374,0.54979,0.39497,0.36924,0.16544,0.22532,0.025119,0.10186,0.031146,0.048388,0.092334,0.16276,0.058192
2.0606,5.4167,3.7195,3.1649,3.0653,3.0556,1.2299,0.63708,0.52569,0.44697,0.43947,0.23066,0.17599,0.051241,0.12927,0.064759,0.052203,0.11146,0.16398,0.091052
2.0654,5.3536,3.7774,3.4006,2.9345,3.1873,1.272,0.56642,0.59058,0.42517,0.49206,0.23882,0.16547,0.073486,0.15165,0.089761,0.068471,0.12753,0.18553,0.10791
2.1135,5.3134,3.9448,3.4995,2.7856,3.0988,1.2941,0.56837,0.61071,0.39595,0.45906,0.22349,0.13219,0.059825,0.13385,0.075962,0.057886,0.11559,0.14049,0.08909
2.2365,5.3952,4.0448,3.1251,2.6196,2.9941,1.1625,0.67427,0.66284,0.35743,0.44522,0.24453,0.14345,0.064256,0.11726,0.035901,0.044664,0.093645,0.12852,0.065843
2.3641,5.5715,4.1738,2.5525,2.7746,3.0665,1.1146,0.63868,0.66702,0.34542,0.46214,0.23682,0.20481,0.087156,0.13955,0.031463,0.03693,0.13222,0.20005,0.10812
2.4181,5.7777,4.3291,2.2199,2.94,3.267,1.157,0.5601,0.6409,0.3281,0.48835,0.25066,0.25017,0.1189,0.16249,0.012627,0.033773,0.13858,0.19674,0.11541
2.4598,5.9411,4.4225,2.2283,3.1707,3.4017,1.1605,0.51144,0.62115,0.32175,0.46758,0.23412,0.26692,0.10848,0.13948,0.012129,0.038853,0.13134,0.19532,0.11754
2.4327,6.0235,4.4417,2.5157,3.4016,3.5449,1.201,0.45258,0.5616,0.33138,0.49077,0.2299,0.28449,0.11797,0.12432,0.00079902,0.038587,0.12746,0.18921,0.12093
2.3843,6.0017,4.4251,2.7569,3.4664,3.6763,1.2752,0.42156,0.56393,0.34528,0.55352,0.25038,0.30701,0.12691,0.12332,0.016775,0.052858,0.13589,0.20874,0.13202
2.312,5.8901,4.3646,3.1389,3.4858,3.7019,1.3446,0.46763,0.56165,0.37088,0.547,0.26489,0.3136,0.12812,0.11101,0.029668,0.060355,0.13877,0.21711,0.13402
2.2613,5.7241,4.2508,3.3681,3.4417,3.5721,1.3696,0.54052,0.55278,0.38147,0.5332,0.264,0.31939,0.13276,0.10019,0.048395,0.067814,0.13556,0.22129,0.13434
2.2256,5.6084,4.1373,3.3629,3.3305,3.398,1.3472,0.57115,0.52529,0.37277,0.47503,0.24407,0.28974,0.11393,0.099877,0.085754,0.063775,0.11599,0.18016,0.11541
2.2712,5.5601,4.1065,3.1716,3.2177,3.2777,1.299,0.57395,0.51805,0.37426,0.42794,0.2227,0.27002,0.10381,0.096778,0.08464,0.056811,0.099251,0.16424,0.11415
2.3306,5.6433,4.1321,3.1057,3.2541,3.2368,1.2602,0.56843,0.51152,0.38447,0.39643,0.23191,0.26389,0.10653,0.091795,0.10001,0.075475,0.1056,0.19037,0.11638
2.3969,5.7894,4.1951,2.9721,3.3194,3.2842,1.2405,0.56343,0.53429,0.38025,0.39034,0.24764,0.26092,0.10046,0.089838,0.10482,0.080777,0.10516,0.1983,0.11615
2.4575,5.9668,4.2877,2.9453,3.4459,3.4229,1.251,0.55204,0.5598,0.38219,0.39946,0.26617,0.26463,0.10404,0.096733,0.10279,0.088712,0.10519,0.21617,0.12063
2.5222,6.0874,4.3686,2.9954,3.5727,3.5519,1.3031,0.59869,0.58406,0.38904,0.4248,0.28586,0.27502,0.11693,0.11504,0.10371,0.089906,0.099062,0.24643,0.13231
2.5066,6.0953,4.3879,3.1839,3.6449,3.6064,1.3649,0.66328,0.58339,0.38913,0.44679,0.30558,0.29222,0.12735,0.12407,0.11773,0.092792,0.094198,0.26178,0.12845
2.4371,6.0238,4.372,3.2611,3.6154,3.5778,1.401,0.71636,0.6025,0.38206,0.45941,0.31175,0.30128,0.12176,0.1487,0.12006,0.086858,0.084455,0.26931,0.12217
2.3472,5.8935,4.3275,3.2716,3.525,3.5085,1.3981,0.74218,0.60662,0.37021,0.44491,0.30915,0.28915,0.12839,0.16452,0.11596,0.072007,0.063049,0.26205,0.1136
2.2892,5.7376,4.2469,3.1851,3.4104,3.3722,1.3554,0.75304,0.59242,0.3575,0.43032,0.31078,0.29107,0.12388,0.1694,0.10496,0.072346,0.062399,0.26215,0.11388
2.2198,5.6224,4.1692,3.2236,3.3392,3.2335,1.3249,0.78151,0.55817,0.32969,0.39701,0.28991,0.26806,0.11913,0.17458,0.10495,0.066951,0.055499,0.27911,0.10021
2.155,5.5916,4.1009,3.2305,3.2763,3.1291,1.3073,0.79138,0.58462,0.30416,0.33985,0.30507,0.28015,0.084163,0.20129,0.085328,0.083068,0.080086,0.28004,0.10354
2.1635,5.6139,4.0894,3.159,3.2292,3.0766,1.2664,0.78227,0.62031,0.30683,0.29551,0.32035,0.27051,0.084404,0.1999,0.091961,0.087164,0.083574,0.26669,0.10102
2.2042,5.6651,4.1195,3.202,3.2346,3.094,1.2564,0.78592,0.63373,0.30781,0.27229,0.3185,0.24976,0.091247,0.19993,0.10612,0.079844,0.084422,0.2674,0.088447
2.3018,5.7485,4.1718,3.1559,3.2338,3.1255,1.2644,0.80691,0.66702,0.32018,0.25028,0.32135,0.24278,0.086389,0.20568,0.094422,0.062447,0.084605,0.28285,0.069082
2.4521,5.8643,4.2839,3.1003,3.3052,3.2242,1.2833,0.7925,0.69201,0.37079,0.28068,0.30846,0.24938,0.0779,0.24513,0.055103,0.098575,0.13551,0.25282,0.080424
2.6069,6.0022,4.4196,3.0186,3.4102,3.3577,1.2557,0.78772,0.65858,0.37413,0.32197,0.28583,0.26922,0.090576,0.22805,0.085564,0.12106,0.12667,0.2807,0.057957
2.6312,6.0559,4.4969,3.1992,3.5199,3.4292,1.2367,0.85176,0.60524,0.32748,0.3014,0.29766,0.26096,0.10628,0.23364,0.10157,0.097366,0.13422,0.25884,0.06419
2.5472,5.9982,4.4642,3.4375,3.5199,3.41,1.2328,0.88861,0.60135,0.32189,0.2857,0.30004,0.24176,0.097264,0.26835,0.091073,0.12009,0.14037,0.24328,0.044252
2.3485,5.8283,4.3475,3.6831,3.3587,3.2782,1.2134,0.9516,0.58827,0.29579,0.25317,0.30997,0.23861,0.094062,0.2744,0.11313,0.13859,0.11448,0.27471,0.038031
2.1584,5.5806,4.157,3.7547,3.0787,3.0715,1.2229,0.97657,0.66731,0.31225,0.22255,0.33406,0.18801,0.10824,0.30434,0.13767,0.15246,0.13513,0.2785,0.039404
2.0441,5.3456,3.9739,3.6579,2.8139,2.8809,1.2268,0.97377,0.68278,0.29287,0.21827,0.31816,0.18648,0.11148,0.27358,0.16493,0.13752,0.11387,0.25284,0.040778
2.0542,5.2272,3.889,3.3487,2.5757,2.7299,1.1732,1.0202,0.68015,0.26598,0.18251,0.31845,0.15491,0.10564,0.26015,0.12588,0.12767,0.10905,0.22565,0.023462
2.0835,5.2565,3.9008,3.1312,2.5376,2.6714,1.1213,1.0937,0.70554,0.26169,0.18324,0.32258,0.14304,0.10118,0.27211,0.13357,0.1437,0.12561,0.2104,0.02528
2.1909,5.3856,3.9796,2.8556,2.5593,2.7184,1.1405,1.1658,0.71965,0.26843,0.20729,0.32594,0.15393,0.099444,0.28357,0.11711,0.14882,0.13521,0.18604,0.014809
2.2583,5.5393,4.0872,2.8839,2.6853,2.8114,1.1587,1.2495,0.72876,0.27127,0.18867,0.34063,0.14232,0.076295,0.28801,0.13945,0.15291,0.14181,0.17773,0.02212
2.2793,5.6258,4.1188,3.0828,2.8408,2.8875,1.1781,1.2848,0.73182,0.2547,0.17245,0.346,0.13974,0.088872,0.3022,0.1597,0.17762,0.13773,0.17251,0.0074407
2.3068,5.6231,4.1311,3.1109,2.8805,2.8829,1.2306,1.2098,0.69638,0.23108,0.19962,0.30923,0.15277,0.10989,0.29488,0.15455,0.1728,0.12943,0.16183,0.015568
2.3516,5.6253,4.1836,3.0737,2.8243,2.8882,1.2648,1.1996,0.70513,0.2654,0.21703,0.31982,0.13363,0.1052,0.28246,0.1238,0.14512,0.12302,0.13072,0.02534
2.3708,5.5987,4.2016,2.885,2.8019,2.8479,1.1898,1.185,0.72652,0.28205,0.2046,0.31272,0.1508,0.10437,0.29174,0.13084,0.14834,0.12769,0.12902,0.010368
2.4236,5.6,4.228,2.6264,2.843,2.898,1.1319,1.1383,0.71321,0.30127,0.20967,0.30009,0.19017,0.10317,0.28972,0.14026,0.16971,0.13701,0.12324,0.02044
2.4467,5.6538,4.25,2.5807,2.9557,2.9939,1.0856,1.0802,0.68778,0.30505,0.19577,0.27644,0.23032,0.10159,0.30064,0.1523,0.18802,0.14863,0.1172,0.03773
2.3964,5.6464,4.1996,2.8183,3.0807,3.0158,1.0584,1.0677,0.64581,0.27497,0.18866,0.24376,0.21797,0.075171,0.28422,0.15252,0.18693,0.13598,0.10984,0.03007
2.3463,5.6198,4.1041,3.0745,3.0827,3.0023,1.077,1.0514,0.63097,0.2797,0.19062,0.24691,0.20089,0.082068,0.2929,0.16827,0.21663,0.12722,0.098941,0.044841
2.3505,5.5791,4.0834,3.1638,3.0315,3.0064,1.0952,0.97039,0.68,0.28186,0.2111,0.27144,0.18319,0.082995,0.28447,0.15317,0.22057,0.13317,0.088946,0.046927
2.3819,5.5498,4.1324,3.1497,2.916,2.9548,1.0989,0.977,0.71011,0.25489,0.21682,0.27699,0.16058,0.093515,0.24803,0.10422,0.17219,0.10662,0.061022,0.044315
2.4208,5.5611,4.1732,2.9516,2.8747,2.8759,1.0518,1.0064,0.71984,0.26923,0.20537,0.27643,0.18141,0.090619,0.25487,0.1492,0.19289,0.10814,0.069238,0.050904
2.5108,5.6512,4.2585,2.6529,2.9337,2.9278,1.0299,0.96821,0.69887,0.28995,0.21804,0.27872,0.21599,0.08082,0.26875,0.18347,0.20709,0.11601,0.080184,0.053223
2.5835,5.7609,4.3806,2.4689,3.0707,3.0659,1.0134,0.92223,0.68037,0.29657,0.22191,0.27717,0.24197,0.074185,0.26405,0.20794,0.211,0.11354,0.078351,0.051721
2.5694,5.7997,4.4215,2.5508,3.2351,3.1584,1.0112,0.8844,0.6391,0.29188,0.21199,0.26575,0.24851,0.058418,0.26276,0.21798,0.21361,0.1076,0.074926,0.045225
2.4776,5.7441,4.3748,2.6854,3.2546,3.2109,1.0537,0.85017,0.61456,0.30521,0.21258,0.2597,0.24684,0.063561,0.24491,0.21619,0.21811,0.10675,0.077485,0.053329
2.3462,5.5803,4.2747,2.8423,3.186,3.2171,1.0773,0.81032,0.61279,0.32089,0.2215,0.263,0.23214,0.072668,0.21768,0.20089,0.20735,0.0952,0.066365,0.048995
2.1999,5.3294,4.1369,2.8746,3.0414,3.1025,1.0724,0.80159,0.61665,0.31955,0.22896,0.26804,0.23361,0.072963,0.19975,0.18834,0.19295,0.081551,0.06566,0.051116
2.1089,5.056,3.9562,2.8314,2.8924,2.9357,1.039,0.8066,0.58109,0.31716,0.21446,0.25918,0.22766,0.065669,0.17355,0.17473,0.17887,0.071092,0.064738,0.054529
1.9968,4.842,3.7551,2.8185,2.7463,2.725,0.98758,0.80512,0.54729,0.30396,0.20742,0.25281,0.22265,0.052905,0.15079,0.15145,0.15509,0.058092,0.069023,0.050534
1.9311,4.754,3.642,2.8068,2.6469,2.6105,0.92475,0.81449,0.56084,0.29551,0.21185,0.25199,0.19937,0.053399,0.12343,0.12099,0.1463,0.052544,0.059761,0.050306
1.9577,4.7556,3.5873,2.7583,2.5568,2.5625,0.90126,0.8397,0.59218,0.2992,0.22048,0.25328,0.16885,0.066981,0.11304,0.10677,0.14554,0.051958,0.062612,0.052065
1.9474,4.7989,3.5841,2.7871,2.5016,2.5291,0.90066,0.85751,0.63958,0.29848,0.2429,0.26438,0.14927,0.08278,0.091866,0.085327,0.13299,0.044182,0.056096,0.052815
2.0148,4.8821,3.6486,2.6027,2.3919,2.5032,0.89794,0.90023,0.66932,0.29289,0.26027,0.25661,0.13079,0.09448,0.063432,0.042821,0.11294,0.052079,0.05802,0.043196
2.0188,4.9492,3.7795,2.5164,2.4244,2.5823,0.95686,0.97683,0.69435,0.28866,0.25339,0.28648,0.16221,0.089645,0.063328,0.059367,0.08288,0.042352,0.05638,0.054546
1.9742,4.9118,3.8231,2.3425,2.4378,2.6272,0.96502,0.97378,0.70307,0.31587,0.26643,0.30097,0.17378,0.10174,0.09488,0.059865,0.085527,0.045345,0.066265,0.041236
1.9179,4.7532,3.7244,2.3795,2.4108,2.564,0.97622,0.95021,0.67817,0.31953,0.25685,0.30882,0.17603,0.09866,0.088916,0.041061,0.052215,0.034508,0.05172,0.054011
1.846,4.5643,3.5483,2.4635,2.3095,2.4124,0.93305,0.95197,0.64317,0.33391,0.24962,0.25794,0.1094,0.089606,0.094048,0.052999,0.035955,0.028465,0.05777,0.041195
1.755,4.3842,3.3636,2.508,2.27,2.3,0.87361,0.87594,0.59082,0.31163,0.21631,0.2228,0.13305,0.06025,0.048385,0.055278,0.058219,0.039292,0.063942,0.033936
1.7479,4.2795,3.2846,2.4901,2.1314,2.2392,0.82932,0.94084,0.58772,0.26438,0.20901,0.2803,0.092401,0.10737,0.080204,0.085433,0.019919,0.015043,0.046204,0.047243
1.789,4.2803,3.259,2.3189,2.0594,2.1345,0.83282,0.97368,0.6577,0.29962,0.25345,0.23997,0.082649,0.065911,0.035826,0.058906,0.029808,0.015634,0.060908,0.042744
1.9226,4.3545,3.3004,1.8852,1.9895,2.1452,0.83766,0.96371,0.66388,0.29443,0.22829,0.24311,0.11279,0.067197,0.068505,0.039831,0.018869,0.0060417,0.04166,0.038757
1.9986,4.5055,3.4214,1.6692,2.1247,2.2638,0.82131,0.95295,0.61984,0.32007,0.20509,0.26529,0.15248,0.076079,0.12384,0.024378,0.011577,0.031844,0.046684,0.029227
2.0522,4.6365,3.5057,1.541,2.2424,2.3634,0.84409,0.93311,0.5933,0.33166,0.19051,0.27634,0.17382,0.077947,0.13756,0.026781,0.0063481,0.03392,0.043993,0.031526
2.0557,4.7163,3.5577,1.6516,2.3574,2.4094,0.86907,0.9304,0.5695,0.34734,0.1739,0.27975,0.18582,0.079391,0.15815,0.033509,0.0079445,0.041447,0.036255,0.02116
2.0249,4.7144,3.5511,1.8388,2.4304,2.4842,0.86235,0.90065,0.55922,0.3642,0.1523,0.28994,0.18399,0.077691,0.13973,0.013775,0.0066319,0.053344,0.037307,0.032309
1.9762,4.6226,3.5083,1.9828,2.4179,2.504,0.85447,0.86717,0.55044,0.34874,0.13992,0.28311,0.19091,0.069848,0.14746,0.01399,0.015563,0.042754,0.028874,0.018475
1.8848,4.4945,3.4464,2.099,2.382,2.5073,0.84439,0.83116,0.52915,0.34951,0.14937,0.27087,0.19218,0.080092,0.17708,0.037946,0.010038,0.061881,0.034367,0.025186
1.7744,4.3115,3.3117,2.1617,2.3065,2.3858,0.81502,0.81194,0.52037,0.35496,0.14229,0.26882,0.17008,0.063481,0.17993,0.044689,0.037119,0.053142,0.030735,0.017825
1.613,4.0932,3.1298,2.3626,2.2029,2.1755,0.74418,0.78349,0.50268,0.33599,0.12779,0.23013,0.12863,0.053691,0.16528,0.063141,0.028226,0.051331,0.030382,0.019506
1.4679,3.8721,2.8963,2.4811,2.0524,1.9709,0.6293,0.7375,0.45807,0.30893,0.13025,0.19522,0.058561,0.044484,0.099855,0.073793,0.035,0.028035,0.024984,0.01766
1.3842,3.708,2.6778,2.5506,2.1682,1.9522,0.56514,0.57603,0.36333,0.32479,0.10607,0.1824,0.079999,0.050891,0.094009,0.11261,0.065455,0.024525,0.020972,0.022269
1.4228,3.6444,2.6047,2.3587,2.1411,1.881,0.58045,0.52265,0.34674,0.30266,0.10926,0.16141,0.038621,0.050898,0.092762,0.11418,0.059595,0.02927,0.025179,0.020774
1.4998,3.7006,2.7,2.1618,2.0592,1.9805,0.59981,0.56921,0.33129,0.2772,0.16993,0.15607,0.058496,0.05251,0.060976,0.10044,0.048713,0.021426,0.01788,0.019014
1.6251,3.8438,2.8312,1.7851,2.1227,2.2322,0.6159,0.57721,0.33248,0.30022,0.17239,0.20485,0.11532,0.05589,0.11413,0.10535,0.048933,0.031404,0.027565,0.015917
1.6904,3.9866,3.0041,1.6093,2.2103,2.3644,0.69945,0.70247,0.38833,0.34387,0.18448,0.24789,0.11826,0.058794,0.15123,0.13422,0.060048,0.039001,0.036926,0.023162
1.7025,4.0369,3.1025,1.6346,2.2148,2.4157,0.7182,0.79059,0.42125,0.35765,0.18345,0.27037,0.11269,0.053347,0.17026,0.14304,0.060923,0.036121,0.026828,0.026465
1.6636,4.0248,3.0837,1.7495,2.2152,2.3434,0.69267,0.89071,0.47048,0.37346,0.18139,0.28462,0.088771,0.043398,0.19213,0.16031,0.064039,0.036459,0.029963,0.028584
1.6448,3.9976,3.0226,1.8354,2.1983,2.2528,0.67568,0.94883,0.47833,0.38843,0.18109,0.29441,0.074584,0.040156,0.19619,0.16211,0.063599,0.034367,0.026355,0.034732
1.6421,3.9676,2.9926,1.9197,2.1324,2.2142,0.65605,0.96513,0.44754,0.38002,0.18161,0.29998,0.0736,0.041811,0.19463,0.17212,0.068644,0.030837,0.025099,0.031683
1.6994,4.0273,3.0292,1.9377,2.0841,2.2356,0.64657,0.99213,0.45525,0.37349,0.19697,0.31268,0.069601,0.0252,0.20629,0.19076,0.08136,0.036688,0.025742,0.041345
1.8186,4.1609,3.1656,1.9299,2.0929,2.3407,0.65734,1.0052,0.44884,0.37915,0.20332,0.32475,0.075431,0.02377,0.21838,0.18831,0.077099,0.034195,0.017458,0.039886
1.9125,4.3223,3.3087,1.8991,2.1554,2.4192,0.67262,1.0276,0.46737,0.37765,0.19796,0.32656,0.088112,0.033495,0.22922,0.17852,0.078179,0.030007,0.013873,0.040108
1.9942,4.5296,3.484,1.8642,2.2457,2.5162,0.7003,1.0404,0.46205,0.38283,0.19952,0.32892,0.10136,0.04379,0.22819,0.17183,0.087221,0.03614,0.0057042,0.043124
2.0037,4.6822,3.6191,1.7923,2.3444,2.5864,0.73886,1.041,0.47162,0.35905,0.17875,0.32296,0.14575,0.026738,0.24866,0.15863,0.079362,0.030924,0.01651,0.051159
1.9588,4.7106,3.6638,1.7353,2.3928,2.6452,0.73379,0.97538,0.46686,0.36156,0.16637,0.32796,0.17143,0.02761,0.23427,0.1475,0.10321,0.039536,0.026175,0.042512
1.8794,4.6085,3.6131,1.7829,2.3836,2.6106,0.72785,0.9165,0.44352,0.34676,0.14916,0.30957,0.18069,0.019574,0.2239,0.14858,0.1023,0.028221,0.020964,0.03713
1.8044,4.4532,3.4696,1.9031,2.3254,2.5427,0.68701,0.84466,0.43649,0.38294,0.15009,0.31432,0.17295,0.020271,0.21103,0.14357,0.095027,0.030824,0.043285,0.056072
1.7761,4.3457,3.3462,1.896,2.1991,2.4412,0.61266,0.81084,0.38996,0.38463,0.1757,0.26708,0.1577,0.019623,0.21004,0.13456,0.089638,0.027009,0.031098,0.044213
1.8153,4.298,3.2864,1.9563,2.1933,2.4446,0.56283,0.79709,0.34881,0.36143,0.14558,0.27666,0.18718,0.0092745,0.20535,0.13665,0.095035,0.006548,0.01959,0.057621
1.913,4.3573,3.296,1.9273,2.1921,2.4256,0.4954,0.84442,0.3713,0.35921,0.14269,0.29086,0.17539,0.010968,0.22285,0.10177,0.099859,0.024004,0.024879,0.043115
2.0384,4.4886,3.3779,1.7199,2.2417,2.4998,0.49368,0.82865,0.35143,0.35648,0.14694,0.28762,0.21476,0.010415,0.20849,0.099849,0.1091,0.0073961,0.0070608,0.05057
2.1339,4.6387,3.4951,1.52,2.3767,2.6182,0.52366,0.80328,0.33336,0.34784,0.15832,0.31403,0.22509,0.02673,0.20019,0.10085,0.099669,0.021016,0.0020854,0.071847
2.155,4.7508,3.5872,1.4725,2.5393,2.7157,0.59724,0.77494,0.32294,0.3696,0.18805,0.30825,0.23599,0.038527,0.22566,0.083448,0.099737,0.027132,0.018074,0.052932
2.1618,4.7955,3.6201,1.3568,2.6391,2.8071,0.64448,0.71496,0.28334,0.36679,0.20982,0.29229,0.26924,0.021405,0.22777,0.072049,0.10382,0.010927,0.0223,0.071942
2.1011,4.7564,3.6096,1.4557,2.7103,2.8837,0.6539,0.67623,0.22714,0.35353,0.20043,0.30307,0.26574,0.025434,0.21631,0.086187,0.093797,0.013374,0.014934,0.071013
2.0482,4.6367,3.5283,1.5126,2.6847,2.8604,0.63341,0.66746,0.21708,0.33438,0.19427,0.30379,0.25352,0.02931,0.22096,0.081744,0.090806,0.0016305,0.02759,0.071537
1.9895,4.5013,3.4185,1.5354,2.6241,2.7986,0.61279,0.66952,0.21088,0.32354,0.18438,0.30949,0.24112,0.033206,0.2205,0.070003,0.088507,0.0031866,0.033982,0.066723
1.9601,4.4097,3.3237,1.4961,2.5835,2.785,0.57798,0.6571,0.20479,0.31465,0.16722,0.32356,0.22955,0.025049,0.21077,0.076077,0.071631,0.012501,0.052104,0.082437
1.9908,4.393,3.2633,1.5144,2.6047,2.7884,0.54645,0.65699,0.1904,0.2986,0.15793,0.32117,0.24564,0.013749,0.19427,0.078623,0.084652,0.0064461,0.04826,0.074491
2.0701,4.4772,3.2764,1.4926,2.6517,2.8252,0.54763,0.65079,0.17758,0.28905,0.16811,0.32613,0.2485,0.025809,0.2103,0.069222,0.075512,0.0051482,0.065139,0.080131
2.2034,4.633,3.3542,1.4022,2.7176,2.91,0.55519,0.6442,0.17374,0.29037,0.17493,0.32882,0.24864,0.025396,0.21167,0.075234,0.059376,0.0047723,0.075148,0.079281
2.2875,4.7819,3.4688,1.4172,2.8379,2.9901,0.56777,0.65934,0.17643,0.29721,0.18966,0.34188,0.25642,0.026153,0.21402,0.077887,0.060928,0.0056135,0.088412,0.07861
2.3524,4.891,3.5685,1.3172,2.9002,3.0489,0.58804,0.6587,0.17522,0.28372,0.20374,0.33776,0.26129,0.036396,0.22028,0.077657,0.054412,0.015083,0.10557,0.082152
2.3282,4.9048,3.5962,1.2741,2.9362,3.0697,0.61184,0.63495,0.16077,0.2719,0.213,0.33226,0.26006,0.048687,0.21567,0.070068,0.056286,0.028738,0.1103,0.076934
2.2405,4.8099,3.548,1.3614,2.9381,3.0482,0.61703,0.61976,0.14114,0.27052,0.21349,0.32195,0.24242,0.052177,0.19988,0.053856,0.063384,0.01671,0.11607,0.075168
2.1391,4.6497,3.4305,1.4743,2.847,2.942,0.58933,0.6433,0.13484,0.28001,0.20574,0.33463,0.22555,0.041573,0.19349,0.063793,0.057821,0.025831,0.11695,0.077945
2.0476,4.5071,3.3283,1.5616,2.7356,2.8784,0.55972,0.65051,0.14517,0.28562,0.16991,0.32482,0.22718,0.051907,0.18098,0.056256,0.057982,0.022224,0.1089,0.07187
1.9496,4.3633,3.2221,1.756,2.6293,2.7513,0.52424,0.67414,0.14689,0.28173,0.15433,0.30135,0.21738,0.044065,0.17068,0.060242,0.051698,0.01958,0.099724,0.073191
1.9721,4.3185,3.1797,1.7204,2.5119,2.6735,0.48036,0.69315,0.16933,0.28513,0.14867,0.28602,0.21466,0.04028,0.15386,0.054213,0.046973,0.019306,0.095312,0.069085
2.0182,4.3568,3.1757,1.7084,2.4839,2.638,0.45054,0.69821,0.17555,0.29068,0.14647,0.28344,0.22187,0.040465,0.13979,0.053629,0.037937,0.015527,0.095135,0.070157
2.0762,4.4309,3.228,1.6972,2.5221,2.6658,0.4138,0.70372,0.18942,0.28943,0.14672,0.28471,0.22614,0.041861,0.13437,0.065893,0.037039,0.0070079,0.10452,0.074764
2.1971,4.5831,3.3239,1.5181,2.557,2.723,0.39834,0.71322,0.20217,0.27901,0.17012,0.29377,0.23174,0.043739,0.13864,0.065028,0.040241,0.0035671,0.12525,0.077125
2.3518,4.7936,3.4672,1.3007,2.6802,2.8348,0.41472,0.68585,0.19411,0.26632,0.19427,0.30723,0.23616,0.055196,0.14515,0.066513,0.037611,0.010482,0.13509,0.071388
2.4639,5.0108,3.6117,1.1573,2.8413,2.9469,0.44135,0.67163,0.21437,0.26409,0.21801,0.32712,0.23977,0.074419,0.16647,0.072988,0.029018,0.024757,0.15504,0.074095
2.5515,5.1786,3.73,1.0396,2.978,3.0496,0.49123,0.64483,0.22829,0.25711,0.22963,0.33716,0.23887,0.085778,0.18864,0.071063,0.027678,0.030967,0.16789,0.075503
2.5766,5.2466,3.7874,1.0089,3.0739,3.1326,0.52709,0.63622,0.24772,0.24716,0.23999,0.34576,0.23036,0.087414,0.18828,0.062258,0.024284,0.035162,0.1758,0.073744
2.539,5.1841,3.7633,1.0246,3.1047,3.1405,0.56415,0.64908,0.27167,0.24021,0.23488,0.34364,0.21974,0.084514,0.18343,0.059097,0.025,0.036636,0.17858,0.069106
2.3979,5.0334,3.6704,1.2868,3.0906,3.0754,0.5775,0.67711,0.25668,0.24159,0.21389,0.32713,0.20837,0.073232,0.16824,0.053105,0.035626,0.024636,0.15119,0.063443
2.3071,4.8583,3.5518,1.2966,2.9521,3.015,0.57198,0.71316,0.26642,0.24759,0.20857,0.3199,0.21603,0.074072,0.15586,0.041627,0.02985,0.030588,0.15728,0.07277
2.2524,4.7302,3.4398,1.3332,2.8829,2.9515,0.57558,0.71284,0.25785,0.24935,0.21133,0.31184,0.2203,0.069913,0.1426,0.034433,0.026007,0.036323,0.15412,0.072574
2.2657,4.6795,3.3616,1.3624,2.8713,2.9054,0.5715,0.70992,0.24532,0.25387,0.20453,0.30597,0.22647,0.069259,0.13317,0.027124,0.024062,0.041671,0.15497,0.062523
2.2974,4.7112,3.327,1.3912,2.8743,2.9017,0.56444,0.72442,0.24642,0.25895,0.22093,0.31191,0.22952,0.067027,0.12713,0.020011,0.025241,0.045059,0.16098,0.066879
2.3958,4.8178,3.3776,1.2892,2.9115,2.9907,0.55965,0.71005,0.26724,0.27021,0.23106,0.3122,0.22858,0.075837,0.12778,0.024242,0.028375,0.047114,0.16149,0.061423
2.4437,4.9374,3.4514,1.4278,3.0208,3.0573,0.573,0.71887,0.25508,0.27667,0.24201,0.3201,0.23317,0.079766,0.12941,0.02362,0.031263,0.051609,0.16281,0.063974
2.475,5.0233,3.5102,1.4821,3.084,3.0971,0.58262,0.73594,0.26858,0.27959,0.26024,0.3392,0.24448,0.081087,0.11509,0.015222,0.030228,0.062679,0.17042,0.061613
2.4868,5.0714,3.5624,1.4772,3.1055,3.1516,0.58993,0.73743,0.29151,0.27992,0.27074,0.34494,0.24382,0.077502,0.10598,0.016275,0.041256,0.067757,0.16603,0.061621
2.4381,5.0577,3.5703,1.4206,3.1115,3.1417,0.61089,0.72725,0.30009,0.27755,0.27375,0.34702,0.24402,0.08071,0.11375,0.013914,0.046226,0.075005,0.16718,0.06255
2.3612,4.9977,3.5374,1.4664,3.0946,3.0823,0.63066,0.72899,0.28316,0.26959,0.28051,0.344,0.23165,0.084896,0.11244,0.010902,0.061345,0.071998,0.14961,0.067639
2.3413,4.9372,3.4959,1.3669,3.041,3.0301,0.6455,0.72098,0.28919,0.25742,0.27315,0.32495,0.22747,0.085439,0.10157,0.017167,0.064002,0.071836,0.16896,0.054333
2.3444,4.9118,3.4789,1.2951,3.0469,3.0237,0.67127,0.69548,0.3094,0.25087,0.25449,0.31858,0.23596,0.071751,0.10693,0.018812,0.052809,0.097876,0.16207,0.054224
2.3434,4.9231,3.4746,1.2216,3.0848,3.0351,0.69792,0.66928,0.35269,0.26345,0.25916,0.33826,0.23594,0.075459,0.11828,0.016226,0.066422,0.10289,0.15444,0.054024
2.4123,4.9628,3.4776,1.1737,3.1432,3.0915,0.71165,0.64571,0.38096,0.27961,0.27789,0.34042,0.22491,0.086554,0.11409,0.017498,0.074579,0.10846,0.16314,0.044081
2.4648,4.985,3.4936,1.1493,3.1913,3.1127,0.735,0.65507,0.39875,0.2873,0.28943,0.3398,0.22583,0.092033,0.1096,0.020173,0.079443,0.11588,0.15837,0.044732
2.5023,5.0081,3.5124,1.0697,3.2129,3.1533,0.75118,0.63249,0.43279,0.29133,0.28392,0.33387,0.21503,0.10704,0.10202,0.020659,0.083495,0.1043,0.14254,0.039788
2.5092,4.9779,3.5086,1.0589,3.2487,3.1339,0.77901,0.60119,0.45771,0.31279,0.30616,0.32741,0.19883,0.11731,0.089976,0.041131,0.06289,0.12597,0.11907,0.059169
2.4717,4.906,3.4735,1.0739,3.2455,3.1441,0.77982,0.55401,0.46811,0.3197,0.30141,0.29244,0.20727,0.098921,0.094715,0.048901,0.07166,0.11999,0.10182,0.048687
2.4084,4.8142,3.3989,1.0646,3.1965,3.088,0.77296,0.5296,0.472,0.31278,0.28278,0.2755,0.22248,0.079962,0.1008,0.040986,0.08029,0.098789,0.10777,0.033341
2.3644,4.7032,3.3089,1.0671,3.1344,3.0405,0.75565,0.50279,0.47438,0.3032,0.26054,0.28635,0.21856,0.08242,0.091227,0.032833,0.073986,0.10216,0.089487,0.055249
2.3541,4.6155,3.2139,1.0315,3.0564,2.9569,0.72967,0.49805,0.4597,0.29721,0.26356,0.30074,0.19673,0.10106,0.073011,0.035032,0.064627,0.11028,0.057875,0.06024
2.3629,4.5638,3.1685,1.0165,3.0154,2.9089,0.7178,0.49919,0.44801,0.29529,0.27458,0.30136,0.17727,0.11492,0.062939,0.038788,0.06951,0.10539,0.054745,0.04196
2.4369,4.5694,3.1442,0.99578,2.9965,2.9101,0.7179,0.49745,0.45395,0.2965,0.27815,0.28425,0.17134,0.11133,0.069985,0.041824,0.079303,0.092101,0.060496,0.040318
2.4971,4.6167,3.1608,0.99785,2.9927,2.9167,0.73211,0.50769,0.44893,0.29647,0.27448,0.26993,0.18158,0.10703,0.077326,0.054829,0.079555,0.099676,0.04834,0.048784
2.5388,4.6767,3.2057,1.0281,3.0477,2.9404,0.75923,0.52052,0.45022,0.29987,0.27042,0.27309,0.18726,0.10467,0.078232,0.065869,0.080924,0.10663,0.038499,0.05274
2.539,4.7051,3.239,1.1032,3.0764,2.9773,0.77271,0.5219,0.45379,0.30275,0.26994,0.26773,0.19012,0.10292,0.081283,0.080574,0.082508,0.11367,0.028805,0.055527
2.4921,4.693,3.2594,1.2678,3.0875,2.9923,0.79744,0.55918,0.4131,0.29284,0.2537,0.26353,0.2044,0.091126,0.084099,0.076409,0.095936,0.11291,0.011108,0.043316
2.4594,4.6368,3.2221,1.2344,3.0172,2.9467,0.80665,0.58978,0.39829,0.27078,0.23171,0.28165,0.20685,0.093157,0.073723,0.074979,0.10672,0.089994,0.026013,0.041656
2.3781,4.541,3.1766,1.3343,2.9822,2.8888,0.8309,0.60033,0.37276,0.26137,0.23714,0.28989,0.1853,0.097464,0.055001,0.098719,0.091563,0.091728,0.013491,0.051865
2.293,4.4497,3.1075,1.3709,2.9287,2.8072,0.85856,0.59334,0.37724,0.27038,0.25891,0.27493,0.18115,0.086088,0.061071,0.10566,0.0818,0.092664,0.017776,0.034944
2.2771,4.3822,3.0375,1.2697,2.8673,2.7611,0.8646,0.56091,0.38546,0.2742,0.25357,0.24989,0.18449,0.068468,0.072585,0.09761,0.092431,0.067731,0.022935,0.035539
2.2801,4.3339,2.9987,1.1724,2.8375,2.7336,0.84028,0.53258,0.39505,0.27665,0.25049,0.2387,0.18096,0.066092,0.077385,0.097343,0.09097,0.048509,0.020523,0.039634
2.3016,4.3482,2.9941,1.0403,2.8608,2.7201,0.8305,0.50432,0.41453,0.28125,0.25051,0.23364,0.18846,0.06822,0.079487,0.10089,0.08135,0.036046,0.016491,0.047963
2.3612,4.3976,3.0039,0.886,2.8964,2.7548,0.80393,0.46934,0.44349,0.29057,0.24514,0.23146,0.18283,0.081774,0.090629,0.10679,0.068577,0.042056,0.012684,0.043741
2.4323,4.4667,3.042,0.87282,2.9636,2.7933,0.79164,0.45868,0.45203,0.29246,0.22992,0.22862,0.16906,0.091299,0.10332,0.11611,0.052936,0.043578,0.016766,0.043303
2.486,4.5353,3.0921,0.83804,3.0198,2.8422,0.7788,0.47991,0.45922,0.29594,0.22341,0.22848,0.16319,0.092909,0.11359,0.12787,0.053645,0.036813,0.014689,0.051035
2.5302,4.6101,3.178,0.86947,3.0678,2.9138,0.77722,0.48917,0.46562,0.29288,0.21567,0.22426,0.16385,0.10097,0.11541,0.1399,0.066016,0.02132,0.012817,0.052606
2.5629,4.6492,3.2323,0.90324,3.1077,2.9299,0.79511,0.51224,0.45175,0.28518,0.22041,0.21411,0.17403,0.11351,0.11259,0.13373,0.073269,0.02368,0.0073274,0.044095
2.5555,4.6324,3.2305,0.82213,3.0823,2.948,0.80444,0.49532,0.45784,0.28481,0.23105,0.2052,0.17841,0.11968,0.11349,0.12719,0.066171,0.025684,0.006394,0.048911
2.4793,4.5654,3.1945,0.91142,3.0824,2.9268,0.80812,0.45815,0.43588,0.27315,0.23119,0.19551,0.1652,0.11501,0.11516,0.12758,0.061115,0.021221,0.010179,0.059323
2.3863,4.4556,3.1055,0.97984,3.0171,2.8701,0.82115,0.4763,0.41149,0.27658,0.22277,0.21708,0.16114,0.11003,0.10421,0.12538,0.067338,0.010678,0.0084938,0.064906
2.3187,4.3475,3.0113,0.97668,2.939,2.8012,0.82435,0.47559,0.40535,0.26833,0.20576,0.22659,0.15239,0.091042,0.11101,0.1264,0.066953,0.0030052,0.015756,0.057099
2.2681,4.2577,2.9352,0.99652,2.8951,2.7422,0.8282,0.45714,0.39095,0.26436,0.20062,0.23202,0.15065,0.087379,0.10856,0.13681,0.071104,0.0057663,0.029868,0.054688
2.2307,4.1845,2.8614,1.0319,2.8366,2.6881,0.82241,0.45573,0.36875,0.25992,0.1973,0.23262,0.14793,0.091733,0.11481,0.14072,0.07298,0.01102,0.036912,0.055705
2.2548,4.1587,2.8335,0.913,2.7971,2.6805,0.8059,0.46935,0.37523,0.26549,0.19849,0.23702,0.14713,0.090303,0.11708,0.13774,0.069782,0.014866,0.039177,0.051065
2.2354,4.1606,2.8484,1.0792,2.8409,2.6857,0.82736,0.46792,0.36345,0.25548,0.1975,0.24711,0.14499,0.087624,0.11807,0.14226,0.063802,0.016942,0.040245,0.048278
2.2417,4.1823,2.8486,1.1581,2.8399,2.7019,0.83588,0.49665,0.34507,0.252,0.20879,0.25109,0.16332,0.09904,0.10978,0.15119,0.076599,0.025027,0.033913,0.050842
2.2393,4.1962,2.8857,1.2864,2.8579,2.707,0.85662,0.53361,0.31273,0.25376,0.22825,0.26504,0.1782,0.096132,0.10809,0.12965,0.075339,0.011373,0.044715,0.038575
2.2199,4.2135,2.9223,1.4147,2.8819,2.7163,0.8815,0.5571,0.30565,0.263,0.22744,0.29196,0.17899,0.093135,0.11286,0.1344,0.066304,0.014794,0.04453,0.046592
2.2067,4.1901,2.9245,1.4024,2.8603,2.6762,0.87196,0.57044,0.30606,0.26331,0.22414,0.30561,0.18077,0.080482,0.10916,0.14069,0.059257,0.026406,0.039133,0.044729
2.1557,4.1428,2.9172,1.3693,2.8336,2.6558,0.85515,0.54392,0.31304,0.25015,0.20918,0.30147,0.18155,0.077484,0.10576,0.13369,0.067757,0.024889,0.045648,0.038388
2.1052,4.0658,2.8638,1.3028,2.7932,2.6097,0.82511,0.53132,0.31173,0.23588,0.20015,0.29249,0.17669,0.072893,0.098895,0.12365,0.067898,0.019217,0.051933,0.041889
2.0211,3.9323,2.7961,1.2812,2.7219,2.5383,0.80251,0.49876,0.3084,0.2183,0.19583,0.28481,0.16565,0.071003,0.097727,0.11229,0.055106,0.0261,0.054339,0.041233
1.9153,3.7898,2.6967,1.3068,2.6639,2.4788,0.77868,0.4732,0.29055,0.20612,0.18733,0.27487,0.1546,0.065847,0.088916,0.1014,0.056577,0.027822,0.056249,0.039177
1.8122,3.6427,2.5851,1.349,2.5643,2.4077,0.74268,0.47891,0.27024,0.20354,0.187,0.27796,0.15327,0.061045,0.078653,0.093862,0.056495,0.026071,0.054936,0.037754
1.7391,3.5237,2.4963,1.3524,2.469,2.3555,0.71795,0.48591,0.27052,0.20134,0.1878,0.28178,0.15702,0.060781,0.077105,0.085838,0.051839,0.025647,0.059006,0.041217
1.6877,3.4428,2.4246,1.4012,2.4064,2.3142,0.68808,0.4889,0.25808,0.19929,0.18347,0.28145,0.1568,0.058122,0.075654,0.08714,0.055085,0.021153,0.053077,0.038421
1.6493,3.3989,2.3967,1.4839,2.3641,2.2574,0.66952,0.51481,0.24472,0.19514,0.1884,0.28468,0.15489,0.054537,0.073346,0.076009,0.05037,0.018113,0.052937,0.039312
1.6668,3.404,2.4185,1.479,2.3264,2.2518,0.64686,0.5298,0.2492,0.19425,0.20166,0.29639,0.16281,0.056567,0.072195,0.070029,0.043902,0.011579,0.044477,0.036224
1.7126,3.4474,2.4713,1.4281,2.3077,2.2607,0.62385,0.51974,0.24468,0.18861,0.20247,0.28854,0.16213,0.054359,0.072146,0.066703,0.036296,0.012884,0.043091,0.035306
1.7415,3.5361,2.5417,1.4192,2.3594,2.3093,0.61278,0.50783,0.24394,0.1928,0.20608,0.29195,0.15899,0.056344,0.067359,0.065376,0.035318,0.012355,0.045823,0.040633
1.7718,3.5937,2.5903,1.3441,2.3784,2.3392,0.6011,0.49816,0.25809,0.18866,0.21469,0.29099,0.15742,0.060724,0.074085,0.060312,0.025877,0.012994,0.043942,0.036383
1.7959,3.6187,2.6316,1.2571,2.3986,2.369,0.59524,0.4856,0.26277,0.18984,0.20924,0.30011,0.15371,0.063078,0.079046,0.057794,0.024464,0.011054,0.039811,0.032449
1.7164,3.5502,2.6144,1.3601,2.3933,2.3385,0.58799,0.4651,0.24582,0.19117,0.18486,0.29641,0.14406,0.060266,0.070556,0.052136,0.028956,0.0054234,0.033809,0.029244
1.5952,3.4332,2.54,1.5071,2.3065,2.2514,0.57833,0.50503,0.22537,0.19145,0.17582,0.30725,0.14433,0.04747,0.068384,0.034151,0.022648,0.0075615,0.036743,0.031166
1.5154,3.2923,2.4479,1.4857,2.1673,2.1529,0.55001,0.51804,0.22724,0.19459,0.1603,0.30369,0.1376,0.048163,0.07409,0.029156,0.017914,0.0059911,0.034491,0.03355
1.413,3.1346,2.3502,1.5659,2.0708,2.0536,0.54766,0.54319,0.20298,0.19617,0.15262,0.31032,0.15004,0.039742,0.068257,0.01847,0.017856,0.0069909,0.032075,0.03345
1.3037,3.0093,2.2513,1.7017,1.9659,1.9077,0.51118,0.56215,0.18968,0.18904,0.14773,0.29299,0.14811,0.034257,0.068576,0.025713,0.014075,0.0040927,0.026809,0.037528
1.3285,2.9636,2.2002,1.6181,1.8338,1.8358,0.44337,0.56157,0.21263,0.18681,0.13859,0.28069,0.14526,0.030297,0.054485,0.023412,0.0099518,0.0071088,0.028566,0.034751
1.3391,2.9677,2.2068,1.5981,1.8079,1.8088,0.40416,0.55158,0.22073,0.18359,0.13887,0.27279,0.13997,0.033615,0.058304,0.02702,0.011545,0.0087471,0.026704,0.033432
1.3581,3.0152,2.2619,1.6652,1.8195,1.7904,0.37622,0.57933,0.22491,0.19009,0.14913,0.27269,0.14895,0.033349,0.055976,0.0214,0.015698,0.011985,0.029883,0.034087
1.3983,3.0963,2.3397,1.5998,1.8206,1.8089,0.35811,0.59542,0.25004,0.19451,0.16094,0.27757,0.15036,0.040165,0.0598,0.019547,0.013565,0.014052,0.033168,0.031915
1.451,3.1693,2.4474,1.4721,1.8504,1.8881,0.36104,0.57959,0.23386,0.18743,0.17049,0.271,0.1531,0.034125,0.048777,0.014753,0.02011,0.014175,0.032473,0.023853
1.4499,3.2184,2.5242,1.4529,1.918,1.9422,0.39241,0.57044,0.23663,0.18106,0.16592,0.2831,0.16428,0.040516,0.059441,0.010956,0.024401,0.016236,0.021565,0.038017
1.4279,3.2292,2.5552,1.4938,1.9634,1.9838,0.40721,0.56476,0.23068,0.19433,0.16451,0.28787,0.15944,0.044538,0.044935,0.020772,0.023098,0.013203,0.029034,0.033638
1.4177,3.2015,2.5133,1.445,1.9271,1.9579,0.40887,0.55282,0.22534,0.18629,0.16718,0.28275,0.15979,0.038857,0.040714,0.027094,0.027867,0.013882,0.028636,0.033484
1.4089,3.1522,2.4628,1.4651,1.9006,1.9574,0.40491,0.50979,0.21865,0.19405,0.15246,0.28091,0.14257,0.036963,0.036014,0.029453,0.037559,0.022789,0.01342,0.042198
1.4587,3.1215,2.423,1.4011,1.8839,1.9538,0.39624,0.50835,0.22681,0.21133,0.18002,0.26905,0.13698,0.02056,0.048568,0.031355,0.034524,0.0031413,0.029182,0.034432
1.5222,3.1414,2.4257,1.3319,1.9068,1.9879,0.37138,0.47987,0.18615,0.18899,0.18674,0.27078,0.14327,0.034234,0.030546,0.050809,0.033202,0.029793,0.018599,0.039318
1.5844,3.1744,2.4446,1.2327,1.9407,2.0101,0.36132,0.49363,0.17926,0.17883,0.18368,0.28828,0.13021,0.036056,0.041314,0.028589,0.045556,0.020028,0.013721,0.035453
1.6845,3.2581,2.4961,1.1434,2.0095,2.0814,0.37639,0.48687,0.19211,0.18008,0.1853,0.29067,0.1314,0.026709,0.055559,0.018787,0.042458,0.02096,0.011824,0.04311
1.8043,3.3986,2.5878,1.0639,2.102,2.1548,0.39915,0.4804,0.21024,0.18635,0.19424,0.29058,0.1321,0.032376,0.056176,0.018807,0.045704,0.023491,0.0095331,0.041995
1.8844,3.5252,2.6853,1.0438,2.2011,2.2404,0.41986,0.4665,0.22592,0.19036,0.20145,0.28792,0.13269,0.032333,0.064338,0.016454,0.048675,0.01965,0.004952,0.04162
1.9305,3.6134,2.7442,1.013,2.2724,2.3044,0.42364,0.47396,0.22847,0.18598,0.20104,0.28632,0.1371,0.033674,0.072498,0.02998,0.043705,0.017639,0.010421,0.031784
1.9587,3.6496,2.7808,0.90616,2.2605,2.2964,0.45545,0.46989,0.23365,0.16967,0.17877,0.28241,0.13149,0.043644,0.068995,0.037014,0.034552,0.028545,0.012649,0.03538
1.9403,3.5896,2.7536,0.7779,2.2556,2.2659,0.45245,0.44812,0.23434,0.17259,0.17058,0.27009,0.12664,0.049503,0.061706,0.03122,0.043827,0.031349,0.014455,0.041955
1.8663,3.4643,2.6876,0.68849,2.2157,2.2312,0.4259,0.41364,0.26069,0.18578,0.17647,0.25764,0.13153,0.054522,0.053119,0.024649,0.046663,0.029243,0.019564,0.05077
1.7675,3.2984,2.5606,0.63273,2.1304,2.1592,0.40907,0.38814,0.27302,0.18975,0.16944,0.24891,0.12504,0.053379,0.050363,0.019718,0.048893,0.02787,0.018731,0.04877
1.7004,3.1534,2.4154,0.63965,2.0228,2.073,0.40718,0.35964,0.27283,0.19328,0.16149,0.22993,0.11435,0.041431,0.058186,0.020405,0.043797,0.012469,0.013123,0.037585
1.703,3.111,2.3327,0.6683,1.9712,1.9885,0.42202,0.39421,0.2757,0.20598,0.16845,0.22771,0.12709,0.03476,0.052844,0.035065,0.035184,0.012931,0.021035,0.049816
1.7642,3.129,2.3211,0.64746,1.9282,1.9512,0.43603,0.38469,0.27642,0.18717,0.16435,0.21342,0.12713,0.043476,0.039344,0.030102,0.037826,0.013722,0.018387,0.036028
1.8941,3.2578,2.4152,0.59128,1.962,2.0296,0.42685,0.43977,0.29164,0.20906,0.18457,0.22739,0.12485,0.043606,0.060852,0.043659,0.03614,0.012877,0.0094952,0.038825
2.1155,3.5041,2.594,0.43724,2.0683,2.1189,0.426,0.4915,0.3545,0.22575,0.19809,0.23328,0.13035,0.040298,0.067907,0.044141,0.038866,0.0075206,0.015037,0.049885
2.3228,3.7667,2.8203,0.21534,2.1969,2.2426,0.41701,0.49506,0.42514,0.232,0.20828,0.22029,0.14108,0.046049,0.07689,0.03468,0.033337,0.0063746,0.01998,0.04934
2.4137,3.9535,3.0101,0.12123,2.3327,2.3425,0.38183,0.48961,0.46201,0.23952,0.20961,0.21657,0.16035,0.052689,0.083429,0.029688,0.019464,0.0050733,0.015912,0.038966
2.438,4.0602,3.1463,0.13582,2.4044,2.4095,0.3318,0.49073,0.48981,0.23379,0.21503,0.21293,0.17634,0.056023,0.098682,0.027214,0.0085319,0.0069332,0.012524,0.034024
2.4298,4.0563,3.1905,0.1983,2.4212,2.4218,0.28024,0.4852,0.48555,0.22448,0.22093,0.21361,0.18822,0.058198,0.10568,0.028759,0.00058451,0.010383,0.0085988,0.032209
2.3371,3.9371,3.1604,0.23584,2.3985,2.3885,0.23965,0.45176,0.45443,0.20998,0.21721,0.21075,0.18781,0.049077,0.10084,0.034058,0.010909,0.013749,0.0099974,0.033751
2.2571,3.7866,3.0761,0.28261,2.311,2.3247,0.21686,0.44744,0.42495,0.20105,0.21373,0.20975,0.18795,0.044108,0.09783,0.030284,0.01627,0.010516,0.012324,0.038744
2.2149,3.6553,3.0009,0.28725,2.2591,2.2764,0.20585,0.436,0.40045,0.19422,0.21172,0.20882,0.1846,0.039971,0.092792,0.028731,0.020457,0.010322,0.015679,0.044178
2.2256,3.5915,2.9442,0.30976,2.2123,2.2378,0.20239,0.45514,0.38824,0.1932,0.21679,0.20744,0.18256,0.036887,0.090018,0.021547,0.026943,0.014069,0.016099,0.04588
2.281,3.6154,2.9635,0.28716,2.2062,2.2569,0.19661,0.47373,0.39018,0.20187,0.22931,0.21273,0.18168,0.038974,0.087451,0.018722,0.028975,0.018049,0.016981,0.042898
2.3756,3.6874,3.0218,0.30017,2.234,2.3073,0.18174,0.50212,0.39569,0.21023,0.24131,0.22137,0.1858,0.043099,0.087783,0.013071,0.033554,0.02229,0.016171,0.042124
2.4332,3.7503,3.1046,0.30431,2.2925,2.3586,0.17363,0.52541,0.40732,0.21767,0.25636,0.2222,0.19266,0.044914,0.089827,0.011808,0.039277,0.030136,0.015203,0.036945
2.4384,3.7573,3.151,0.30487,2.2994,2.3947,0.1702,0.52639,0.40537,0.22125,0.26351,0.22243,0.19253,0.043673,0.085853,0.010184,0.039778,0.035412,0.014773,0.034466
2.3585,3.6736,3.1445,0.30182,2.2791,2.3827,0.1637,0.50392,0.39032,0.21553,0.26609,0.21306,0.19061,0.04477,0.078622,0.0082028,0.036664,0.038095,0.013533,0.030188
2.2524,3.5447,3.0781,0.34958,2.2068,2.3186,0.15055,0.4924,0.3755,0.21197,0.25856,0.20812,0.19101,0.043097,0.074541,0.0032806,0.035029,0.044411,0.0097937,0.02926
2.1212,3.3577,2.952,0.36516,2.1145,2.2196,0.13592,0.46607,0.35769,0.20107,0.24011,0.20104,0.18757,0.038828,0.074829,0.0022879,0.036198,0.045274,0.0087109,0.02937
1.977,3.1644,2.8029,0.27546,2.0098,2.1287,0.13608,0.40727,0.32077,0.1874,0.22576,0.18818,0.18121,0.035547,0.06438,0.0061592,0.031267,0.042699,0.0095344,0.026892
1.9077,3.0441,2.6672,0.18641,1.9116,2.0611,0.14489,0.37791,0.27864,0.17492,0.20811,0.18305,0.16899,0.026264,0.062496,0.010663,0.038824,0.035943,0.007894,0.028894
1.9537,3.0002,2.5917,0.15962,1.8369,1.9895,0.16111,0.39797,0.26528,0.16741,0.19339,0.178,0.15893,0.02041,0.057915,0.012801,0.038847,0.028706,0.0063776,0.026473
1.9912,3.0135,2.5924,0.10419,1.858,2.0252,0.19612,0.37705,0.26435,0.1683,0.19494,0.17851,0.15884,0.02121,0.050944,0.01267,0.046728,0.022421,0.013158,0.031078
2.0664,3.1096,2.6642,0.077034,1.9045,2.0746,0.22384,0.39267,0.26803,0.17633,0.19876,0.18001,0.16147,0.024125,0.052071,0.017667,0.051964,0.018595,0.01919,0.035064
2.1821,3.2424,2.7852,0.042482,1.9475,2.1579,0.25052,0.41458,0.29386,0.18675,0.20533,0.17873,0.16549,0.023995,0.055573,0.01895,0.054341,0.020728,0.025827,0.036357
2.2453,3.3637,2.9016,0.080229,2.041,2.2411,0.27705,0.41891,0.31148,0.19726,0.2068,0.1877,0.17635,0.021348,0.054165,0.018236,0.062173,0.021447,0.030714,0.038596
2.2199,3.4188,2.9622,0.20094,2.0812,2.2797,0.30901,0.40161,0.31366,0.19845,0.20318,0.18873,0.17358,0.016282,0.050565,0.016668,0.064782,0.022689,0.035385,0.036108
2.1599,3.3958,2.9588,0.28339,2.0631,2.2803,0.32769,0.38504,0.29823,0.19276,0.19689,0.18719,0.16809,0.011276,0.040915,0.018915,0.061923,0.029529,0.040752,0.038356
2.0762,3.3161,2.8975,0.36915,2.0336,2.225,0.34518,0.36002,0.27461,0.18206,0.18653,0.18258,0.16612,0.017401,0.03494,0.021097,0.061011,0.035796,0.041532,0.04154
2.0281,3.2216,2.8103,0.34803,1.9549,2.145,0.35267,0.32969,0.26961,0.17106,0.18131,0.1644,0.16176,0.024322,0.035082,0.021269,0.056256,0.032347,0.040388,0.034128
2.0201,3.1562,2.7164,0.26951,1.9111,2.0886,0.35333,0.32448,0.26882,0.16902,0.17077,0.16398,0.16234,0.024445,0.030756,0.02303,0.051044,0.037025,0.040837,0.034648
2.035,3.1474,2.6909,0.23568,1.8957,2.0652,0.35102,0.33254,0.28136,0.1692,0.17549,0.16069,0.16781,0.027294,0.036954,0.025,0.051887,0.037057,0.03968,0.032168
2.1287,3.1968,2.7176,0.14725,1.9038,2.0738,0.34251,0.34119,0.28597,0.17733,0.18402,0.15837,0.17235,0.030116,0.040808,0.023678,0.052625,0.030892,0.041984,0.024437
2.1888,3.2907,2.8034,0.24672,1.9645,2.1367,0.35072,0.33796,0.2857,0.18474,0.19393,0.16299,0.17134,0.026272,0.044658,0.016547,0.056095,0.028734,0.049816,0.022063
2.2273,3.3636,2.8826,0.37659,1.9919,2.2013,0.36602,0.34696,0.26712,0.19965,0.20302,0.1769,0.1621,0.021335,0.039217,0.022919,0.050748,0.031732,0.054672,0.032505
2.2299,3.3878,2.9372,0.45972,1.9939,2.2481,0.38503,0.35562,0.25405,0.20754,0.20928,0.19128,0.14975,0.016969,0.023653,0.031589,0.0481,0.037223,0.053331,0.039099
2.1935,3.3682,2.9483,0.52931,2.0036,2.2721,0.41335,0.35443,0.24757,0.21007,0.21104,0.20248,0.14775,0.012681,0.012274,0.036851,0.053161,0.039694,0.049772,0.038813
2.0938,3.2724,2.8764,0.56758,1.9624,2.2308,0.42815,0.33731,0.24645,0.2048,0.21237,0.20006,0.14526,0.018983,0.011293,0.036433,0.052551,0.036777,0.053018,0.037779
2.0224,3.1759,2.7862,0.52194,1.8947,2.1652,0.42733,0.31619,0.24779,0.19912,0.20836,0.18699,0.14522,0.021211,0.01149,0.036631,0.05073,0.030778,0.061342,0.037984
2.0081,3.0977,2.6976,0.37938,1.8511,2.0688,0.39968,0.28737,0.27575,0.19272,0.20995,0.17458,0.151,0.022096,0.0077238,0.033874,0.042563,0.024725,0.073149,0.036781
2.0204,3.0606,2.6396,0.29658,1.838,2.0149,0.36679,0.28532,0.29833,0.19358,0.20497,0.17592,0.16265,0.023491,0.015684,0.03899,0.046814,0.02177,0.088213,0.038078
2.0503,3.0479,2.6244,0.20274,1.8312,1.9851,0.33185,0.31105,0.31547,0.19325,0.20347,0.17768,0.17681,0.026011,0.021252,0.040479,0.044053,0.017228,0.093647,0.035647
2.0798,3.0423,2.6509,0.13693,1.8277,1.99,0.29811,0.32511,0.33399,0.1906,0.19937,0.17659,0.18488,0.030473,0.023776,0.040463,0.038866,0.014651,0.10276,0.030701
2.0884,3.0432,2.685,0.15408,1.8477,2.0327,0.27813,0.32783,0.3321,0.1867,0.19844,0.17986,0.18744,0.030675,0.024826,0.03927,0.039407,0.012601,0.10415,0.028757
2.0068,2.9803,2.6658,0.3002,1.8427,2.0427,0.2914,0.28763,0.29131,0.17825,0.18814,0.18001,0.17845,0.028706,0.020325,0.031689,0.037737,0.014101,0.095055,0.023781
1.9528,2.913,2.6469,0.33607,1.7848,2.0385,0.29487,0.29867,0.25926,0.17776,0.19185,0.18111,0.16848,0.02439,0.016572,0.032321,0.036965,0.015961,0.08775,0.023916
1.9137,2.8458,2.5865,0.32397,1.7515,2.0076,0.29829,0.27698,0.25026,0.17736,0.18933,0.17647,0.16026,0.019709,0.013593,0.032935,0.033734,0.018706,0.091729,0.022928
1.8341,2.7661,2.5082,0.3812,1.7307,1.9795,0.30877,0.24536,0.24015,0.17349,0.17851,0.16843,0.14859,0.018904,0.013657,0.028303,0.034619,0.021896,0.087957,0.022753
1.7637,2.6609,2.3953,0.36827,1.6555,1.9091,0.31232,0.23456,0.22195,0.16904,0.17335,0.16322,0.1386,0.017246,0.011712,0.024831,0.031003,0.023875,0.081943,0.024652
1.721,2.5804,2.3365,0.36144,1.591,1.8481,0.30276,0.22926,0.22757,0.1682,0.17084,0.15829,0.13255,0.019208,0.011924,0.023391,0.027753,0.02166,0.083576,0.024731
1.7028,2.5303,2.2762,0.38526,1.5711,1.8084,0.304,0.21555,0.23107,0.16912,0.16123,0.16169,0.134,0.018609,0.015262,0.021663,0.02907,0.021958,0.086046,0.025981
1.7027,2.5369,2.2519,0.46185,1.5514,1.8071,0.3184,0.21672,0.23205,0.17027,0.15089,0.16496,0.13354,0.020561,0.019998,0.023155,0.031173,0.028773,0.080349,0.025787
1.7342,2.5901,2.2718,0.48764,1.5405,1.817,0.32998,0.23734,0.23412,0.17281,0.15136,0.16428,0.12995,0.022848,0.027126,0.026421,0.029503,0.03139,0.084717,0.026121
1.7601,2.6573,2.331,0.57752,1.5593,1.8503,0.34448,0.24587,0.24188,0.17393,0.15001,0.16193,0.12249,0.023156,0.034026,0.032569,0.032296,0.030066,0.08543,0.025477
1.7541,2.6929,2.363,0.68842,1.5784,1.8678,0.37343,0.26649,0.22862,0.17844,0.1502,0.16614,0.11617,0.020568,0.039962,0.032553,0.031135,0.031824,0.083812,0.027153
1.7286,2.7042,2.3856,0.77887,1.5657,1.9023,0.40251,0.27194,0.23248,0.18148,0.14652,0.1676,0.10552,0.021018,0.04313,0.03748,0.032275,0.031178,0.077929,0.026787
1.6715,2.6503,2.3421,0.81935,1.5273,1.8444,0.42569,0.29041,0.21114,0.1799,0.14693,0.1662,0.09819,0.01856,0.048943,0.039269,0.029104,0.034214,0.071767,0.026263
1.5999,2.5762,2.2949,0.85486,1.4802,1.8028,0.43955,0.28312,0.21902,0.17704,0.13681,0.17101,0.093021,0.016731,0.050137,0.040204,0.027381,0.032443,0.068477,0.027132
1.5025,2.4921,2.1988,0.90685,1.4488,1.7455,0.4614,0.30638,0.20146,0.17792,0.13036,0.17294,0.087031,0.010468,0.050677,0.041356,0.027801,0.034915,0.065531,0.025233
1.4338,2.4139,2.1222,0.982,1.4,1.6971,0.48207,0.33553,0.19442,0.18074,0.12576,0.18007,0.091838,0.013456,0.054654,0.045119,0.032597,0.032597,0.063399,0.02389
1.4131,2.3621,2.0587,0.93513,1.3372,1.6553,0.48305,0.34653,0.18321,0.17863,0.12553,0.17925,0.093076,0.012984,0.061348,0.045202,0.030497,0.026703,0.058164,0.020649
1.4186,2.344,2.034,0.96528,1.3341,1.6454,0.50189,0.3526,0.18503,0.18335,0.12383,0.18476,0.091509,0.012052,0.061051,0.045825,0.027537,0.023861,0.060038,0.019213
1.4404,2.3722,2.038,0.9347,1.3449,1.645,0.49999,0.35653,0.18919,0.1864,0.13439,0.18979,0.098976,0.013648,0.06555,0.047336,0.025893,0.021812,0.062578,0.019892
1.4776,2.4257,2.0805,0.92473,1.3657,1.6709,0.49399,0.33142,0.21248,0.18065,0.14345,0.18203,0.099517,0.018726,0.074428,0.049156,0.022227,0.01941,0.064504,0.017829
1.5304,2.4852,2.1326,0.8851,1.4018,1.7046,0.47137,0.31243,0.22669,0.18274,0.14245,0.16813,0.094185,0.016677,0.069158,0.044368,0.016682,0.015933,0.061235,0.017561
1.5332,2.4999,2.165,0.87049,1.4348,1.7109,0.44913,0.29102,0.24021,0.18513,0.13795,0.16136,0.09872,0.015202,0.070056,0.041774,0.016406,0.014045,0.060527,0.021964
1.5104,2.4723,2.1576,0.81891,1.4276,1.691,0.41726,0.27361,0.24453,0.18163,0.13484,0.1562,0.10602,0.01067,0.068555,0.038354,0.012876,0.015731,0.053446,0.023806
1.4496,2.3855,2.1193,0.75669,1.39,1.6344,0.38495,0.23833,0.2555,0.17329,0.12275,0.14585,0.10227,0.0097716,0.06819,0.032771,0.007599,0.020044,0.0542,0.023365
1.3585,2.2731,2.0409,0.79493,1.371,1.5808,0.35636,0.21516,0.24868,0.16869,0.10545,0.13932,0.095781,0.0059165,0.063969,0.025135,0.0085765,0.01853,0.049593,0.023757
1.2618,2.1422,1.9216,0.83085,1.2879,1.5056,0.33959,0.22882,0.20828,0.16004,0.086122,0.13283,0.081351,0.0042702,0.059195,0.022215,0.0094193,0.019191,0.034454,0.023641
1.2294,2.0661,1.8499,0.81433,1.208,1.447,0.3277,0.25457,0.18411,0.16057,0.076367,0.13635,0.078405,0.010577,0.057341,0.020507,0.0094657,0.020363,0.029095,0.022091
1.2365,2.0451,1.8235,0.86502,1.2037,1.4487,0.34637,0.26583,0.1772,0.16255,0.070583,0.14167,0.074281,0.0066846,0.063303,0.022199,0.0099808,0.021326,0.029038,0.025947
1.2583,2.0481,1.81,0.90285,1.2079,1.4277,0.36693,0.29327,0.16424,0.17066,0.07243,0.14472,0.07789,0.0073577,0.06551,0.026176,0.010387,0.020274,0.032059,0.026316
1.321,2.0992,1.8425,0.79243,1.2052,1.4374,0.36941,0.2708,0.20383,0.17155,0.07716,0.14807,0.082641,0.0071402,0.07536,0.028023,0.0085413,0.020352,0.039381,0.024511
1.3697,2.1473,1.8941,0.74747,1.2631,1.4506,0.37239,0.24956,0.2313,0.17364,0.083849,0.14825,0.088761,0.0067452,0.078148,0.023224,0.0050143,0.018736,0.046896,0.026865
1.3596,2.1639,1.9167,0.79154,1.3114,1.4519,0.36674,0.2269,0.24705,0.16732,0.083199,0.1429,0.087139,0.0057577,0.075466,0.018865,0.0029377,0.017634,0.047164,0.024654
1.3015,2.1284,1.887,0.82222,1.2928,1.4282,0.35255,0.21796,0.23232,0.1537,0.078008,0.13137,0.075752,0.0078195,0.077619,0.020262,0.0057824,0.017227,0.040664,0.021967
1.2297,2.0455,1.8388,0.86285,1.2519,1.3902,0.33761,0.22168,0.20894,0.14631,0.066975,0.12841,0.065101,0.0056368,0.074733,0.025426,0.0077244,0.014496,0.03208,0.018893
1.1553,1.9601,1.7655,0.91615,1.2003,1.337,0.33811,0.23897,0.17379,0.13853,0.060022,0.12871,0.058928,0.0054503,0.078251,0.02963,0.015861,0.018091,0.030156,0.016649
1.1102,1.8906,1.7101,0.90679,1.1395,1.3004,0.33916,0.24684,0.15377,0.13723,0.052016,0.13279,0.056209,0.006862,0.084489,0.032163,0.019482,0.01656,0.02825,0.019743
1.1377,1.9007,1.7018,0.87724,1.1263,1.289,0.34679,0.25357,0.14892,0.14331,0.049476,0.14001,0.057013,0.005724,0.094859,0.030402,0.015072,0.0074791,0.024483,0.021332
1.2379,2.0126,1.7696,0.89199,1.1888,1.3507,0.35771,0.25321,0.1798,0.16187,0.053951,0.14987,0.063505,0.0046555,0.10248,0.035771,0.016142,0.0065103,0.029886,0.017931
1.3424,2.1624,1.8862,0.94724,1.2822,1.4248,0.37423,0.26039,0.19998,0.1655,0.065784,0.15314,0.070568,0.006614,0.11348,0.038038,0.016512,0.004205,0.037453,0.018611
1.4229,2.295,2.0135,1.028,1.3659,1.5011,0.38594,0.26461,0.20878,0.16639,0.069682,0.15262,0.072545,0.013686,0.12172,0.040962,0.01429,0.0056746,0.040845,0.019506
1.4725,2.3762,2.1159,1.0249,1.4081,1.5549,0.3886,0.26919,0.21918,0.17121,0.069712,0.15698,0.073928,0.019309,0.11965,0.042461,0.017139,0.0070584,0.040014,0.021372
1.4397,2.3672,2.1517,1.069,1.4614,1.5834,0.39802,0.25235,0.22778,0.1824,0.076873,0.15289,0.068144,0.022666,0.11187,0.052665,0.025666,0.012375,0.052026,0.029696
1.3679,2.2901,2.1055,1.0812,1.4373,1.5585,0.38544,0.2278,0.21838,0.17768,0.080614,0.13314,0.059503,0.019428,0.11232,0.053379,0.022364,0.023368,0.043546,0.025081
1.3249,2.2103,2.0391,1.0205,1.3755,1.5138,0.36713,0.21721,0.21022,0.17156,0.08049,0.13195,0.066625,0.015155,0.113,0.05089,0.020442,0.02329,0.033662,0.020695
1.3128,2.1439,1.9649,0.93574,1.3399,1.469,0.3364,0.18508,0.22416,0.16058,0.080423,0.1323,0.076742,0.0062954,0.11043,0.04084,0.018384,0.021089,0.030517,0.019911
1.3359,2.1448,1.9473,0.90427,1.3342,1.459,0.29651,0.17527,0.22134,0.14682,0.076156,0.14047,0.08493,0.006541,0.10228,0.04057,0.028086,0.010745,0.037928,0.029741
1.4097,2.1898,1.9698,0.88142,1.3303,1.4625,0.26868,0.19738,0.22173,0.14014,0.078115,0.14335,0.085548,0.01323,0.098477,0.045564,0.031018,0.014085,0.028455,0.022775
1.5052,2.2625,2.0308,0.8479,1.3628,1.4743,0.25595,0.193,0.24792,0.14611,0.089373,0.14137,0.090373,0.0071797,0.10348,0.042397,0.029411,0.010997,0.034283,0.024832
1.5735,2.3291,2.1151,0.86345,1.4143,1.5143,0.23708,0.18745,0.27214,0.1468,0.091513,0.13998,0.088196,0.0046889,0.11071,0.036253,0.026381,0.013526,0.0296,0.021915
1.5781,2.3492,2.1602,0.91215,1.4383,1.5265,0.22973,0.18362,0.26747,0.14937,0.098465,0.13319,0.084474,0.005533,0.12349,0.027611,0.020698,0.016698,0.027736,0.022451
1.5627,2.3342,2.1673,0.87036,1.406,1.5001,0.2139,0.18375,0.26693,0.1453,0.1017,0.12486,0.08048,0.0058744,0.12081,0.019721,0.016084,0.016427,0.02487,0.02139
1.5234,2.2727,2.1281,0.80328,1.3824,1.4476,0.20239,0.17964,0.26638,0.14151,0.10324,0.12142,0.080908,0.005291,0.11673,0.014659,0.014913,0.015608,0.022699,0.018916
1.4651,2.1996,2.0724,0.79912,1.3637,1.4147,0.18979,0.16714,0.26904,0.13895,0.1052,0.11724,0.07974,0.0039562,0.11472,0.012049,0.016835,0.013532,0.024875,0.01523
1.4348,2.1434,2.0031,0.76987,1.3279,1.3807,0.18164,0.16947,0.25402,0.13535,0.10468,0.11724,0.082054,0.0056203,0.10752,0.012912,0.018696,0.0097866,0.027647,0.014408
1.4275,2.1121,1.9703,0.81015,1.3193,1.3806,0.17956,0.16722,0.24171,0.13246,0.10375,0.11727,0.079583,0.0054342,0.10598,0.013759,0.017935,0.0064039,0.031741,0.01505
1.4474,2.1221,1.9704,0.83285,1.3198,1.3912,0.18406,0.17691,0.23166,0.13564,0.10652,0.11692,0.077794,0.004282,0.10636,0.015681,0.016717,0.0048695,0.033904,0.014841
1.4863,2.1548,2.004,0.84991,1.3232,1.4326,0.18942,0.17984,0.23667,0.13525,0.10815,0.11285,0.0739,0.0068092,0.10682,0.016135,0.014861,0.0058456,0.035987,0.014905
1.4936,2.1699,2.0252,0.86439,1.3288,1.4655,0.18608,0.17071,0.23684,0.13834,0.10989,0.10289,0.068711,0.011431,0.10612,0.016041,0.015475,0.0061245,0.04018,0.017494
1.4547,2.1522,2.0218,0.92214,1.3345,1.4731,0.18631,0.15417,0.22753,0.13472,0.10711,0.090727,0.06084,0.013242,0.10887,0.014843,0.013497,0.0096423,0.03903,0.017908
1.4062,2.1065,1.9807,0.92833,1.3008,1.4421,0.19012,0.15559,0.21304,0.12122,0.10111,0.085484,0.06169,0.0093363,0.11356,0.010191,0.0088111,0.011907,0.030311,0.010025
1.3417,2.0364,1.9167,0.92463,1.2588,1.3722,0.20712,0.1644,0.20014,0.11262,0.08407,0.093032,0.06222,0.00068181,0.1148,0.010575,0.0054619,0.0073619,0.033507,0.011603
1.2845,1.9556,1.838,0.87243,1.1994,1.303,0.20752,0.15267,0.18626,0.10562,0.071155,0.08954,0.056854,0.0027712,0.10477,0.014775,0.010354,0.0065463,0.035544,0.015359
1.2638,1.8831,1.7749,0.79123,1.1748,1.2574,0.19325,0.17524,0.18851,0.11088,0.073056,0.094535,0.06078,0.0054952,0.10403,0.015063,0.015021,0.013276,0.037096,0.017964
1.2566,1.8476,1.7381,0.70857,1.1696,1.2204,0.18459,0.18909,0.20623,0.11191,0.075656,0.097957,0.062002,0.010805,0.10822,0.017447,0.01851,0.013976,0.03758,0.019592
1.2781,1.8403,1.7259,0.64366,1.1657,1.2164,0.17179,0.18951,0.21841,0.11153,0.073732,0.093645,0.057997,0.0172,0.10661,0.019353,0.020922,0.017444,0.031809,0.019379
1.2861,1.8549,1.7463,0.673,1.1907,1.2438,0.15255,0.19565,0.2182,0.11971,0.076803,0.094223,0.053534,0.022579,0.10739,0.017529,0.016609,0.023016,0.026766,0.016588
1.3063,1.8858,1.7733,0.68577,1.206,1.2851,0.14543,0.20987,0.2232,0.12749,0.084955,0.091151,0.051612,0.024979,0.11706,0.023458,0.0090155,0.027561,0.016225,0.013507
1.2865,1.8729,1.7905,0.75008,1.2093,1.3124,0.14581,0.18888,0.20801,0.1263,0.085721,0.083389,0.04945,0.0219,0.11464,0.020475,0.0077383,0.024769,0.014379,0.016322
1.2406,1.8472,1.7872,0.84289,1.2093,1.3181,0.15385,0.17553,0.18041,0.12806,0.081675,0.082737,0.042348,0.017717,0.10631,0.0088034,0.012197,0.019388,0.015816,0.015908
1.1926,1.8037,1.7577,0.88622,1.1843,1.2937,0.17556,0.19222,0.16196,0.13019,0.080137,0.093152,0.044615,0.017621,0.094417,0.016418,0.0099628,0.018958,0.018202,0.010382
1.1539,1.7536,1.7076,0.89294,1.1345,1.2304,0.19141,0.1804,0.15042,0.12152,0.071351,0.093218,0.035698,0.017792,0.087344,0.017151,0.0077642,0.018708,0.012962,0.010573
1.1004,1.7131,1.6543,0.88554,1.1119,1.2003,0.19902,0.18088,0.15227,0.12254,0.066185,0.096475,0.024811,0.014071,0.089147,0.018136,0.0067508,0.025518,0.015277,0.016347
1.1024,1.7039,1.6217,0.82401,1.0797,1.1666,0.2024,0.19206,0.1679,0.12153,0.06323,0.094147,0.036956,0.0081075,0.088827,0.021739,0.0039119,0.023637,0.019202,0.012306
1.1166,1.7153,1.6131,0.84298,1.0768,1.151,0.20687,0.16561,0.16917,0.11344,0.064889,0.079397,0.038463,0.0098798,0.086475,0.018124,0.0032409,0.017046,0.016182,0.01033
1.117,1.7265,1.6069,0.86262,1.1053,1.1553,0.19825,0.18754,0.1479,0.11146,0.062813,0.076908,0.034652,0.012276,0.081128,0.014054,0.0032155,0.013428,0.013527,0.012511
1.1478,1.754,1.636,0.889,1.1306,1.18,0.19703,0.20039,0.15383,0.11327,0.066783,0.078773,0.03839,0.016732,0.081996,0.010954,0.001714,0.013172,0.012723,0.012184
1.1605,1.7752,1.6701,0.90436,1.1424,1.2018,0.19903,0.20042,0.14198,0.10903,0.069638,0.077434,0.035976,0.018053,0.074264,0.012694,0.0064058,0.0097723,0.015542,0.012459
1.1318,1.7766,1.6907,0.97313,1.1659,1.214,0.20799,0.20448,0.12888,0.11195,0.06591,0.084146,0.026471,0.015163,0.069445,0.0092491,0.0069795,0.0053796,0.01721,0.0097727
1.112,1.7564,1.6846,0.94095,1.1423,1.1952,0.20072,0.22665,0.13363,0.11383,0.067584,0.089846,0.03023,0.013213,0.075742,0.0090468,0.007031,0.0092475,0.017313,0.0085186
1.0546,1.7186,1.645,0.99208,1.1059,1.1775,0.2113,0.21299,0.13267,0.11214,0.05816,0.094692,0.028108,0.012918,0.073873,0.0023513,0.0064951,0.01129,0.015387,0.0074705
1.0056,1.6629,1.5863,1.0017,1.0663,1.1379,0.22117,0.2278,0.11518,0.10984,0.053103,0.098559,0.02479,0.010547,0.076609,0.0067241,0.009852,0.012626,0.016823,0.0097834
0.9888,1.6414,1.5569,1.0055,1.033,1.1076,0.23079,0.2357,0.10953,0.11124,0.052398,0.10086,0.030615,0.0062521,0.073823,0.0037665,0.01128,0.011423,0.020703,0.0096854
0.98992,1.6485,1.5545,0.99322,1.0206,1.0982,0.24035,0.24276,0.10153,0.11076,0.056167,0.097334,0.035296,0.012642,0.073218,0.0024327,0.010062,0.012971,0.021668,0.0075111
1.0241,1.6887,1.5829,0.98159,1.0318,1.1061,0.2414,0.2323,0.10156,0.11509,0.066861,0.091705,0.032683,0.017915,0.074115,0.0019219,0.0068591,0.015946,0.017988,0.010446
1.0893,1.7456,1.6381,0.97809,1.0822,1.1556,0.23939,0.23275,0.10846,0.11932,0.074622,0.087866,0.034561,0.020314,0.081001,0.010573,0.012405,0.015921,0.022763,0.012069
1.1089,1.7935,1.689,1.04,1.1151,1.1951,0.23796,0.23289,0.11496,0.11714,0.076074,0.084365,0.030466,0.018192,0.074827,0.014921,0.019548,0.015242,0.026016,0.012287
1.1237,1.8245,1.7526,1.0756,1.1326,1.2234,0.23308,0.2526,0.11748,0.11443,0.076753,0.078904,0.028484,0.01667,0.073075,0.016217,0.0225,0.018245,0.025554,0.009935
1.1303,1.8427,1.7922,1.0987,1.1367,1.2385,0.22916,0.25882,0.11824,0.10967,0.076514,0.077326,0.028076,0.01993,0.078304,0.015229,0.018865,0.02131,0.023604,0.012054
1.1173,1.8512,1.8237,1.1418,1.1457,1.258,0.24317,0.26477,0.11286,0.11134,0.07796,0.084,0.023898,0.019316,0.077226,0.015632,0.021601,0.024076,0.024685,0.011504
1.1092,1.8518,1.8216,1.1285,1.1414,1.2538,0.24998,0.27065,0.11231,0.11368,0.078031,0.087577,0.023251,0.021201,0.081982,0.020682,0.027661,0.026925,0.024247,0.011959
1.0755,1.8173,1.7862,1.1052,1.1157,1.2323,0.25486,0.26235,0.10486,0.11186,0.074989,0.0854,0.020834,0.021906,0.081488,0.018499,0.027114,0.027096,0.02306,0.011717
1.0164,1.7634,1.7364,1.1002,1.0999,1.1998,0.25828,0.25689,0.097147,0.11068,0.075962,0.084969,0.018613,0.021473,0.079166,0.017805,0.028119,0.028215,0.022507,0.012575
0.9726,1.7082,1.6762,1.1145,1.0803,1.1819,0.25652,0.2548,0.08733,0.10807,0.072459,0.083897,0.01759,0.021625,0.074374,0.014882,0.025163,0.027289,0.019401,0.014015
0.91988,1.6351,1.6005,1.0951,1.0196,1.1403,0.26252,0.25573,0.077214,0.10016,0.066105,0.08226,0.015903,0.022956,0.069562,0.013384,0.024561,0.025873,0.015846,0.01417
0.86087,1.5784,1.5425,1.1346,0.97904,1.1095,0.26643,0.26489,0.064889,0.090273,0.063522,0.082228,0.015469,0.023932,0.06346,0.010681,0.024204,0.02649,0.015801,0.013372
0.86539,1.5632,1.524,1.0764,0.9357,1.0828,0.26558,0.27501,0.069145,0.088858,0.06448,0.075081,0.018771,0.023939,0.057655,0.0083744,0.021051,0.022123,0.013403,0.01398
0.88283,1.595,1.5392,1.0908,0.93527,1.0854,0.27658,0.27463,0.0647,0.084275,0.060731,0.068635,0.018473,0.021676,0.049918,0.006218,0.018233,0.018539,0.012762,0.012337
0.92453,1.6515,1.5848,1.0176,0.93227,1.0818,0.27664,0.26788,0.066698,0.080889,0.055801,0.066406,0.021038,0.019812,0.045616,0.0078631,0.014156,0.014999,0.011659,0.011801
0.99175,1.7506,1.6623,0.97163,0.97596,1.0945,0.27532,0.25052,0.07176,0.080773,0.053884,0.061789,0.024277,0.019124,0.046336,0.010176,0.012729,0.01627,0.010781,0.011101
1.0642,1.8423,1.7567,0.92501,1.0446,1.1271,0.26601,0.23123,0.08325,0.084933,0.044572,0.060731,0.02201,0.021097,0.04582,0.010323,0.010278,0.013197,0.0071251,0.010128
1.1113,1.8879,1.8209,0.92295,1.1058,1.1629,0.26362,0.22278,0.099126,0.087586,0.04939,0.060821,0.024669,0.021062,0.049409,0.010364,0.0098329,0.010975,0.0065808,0.009335
1.1143,1.8976,1.8521,0.92215,1.1565,1.1884,0.25555,0.21511,0.11872,0.092107,0.052928,0.059503,0.023995,0.023339,0.053302,0.0082637,0.0077221,0.010209,0.0067292,0.0093187
1.0834,1.8504,1.8221,0.93039,1.1694,1.1928,0.24755,0.2146,0.12154,0.095372,0.052608,0.054053,0.023175,0.021808,0.052181,0.0053711,0.0045412,0.009341,0.0081129,0.011977
1.0398,1.7727,1.7699,0.95488,1.1532,1.1913,0.23731,0.21414,0.1224,0.096952,0.053148,0.054622,0.018439,0.020931,0.052571,0.0079683,0.0062327,0.010578,0.0079638,0.012402
1.0167,1.7009,1.7125,0.9528,1.1272,1.1824,0.23014,0.21304,0.1168,0.095026,0.050656,0.054539,0.015714,0.020811,0.051691,0.009324,0.0087727,0.013336,0.0093438,0.012063
1.0226,1.6731,1.6676,0.918,1.0892,1.1494,0.22638,0.2061,0.11131,0.089836,0.046909,0.052347,0.014227,0.018959,0.044415,0.0074622,0.0064738,0.012062,0.01001,0.010833
1.0218,1.7007,1.6743,0.91794,1.0817,1.1131,0.21616,0.18223,0.10857,0.080428,0.040545,0.047376,0.016347,0.016747,0.037284,0.0072803,0.0054072,0.0094058,0.0091187,0.010537
1.0251,1.7578,1.6659,0.89918,1.0767,1.0661,0.2055,0.16285,0.10201,0.072366,0.034539,0.045228,0.020491,0.01335,0.03179,0.0087084,0.0046129,0.0066774,0.0073874,0.0087443
1.0008,1.7743,1.6045,0.9244,1.0235,0.99827,0.17784,0.10839,0.10034,0.053901,0.026368,0.032972,0.018161,0.012367,0.024145,0.0073765,0.0038077,0.0047271,0.0074729,0.0060597
0.90059,1.7057,1.4595,0.87991,0.93009,0.84699,0.13759,0.059051,0.082797,0.03384,0.016962,0.021316,0.01479,0.0061968,0.014111,0.0056759,0.0021032,0.0020135,0.0048101,0.0039706
0.75539,1.6024,1.2465,0.88454,0.77551,0.67879,0.085382,0.035734,0.070661,0.017662,0.0074801,0.013991,0.010633,0.0021736,0.0088859,0.0051599,0.00049393,0.0021708,0.0022685,0.0011938
0.63712,1.461,0.99805,0.85151,0.56791,0.49838,0.040729,0.03365,0.050136,0.0083704,0.0015292,0.0088994,0.0072756,0.0031799,0.005892,0.0034305,0.0033217,0.0043626,0.0042867,0.0025663
0.49699,1.2731,0.78549,0.78343,0.38558,0.31249,0.036184,0.042316,0.032497,0.0029177,0.0023118,0.0069268,0.0074874,0.0044887,0.0066354,0.0029771,0.0041723,0.0036143,0.003251,0.0035827
0.39011,1.0929,0.6036,0.62586,0.21892,0.18398,0.03431,0.03876,0.019838,0.0012539,0.0019035,0.0046845,0.0054241,0.0027029,0.003644,0.00096143,0.002808,0.00064135,0.00098145,0.0011295
0.30883,0.9224,0.46035,0.54547,0.12349,0.10859,0.035451,0.021689,0.014829,0.0010806,0.00063997,0.0052094,0.0054438,0.00040051,0.00086192,0.0031292,0.00069232,0.0019819,0.0026105,0.0019083
0.2382,0.72919,0.32909,0.43085,0.07963,0.040133,0.033148,0.013427,0.016898,0.0035185,0.0013651,0.004387,0.0041849,0.0015411,0.0030422,0.0023803,0.0015271,0.00078923,0.0004757,0.0017494
0.17862,0.53758,0.21321,0.30825,0.044065,0.0058652,0.026338,0.018271,0.011282,0.0031114,0.0029677,0.0034013,0.0027388,0.00067147,0.0025899,0.0019288,0.0015396,0.0004345,0.0010209,0.0018525
0.11812,0.34828,0.12016,0.21245,0.044425,0.014122,0.019516,0.015459,0.0039647,0.0032779,0.0023039,0.0024489,0.0014274,0.00048842,0.001996,0.0018692,0.0012802,0.00032003,0.00036389,0.0023877
0.072401,0.20788,0.056669,0.13877,0.034592,0.014358,0.012357,0.0058156,0.00061475,0.0026837,0.0016837,0.0021029,0.0010544,0.0012118,0.0018509,0.0014233,0.0009484,0.00044005,0.00016583,0.0020666
