0.56912,0.56912,0.56912,0.56912,0.56912,0.56912,0.56912,0.56912,0.56912,0.56912,0.56912,0.56912,0.56912,0.56912,0.56912,0.56912,0.56912,0.56912,0.56912,0.56912,0.56912,0.56912,0.56912,0.56912,0.56912,0.56912,0.56912,0.56912,0.56912,0.56912,0.56912,0.56912,0.56912,0.56912,0.56912,0.56912,0.56912,0.56912,0.56912,0.56912,0.56912,0.56912,0.56912
0.59378,0.59378,0.59378,0.59378,0.59378,0.59378,0.59378,0.59378,0.59378,0.59378,0.59378,0.59378,0.59378,0.59378,0.59378,0.59378,0.59378,0.59378,0.59378,0.59378,0.59378,0.59378,0.59378,0.59378,0.59378,0.59378,0.59378,0.59378,0.59378,0.59378,0.59378,0.59378,0.59378,0.59378,0.59378,0.59378,0.59378,0.59378,0.59378,0.59378,0.59378,0.59378,0.59378
0.40808,0.40808,0.40808,0.40808,0.40808,0.40808,0.40808,0.40808,0.40808,0.40808,0.40808,0.40808,0.40808,0.40808,0.40808,0.40808,0.40808,0.40808,0.40808,0.40808,0.40808,0.40808,0.40808,0.40808,0.40808,0.40808,0.40808,0.40808,0.40808,0.40808,0.40808,0.40808,0.40808,0.40808,0.40808,0.40808,0.40808,0.40808,0.40808,0.40808,0.40808,0.40808,0.40808
2.5123,2.0787,0.93631,0.23415,0.12031,0.055933,0.067436,0.037266,0.02372,0.015484,0.020775,0.019958,0.0173,0.017808,0.015321,0.012806,0.015672,0.012653,0.011289,0.010155,0.0084469,0.012511,0.008964,0.0069718,0.0063916,0.0077462,0.0071516,0.0069558,0.0058678,0.0092374,0.0060489,0.0074833,0.0085589,0.0069994,0.0064434,0.0059123,0.0048063,0.0056019,0.0059688,0.0061576,0.0058975,0.0046465,0.0050878
3.3316,3.5835,1.7593,0.2727,0.17414,0.10032,0.044099,0.029832,0.020025,0.011498,0.0095078,0.010897,0.0054362,0.010474,0.004169,0.0035561,0.0048987,0.0047542,0.003347,0.0058606,0.0033091,0.0059992,0.0041691,0.0044214,0.003904,0.0031619,0.0037048,0.0026502,0.0022542,0.0040972,0.004082,0.0046064,0.0042281,0.0050084,0.0025088,0.001742,0.0025986,0.0024723,0.00033046,0.0022194,0.0028779,0.0016388,0.0018802
4.2111,5.0683,2.2658,0.4321,0.27103,0.17278,0.051851,0.046742,0.030286,0.012021,0.023274,0.022722,0.019989,0.0089693,0.0061533,0.015078,0.013358,0.0065901,0.0087135,0.009821,0.0090772,0.006302,0.0056995,0.008287,0.0082823,0.0056395,0.006771,0.0077628,0.0081025,0.0077567,0.0039231,0.0079553,0.0076756,0.0048095,0.0040159,0.0056246,0.0062291,0.003999,0.0043467,0.0044016,0.0055444,0.0051291,0.004477
5.1471,6.6263,3.0105,0.51865,0.34368,0.11213,0.040131,0.05979,0.049983,0.049657,0.049959,0.048592,0.045027,0.037659,0.036433,0.031374,0.032436,0.030005,0.025357,0.023703,0.026459,0.026458,0.023854,0.020724,0.022754,0.02239,0.019742,0.018403,0.018867,0.018359,0.018595,0.01659,0.015408,0.016338,0.015067,0.013899,0.012963,0.012769,0.01488,0.014814,0.012744,0.01307,0.012378
5.4649,7.7683,4.0356,1.141,0.60569,0.30119,0.14268,0.051765,0.019454,0.031915,0.025156,0.01429,0.0047412,0.0056883,0.01166,0.015875,0.011315,0.0096451,0.0011552,0.0041518,0.011042,0.0098822,0.0076818,0.0045956,0.00078551,0.0053241,0.009074,0.0069207,0.0053188,0.0022515,0.0034632,0.0037211,0.0085249,0.0074079,0.0050014,0.0022913,0.0031368,0.0074035,0.0061194,0.0036841,0.0025133,0.0012101,0.0037739
5.8557,8.2474,4.9191,1.4879,0.72964,0.437,0.2242,0.086123,0.032211,0.017735,0.015378,0.027066,0.030248,0.024732,0.014448,0.0022408,0.0083635,0.01532,0.020329,0.018796,0.013861,0.0058745,0.0014338,0.0068417,0.013106,0.015324,0.014852,0.0083618,0.0027244,0.0033388,0.0078749,0.012079,0.013185,0.0074261,0.0052051,0.0021752,0.0056321,0.0090169,0.0086384,0.0094305,0.0067796,0.0024902,0.0024067
6.2607,8.53,5.4623,1.811,0.93269,0.5268,0.28367,0.19874,0.11818,0.071941,0.025627,0.025543,0.037934,0.046837,0.04995,0.04361,0.031804,0.019997,0.0060188,0.0091001,0.018884,0.027159,0.029168,0.031048,0.022792,0.016479,0.0085459,0.0079442,0.015361,0.022689,0.022934,0.020748,0.016831,0.011192,0.0050877,0.0083428,0.013504,0.019327,0.020146,0.018676,0.014132,0.0076764,0.0025585
6.3931,8.8444,6.1839,2.4204,1.2422,0.66363,0.30905,0.14503,0.068859,0.030299,0.016582,0.009138,0.011215,0.0059942,0.010442,0.0068345,0.0081412,0.0067162,0.0050905,0.0065871,0.0018783,0.007582,0.001784,0.0068938,0.0052254,0.0063472,0.0018214,0.0048497,0.0031599,0.0048111,0.0030929,0.0018792,0.0038589,0.0055434,0.0032877,0.0029102,0.0038767,0.0029486,0.0036457,0.0023346,0.0040105,0.0023062,0.0034366
6.6293,8.8859,6.7447,2.7443,1.3872,0.73496,0.37035,0.2403,0.069951,0.015102,0.026604,0.017572,0.011573,0.010318,0.012202,0.012853,0.017274,0.015047,0.013274,0.016443,0.015018,0.012876,0.0048503,0.0033393,0.0078048,0.009571,0.010274,0.011479,0.011243,0.0092193,0.0060656,0.0039916,0.0008013,0.0036443,0.0058654,0.0056354,0.0076914,0.010495,0.0099819,0.006622,0.0034853,0.0020584,0.00079617
6.9753,9.0281,7.0956,2.9091,1.535,0.87133,0.50117,0.33257,0.14335,0.062317,0.011776,0.017544,0.030423,0.032965,0.029771,0.031674,0.038638,0.030684,0.017728,0.013988,0.011336,0.01349,0.010676,0.018399,0.022042,0.02114,0.019926,0.015903,0.014639,0.008583,0.0067623,0.0089062,0.013681,0.014991,0.014409,0.015764,0.014794,0.01329,0.010731,0.0068475,0.0057627,0.0076374,0.0092494
6.9761,9.8034,7.8344,3.4664,1.8819,0.97097,0.45577,0.28532,0.10223,0.071567,0.027471,0.023195,0.00020195,0.022918,0.010703,0.018226,0.010519,0.0085482,0.0069481,0.0057555,0.0048359,0.010517,0.0057053,0.0095468,0.0094897,0.0077392,0.005952,0.0042311,0.0061625,0.0050714,0.0023968,0.0077579,0.0010487,0.0083769,0.0064029,0.0044302,0.0043061,0.0023543,0.0037864,0.001857,0.0050657,0.0043694,0.005567
7.1498,10.291,8.4371,3.7203,2.1323,0.99062,0.46289,0.3524,0.17499,0.10803,0.02903,0.0067033,0.0068692,0.0075548,0.014875,0.027579,0.029153,0.027689,0.020994,0.015132,0.0071323,0.006762,0.009438,0.015056,0.016855,0.020445,0.017604,0.015593,0.0095663,0.0064092,0.0047162,0.0098901,0.0084703,0.011683,0.013338,0.012447,0.011587,0.0088937,0.0056366,0.00501,0.0080058,0.0088374,0.01042
7.5821,10.803,8.8524,3.8168,2.4298,1.3352,0.73793,0.45464,0.1964,0.1322,0.086234,0.053041,0.045454,0.045359,0.037529,0.023617,0.021528,0.028086,0.03424,0.038392,0.038672,0.030333,0.017974,0.010581,0.012578,0.018628,0.024992,0.024546,0.024719,0.021205,0.016533,0.01439,0.014879,0.017731,0.019771,0.018872,0.017679,0.016486,0.012914,0.010585,0.010731,0.014606,0.01697
7.5273,11.933,9.6378,4.4042,2.7277,1.3945,0.66722,0.42038,0.18669,0.09088,0.057392,0.002468,0.029327,0.010958,0.013986,0.0037686,0.011417,0.011727,0.010555,0.0073994,0.0062398,0.0067227,0.0056382,0.0073186,0.0096403,0.0048288,0.0070204,0.0060346,0.0024261,0.0031214,0.0061255,0.0012828,0.010861,0.0015464,0.0050184,0.0030127,0.0010965,0.0040235,0.0053298,0.0042812,0.0048206,0.0037111,0.0023157
7.6274,12.427,10.292,4.7998,3.1489,1.505,0.7051,0.4193,0.20261,0.11332,0.062168,0.058274,0.074639,0.036655,0.023566,0.013847,0.010411,0.017711,0.027219,0.035922,0.036026,0.026854,0.016072,0.015356,0.020301,0.025202,0.025943,0.022151,0.013111,0.0086501,0.0092798,0.020619,0.019743,0.017268,0.015174,0.0099795,0.0066703,0.0094109,0.012832,0.015457,0.016105,0.014169,0.0096933
8.0598,12.843,10.673,4.8254,3.3344,1.8687,1.0619,0.6378,0.32552,0.18406,0.088449,0.046872,0.033153,0.055929,0.038015,0.044596,0.045862,0.047522,0.048293,0.042078,0.041763,0.032151,0.030082,0.031391,0.031719,0.031254,0.030754,0.025003,0.027701,0.026877,0.025903,0.028982,0.026168,0.023878,0.023279,0.020682,0.02044,0.021023,0.022646,0.021166,0.021075,0.019055,0.017025
7.9779,13.547,11.342,5.4193,3.5137,1.9192,0.96156,0.57249,0.30278,0.15582,0.10713,0.022755,0.054914,0.00094254,0.01729,0.017101,0.0082906,0.020364,0.011333,0.013458,0.0026865,0.0062881,0.003567,0.0082909,0.0095134,0.010383,0.0075241,0.0074682,0.0034437,0.0013618,0.005865,0.0099817,0.0089357,0.0085136,0.0063833,0.0044647,0.00098037,0.0015937,0.0057193,0.0065871,0.008345,0.0063174,0.0029531
7.9681,13.496,11.712,5.692,3.7501,1.9833,0.96473,0.52656,0.2509,0.15131,0.098062,0.077588,0.088392,0.062211,0.062848,0.048594,0.037109,0.024855,0.021629,0.024485,0.026887,0.027704,0.02819,0.027398,0.025607,0.024509,0.023051,0.018508,0.019493,0.021731,0.019459,0.024954,0.019896,0.017869,0.015414,0.015231,0.015814,0.016905,0.016004,0.01541,0.014922,0.014608,0.012202
8.3058,13.524,11.784,5.6448,3.864,2.2636,1.133,0.60589,0.2334,0.15029,0.12663,0.10285,0.11533,0.079112,0.063191,0.040918,0.04096,0.046733,0.05314,0.044013,0.03807,0.033785,0.032457,0.034699,0.036163,0.034424,0.033838,0.026603,0.028417,0.026958,0.023849,0.028709,0.028127,0.025735,0.025451,0.023759,0.023769,0.021211,0.018868,0.019267,0.02082,0.022285,0.022825
8.3215,13.821,12.063,5.8336,3.7549,2.1574,1.0654,0.65241,0.34256,0.21699,0.10501,0.086093,0.036454,0.045752,0.012637,0.032905,0.014427,0.013457,0.0087316,0.011866,0.0065906,0.015679,0.0080181,0.014309,0.0089901,0.0094038,0.0062426,0.0036719,0.0052408,0.0066999,0.0074233,0.0084195,0.0080722,0.0070391,0.0057325,0.0021463,0.0022384,0.0012443,0.0056913,0.0042395,0.0077864,0.0067765,0.0056985
8.156,13.61,12.08,6.0173,3.9883,2.2915,1.1418,0.65669,0.32912,0.18345,0.083545,0.0096586,0.012706,0.05498,0.055199,0.057414,0.050334,0.046368,0.041444,0.038137,0.04349,0.043611,0.045373,0.045253,0.037948,0.03026,0.032372,0.030362,0.025124,0.027833,0.025756,0.031752,0.028851,0.027038,0.024436,0.020939,0.01986,0.020081,0.020416,0.023079,0.024336,0.024064,0.023338
8.5536,13.974,12.344,6.0693,4.0266,2.3413,1.0698,0.61248,0.40388,0.30555,0.1747,0.078353,0.02693,0.025304,0.05201,0.05816,0.042063,0.030486,0.039179,0.038705,0.034079,0.020385,0.017383,0.016865,0.024307,0.027763,0.02767,0.024742,0.025334,0.024007,0.020488,0.01188,0.01224,0.016136,0.019105,0.01969,0.019933,0.020972,0.019298,0.014796,0.011574,0.01176,0.012464
8.5795,14.312,12.742,6.2952,4.1922,2.3789,1.2363,0.75322,0.41445,0.25752,0.15964,0.082291,0.09193,0.015194,0.042253,0.02504,0.014796,0.013422,0.016117,0.0093633,0.013666,0.017468,0.012294,0.018013,0.010703,0.0093529,0.008647,0.0079027,0.0082144,0.0097697,0.0062408,0.0097098,0.0073942,0.0064668,0.0067613,0.0021629,0.00073943,0.0037402,0.0038504,0.0085726,0.0062946,0.0066048,0.0068133
8.2431,14.218,12.754,6.6122,4.5718,2.7417,1.458,0.93103,0.55071,0.37114,0.27679,0.21497,0.19472,0.13764,0.11687,0.090442,0.07357,0.061474,0.064493,0.066813,0.07263,0.073254,0.063345,0.060282,0.045509,0.032347,0.036918,0.04243,0.040337,0.04801,0.044244,0.047923,0.037918,0.032255,0.027993,0.026009,0.030102,0.035048,0.036981,0.038486,0.036004,0.031089,0.025261
8.8754,15.004,13.495,6.929,4.8056,2.7288,1.3461,0.89527,0.54942,0.30766,0.16287,0.094176,0.092239,0.062678,0.054742,0.0080972,0.033182,0.035231,0.019841,0.0049553,0.005229,0.016911,0.021077,0.022667,0.018577,0.0099744,0.02209,0.0060466,0.010245,0.0051651,0.0084581,0.019327,0.016184,0.0134,0.012901,0.009811,0.005301,0.0052737,0.00924,0.011675,0.010725,0.013087,0.0095257
8.883,15.242,13.989,7.1031,5.035,2.8057,1.4989,0.95755,0.53817,0.2979,0.21399,0.11704,0.080903,0.057762,0.036744,0.017281,0.022477,0.026978,0.0089887,0.016621,0.018191,0.0092558,0.012342,0.0085292,0.0049533,0.013574,0.020338,0.015974,0.017618,0.014632,0.0022695,0.0038458,0.0084989,0.0084471,0.0072021,0.01062,0.012194,0.0072087,0.0065042,0.0032615,0.004084,0.0069142,0.0067123
8.2623,15.009,13.588,7.0599,5.0918,2.9006,1.5183,0.93046,0.46557,0.24044,0.15401,0.12669,0.11066,0.076946,0.044857,0.03617,0.051602,0.071112,0.076447,0.077127,0.062017,0.043651,0.03394,0.038992,0.051133,0.055294,0.059947,0.056703,0.037586,0.029465,0.027996,0.0395,0.049983,0.050944,0.049167,0.041315,0.031307,0.022023,0.024191,0.032207,0.038628,0.042467,0.038149
9.1301,15.84,14.308,7.3896,5.3246,2.9578,1.594,1.0249,0.56839,0.34019,0.19275,0.11371,0.1179,0.049048,0.03052,0.02884,0.025506,0.013031,0.013275,0.0030229,0.010307,0.014946,0.008237,0.0036382,0.0049617,0.0057753,0.0091442,0.0075289,0.0031729,0.014204,0.0090132,0.0061619,0.0073117,0.004123,0.0024433,0.0068165,0.0091215,0.0044391,0.0036423,0.0037406,0.00085285,0.001494,0.0049805
9.0608,15.843,14.577,7.4082,5.3719,3.0512,1.6392,1.0124,0.60106,0.35187,0.17613,0.15496,0.10286,0.027775,0.05383,0.036444,0.012035,0.019846,0.034091,0.018405,0.015672,0.015705,0.0096882,0.010882,0.016111,0.018374,0.013482,0.016204,0.012862,0.005477,0.0026334,0.0069685,0.017018,0.013603,0.0082731,0.0089186,0.009259,0.0068343,0.0036617,0.0084193,0.009856,0.011285,0.010312
8.3289,15.457,13.872,7.0928,5.0948,2.8933,1.5279,0.94839,0.49267,0.26524,0.11276,0.053845,0.035604,0.045661,0.013845,0.02164,0.037179,0.059292,0.072616,0.072432,0.061444,0.04925,0.026502,0.0058071,0.022875,0.035385,0.043661,0.048668,0.043092,0.031953,0.015031,0.0091416,0.022212,0.031622,0.039936,0.039285,0.031383,0.021239,0.0096578,0.0064223,0.020092,0.028118,0.03188
9.2488,16.083,14.432,7.6049,5.4543,3.0503,1.6451,1.0542,0.58016,0.34915,0.19672,0.12161,0.11815,0.036852,0.043156,0.029105,0.020696,0.018766,0.010164,0.01615,0.012399,0.0039325,0.010387,0.0012843,0.0033264,0.0040473,0.003922,0.0021712,0.0089191,0.0043933,0.0095394,0.0012934,0.0041612,0.0014459,0.0076882,0.0039598,0.0038089,0.0054476,0.0019234,0.001629,0.0032224,0.0024934,0.0027489
9.1596,15.889,14.542,7.5226,5.3153,3.1038,1.6426,0.99627,0.56977,0.37677,0.17865,0.10426,0.13616,0.042654,0.031042,0.025462,0.037097,0.026312,0.010124,0.031455,0.026064,0.0082956,0.007618,0.0077598,0.010635,0.012328,0.015535,0.015599,0.010547,0.014478,0.014853,0.0090424,0.011268,0.010812,0.010204,0.016709,0.0145,0.0076098,0.006666,0.0061793,0.0067232,0.01171,0.013501
8.4663,15.491,13.724,7.005,4.9156,2.7086,1.4103,0.90165,0.49854,0.31757,0.21025,0.14639,0.13949,0.092956,0.084287,0.063593,0.032164,0.015221,0.015465,0.028795,0.039562,0.040208,0.035319,0.035027,0.031899,0.02512,0.023068,0.02695,0.033471,0.034495,0.035296,0.028279,0.026167,0.023454,0.024714,0.026615,0.026929,0.026263,0.02395,0.022055,0.021263,0.019324,0.02025
9.2524,15.912,14.14,7.481,5.3016,2.8912,1.6014,1.0319,0.54017,0.31636,0.18979,0.12644,0.094632,0.025841,0.055351,0.027487,0.012676,0.021105,0.021625,0.010829,0.003102,0.016814,0.010984,0.0080317,0.0050408,0.009682,0.0058465,0.0056828,0.0080516,0.012768,0.0011493,0.0067508,0.0063371,0.0043418,0.0084968,0.0051595,0.0038289,0.0050686,0.0046702,0.0059189,0.0058458,0.0014926,0.0058338
9.1991,15.723,14.223,7.3901,5.1369,2.952,1.6317,0.96901,0.51529,0.34113,0.21804,0.087382,0.088888,0.070704,0.047638,0.010379,0.018823,0.031827,0.034356,0.017582,0.020401,0.026954,0.017826,0.0068679,0.0081125,0.011272,0.012302,0.014189,0.018939,0.021071,0.015379,0.005047,0.003242,0.004435,0.011667,0.015073,0.013488,0.011811,0.0087796,0.0046651,0.0046019,0.0078089,0.011801
8.6473,15.425,13.49,6.7991,4.7147,2.4409,1.2009,0.67394,0.29244,0.1632,0.10212,0.10456,0.13327,0.12388,0.14213,0.12403,0.11683,0.089906,0.054695,0.032466,0.038821,0.058559,0.070678,0.073543,0.069066,0.059669,0.032634,0.014144,0.013979,0.030566,0.04576,0.051261,0.054754,0.047924,0.034983,0.018698,0.013425,0.024767,0.035718,0.043297,0.043696,0.037446,0.027077
9.1969,15.67,13.831,7.2858,5.1922,2.7718,1.5897,0.99123,0.48847,0.33044,0.18637,0.11354,0.079874,0.054188,0.048864,0.0082965,0.037693,0.021883,0.0098375,0.015186,0.016384,0.0016986,0.012736,0.015694,0.0080145,0.012894,0.0065858,0.0079758,0.0055077,0.0095901,0.0070192,0.0048429,0.012221,0.0072986,0.0080678,0.007373,0.0023509,0.001944,0.0061353,0.0081057,0.0062137,0.0088384,0.0078338
9.2003,15.436,13.846,7.3079,5.0057,2.8397,1.6038,0.94605,0.50469,0.30083,0.18502,0.14237,0.069891,0.041393,0.062753,0.023371,0.019079,0.018252,0.0043281,0.025577,0.030257,0.016944,0.013404,0.016789,0.0077017,0.0034082,0.0082012,0.012292,0.018781,0.017613,0.011766,0.010366,0.0086951,0.0015669,0.0066759,0.0081662,0.0081221,0.011334,0.013239,0.008243,0.005798,0.005234,0.0021894
8.9823,15.32,13.432,6.8749,4.7427,2.43,1.2482,0.74199,0.43971,0.35309,0.23238,0.14563,0.076548,0.017253,0.063643,0.11507,0.12358,0.12881,0.11503,0.087355,0.056217,0.027738,0.03492,0.059326,0.081637,0.093964,0.087764,0.074577,0.061924,0.037057,0.020126,0.02637,0.047608,0.062718,0.070343,0.07187,0.061685,0.045941,0.028009,0.015859,0.027026,0.044304,0.056095
9.1862,15.573,13.754,7.3618,5.2584,2.8427,1.6391,0.96575,0.52889,0.33831,0.17149,0.12459,0.093309,0.051524,0.035767,0.036101,0.011372,0.032847,0.01671,0.010186,0.015888,0.012538,0.0022711,0.013718,0.014274,0.014732,0.0094042,0.0070032,0.011103,0.0023005,0.0034933,0.0030934,0.013488,0.0084157,0.012176,0.0092102,0.0056706,0.0062943,0.0044408,0.00061089,0.0075536,0.0071445,0.0094113
9.2491,15.545,13.923,7.5233,5.2436,2.9091,1.6744,1.0243,0.50867,0.34944,0.18511,0.10658,0.1205,0.050478,0.020496,0.03148,0.034135,0.0079708,0.017732,0.023426,0.0076043,0.013104,0.022133,0.012289,0.0024216,0.0076813,0.0055139,0.00593,0.013551,0.014778,0.011175,0.011285,0.013356,0.0082623,0.0039283,0.011591,0.0087999,0.0038571,0.011112,0.01223,0.0064941,0.0060391,0.0080695
9.3234,15.615,13.863,7.1902,5.0699,2.7706,1.6947,1.1996,0.76546,0.52714,0.30661,0.15813,0.11717,0.1173,0.15651,0.14541,0.14239,0.11238,0.074476,0.035782,0.0079662,0.035033,0.05145,0.074023,0.074204,0.080767,0.068602,0.043294,0.022608,0.0043025,0.026225,0.044522,0.059693,0.06595,0.062774,0.051545,0.031744,0.011303,0.016736,0.033171,0.046689,0.052591,0.050581
9.2149,16.2,14.462,7.7829,5.5656,3.0981,1.7613,1.057,0.61113,0.33822,0.22642,0.11925,0.10575,0.035637,0.058293,0.0090949,0.035274,0.00604,0.021155,0.0056598,0.011908,0.0076748,0.017512,0.009696,0.018964,0.010746,0.0073148,0.0052455,0.0074093,0.0039644,0.010628,0.0035328,0.011686,0.0065694,0.014392,0.0019684,0.0088533,0.0033809,0.0077656,0.0036944,0.0092114,0.0059856,0.0079768
9.3187,16.326,14.804,8.0141,5.6043,3.0992,1.8224,1.1765,0.5717,0.35476,0.23725,0.11749,0.095894,0.07346,0.059235,0.0199,0.027527,0.036031,0.018455,0.0046111,0.020184,0.023451,0.017471,0.01528,0.021396,0.017404,0.010575,0.0092122,0.013331,0.0093639,0.013785,0.021549,0.016745,0.012727,0.0024268,0.013297,0.0068066,0.0083738,0.016241,0.011799,0.0088768,0.010641,0.0088342
9.5628,16.306,14.718,7.6284,5.4318,3.1994,2.0164,1.3234,0.71521,0.40001,0.236,0.19023,0.18259,0.11386,0.085547,0.041903,0.032958,0.031643,0.019629,0.018376,0.042203,0.049285,0.06601,0.046948,0.031088,0.011436,0.015053,0.02343,0.037399,0.04048,0.035867,0.024671,0.021713,0.016706,0.0088814,0.011258,0.025177,0.031306,0.029515,0.023951,0.018766,0.010281,0.0064204
9.2864,16.938,15.281,8.2686,5.772,3.3303,1.8784,1.1796,0.64816,0.40051,0.22761,0.15107,0.090636,0.060491,0.032307,0.040703,0.007568,0.02604,0.012708,0.015226,0.015551,0.015293,0.01962,0.0060808,0.0057788,0.0061149,0.0084255,0.0055383,0.0096077,0.0031129,0.013182,0.0025261,0.0075584,0.0063649,0.010919,0.0093324,0.008779,0.00531,0.0084311,0.0034749,0.0058953,0.0012456,0.0065095
9.4344,16.936,15.48,8.4527,5.9052,3.2357,1.8925,1.2823,0.69558,0.38805,0.24326,0.15352,0.071874,0.043362,0.08626,0.064689,0.02325,0.012219,0.02462,0.022984,0.016435,0.031365,0.042143,0.031497,0.012469,0.0080572,0.015023,0.018418,0.020202,0.025397,0.023901,0.013269,0.0036089,0.011429,0.017928,0.0078318,0.014393,0.021105,0.012884,0.0070271,0.0048654,0.0031908,0.0090087
9.7039,16.638,15.106,7.9386,5.7364,3.3934,2.0993,1.3097,0.70014,0.45487,0.31106,0.21082,0.14172,0.031677,0.022575,0.038169,0.026954,0.017551,0.028624,0.04397,0.04009,0.022481,0.011689,0.023148,0.019538,0.030715,0.023058,0.019605,0.010458,0.011591,0.018424,0.01354,0.01604,0.025429,0.026886,0.019877,0.0046631,0.0063874,0.011579,0.014639,0.017129,0.017196,0.0102
9.3697,17.36,15.654,8.4953,6.0137,3.4436,1.9733,1.2569,0.67858,0.43217,0.24444,0.15662,0.11067,0.054121,0.047802,0.031574,0.025996,0.013255,0.025637,0.013737,0.0142,0.0041877,0.017115,0.017206,0.0049876,0.009039,0.0021109,0.0064279,0.0033653,0.0089649,0.0050618,0.0094168,0.0042748,0.0050078,0.01518,0.0078904,0.010082,0.0023901,0.0051812,0.0037416,0.0046843,0.0038311,0.0064361
9.4806,17.35,15.841,8.6599,6.1719,3.3271,1.9257,1.2963,0.74351,0.44151,0.26849,0.19947,0.11777,0.028374,0.045896,0.049837,0.031234,0.017383,0.036065,0.049981,0.047764,0.030221,0.012113,0.010712,0.0077473,0.018201,0.027564,0.028851,0.023661,0.012362,0.0078872,0.0075726,0.010376,0.011485,0.020116,0.029576,0.021742,0.0071428,0.0044083,0.0085102,0.016126,0.02146,0.020876
9.7781,17.071,15.508,8.1651,6.0167,3.5596,2.2071,1.3785,0.78065,0.52779,0.33527,0.18934,0.11346,0.029899,0.032602,0.011382,0.021803,0.037004,0.054403,0.047291,0.030021,0.016114,0.035444,0.031692,0.028066,0.027868,0.012834,0.011124,0.010449,0.012521,0.015997,0.024385,0.021997,0.01845,0.014698,0.017251,0.016243,0.016801,0.018613,0.017234,0.011532,0.0070897,0.0071606
9.4639,17.791,16.076,8.737,6.2159,3.6098,2.1072,1.3145,0.73925,0.45407,0.28084,0.16274,0.12683,0.061312,0.057355,0.044429,0.024421,0.025203,0.017091,0.022338,0.010412,0.0060891,0.01164,0.01165,0.0086502,0.0074299,0.0080806,0.00064834,0.0046126,0.00095131,0.010681,0.003508,0.0064516,0.010205,0.0066526,0.012318,0.0055534,0.0086208,0.00075974,0.0043376,0.0013153,0.0044061,0.0029084
9.5316,17.6,16.14,8.8633,6.3549,3.5151,2.0195,1.3089,0.77031,0.47418,0.28268,0.22018,0.17071,0.09095,0.023561,0.019847,0.018936,0.0051629,0.016453,0.039826,0.043485,0.034033,0.022196,0.014281,0.015472,0.021696,0.024183,0.026041,0.022811,0.017013,0.0086893,0.018024,0.01941,0.029733,0.022528,0.0087274,0.0048463,0.0024592,0.010066,0.018286,0.020557,0.017337,0.011751
9.787,17.106,15.564,8.295,6.1894,3.7212,2.3264,1.4686,0.85072,0.54939,0.31881,0.15198,0.07476,0.0171,0.024153,0.049747,0.054274,0.066421,0.068439,0.055763,0.039663,0.036334,0.026231,0.02828,0.034516,0.032568,0.031947,0.026803,0.024009,0.028399,0.03012,0.033805,0.026769,0.019191,0.013906,0.011916,0.017781,0.020239,0.022689,0.022215,0.020099,0.017813,0.018316
9.4398,17.717,15.975,8.7034,6.2814,3.6363,2.1519,1.3328,0.76762,0.45794,0.29344,0.17092,0.12439,0.065705,0.054444,0.047165,0.017907,0.034713,0.012902,0.019656,0.0097246,0.010943,0.017646,0.0023147,0.0098827,0.0041349,0.0050607,0.0024055,0.0047963,0.0066401,0.0075565,0.0075065,0.0072507,0.0050258,0.0095388,0.0072276,0.010449,0.0028397,0.0070194,0.0013872,0.0023869,0.00092887,0.0041728
9.4125,17.511,15.953,8.7989,6.4493,3.5035,2.0419,1.258,0.7409,0.45425,0.25293,0.20075,0.17488,0.12227,0.065314,0.033047,0.025731,0.024692,0.025157,0.031079,0.042272,0.038439,0.019821,0.015443,0.028113,0.031693,0.032476,0.027651,0.019159,0.0073514,0.011869,0.023216,0.023253,0.026121,0.03085,0.02042,0.011586,0.015844,0.017213,0.02072,0.022615,0.018234,0.01057
9.6613,17.138,15.495,8.1577,6.1846,3.6148,2.3208,1.4418,0.82834,0.50868,0.27343,0.11912,0.02927,0.041175,0.050414,0.067877,0.067864,0.076566,0.070521,0.057963,0.049124,0.034863,0.030021,0.035611,0.036568,0.038408,0.034487,0.032831,0.030605,0.034123,0.035279,0.035452,0.031263,0.024941,0.022563,0.024495,0.029001,0.030866,0.028938,0.025933,0.022907,0.022518,0.024372
9.3318,17.764,15.93,8.6227,6.2352,3.4947,2.1074,1.2796,0.75812,0.42839,0.27836,0.1766,0.10528,0.068852,0.040362,0.048213,0.015034,0.031139,0.016464,0.014542,0.015368,0.010038,0.014684,0.0070432,0.0080175,0.0031017,0.0029264,0.0053697,0.0046357,0.01167,0.0012176,0.00843,0.0054563,0.0097211,0.0095402,0.011119,0.0080519,0.0089096,0.0022749,0.0017055,0.0040527,0.0054755,0.0034351
9.2531,17.6,16.049,8.7542,6.3653,3.4191,2.0156,1.1927,0.69488,0.40966,0.19977,0.15373,0.15034,0.12012,0.081341,0.053272,0.046915,0.050619,0.049007,0.033872,0.027671,0.020125,0.0089873,0.018481,0.030154,0.036868,0.036252,0.025841,0.012582,0.012434,0.016081,0.023927,0.032822,0.02024,0.011908,0.0093424,0.010121,0.019113,0.026307,0.024664,0.019344,0.012672,0.0063749
9.5551,17.28,15.648,8.2721,6.0913,3.5389,2.2624,1.3782,0.77801,0.45918,0.22048,0.086515,0.024493,0.072005,0.070311,0.080033,0.077923,0.078808,0.069199,0.053606,0.034582,0.0322,0.029512,0.039829,0.044213,0.040025,0.03755,0.03461,0.034512,0.034749,0.036556,0.031819,0.032773,0.033649,0.031848,0.032467,0.032129,0.029816,0.027558,0.024972,0.024279,0.022997,0.022243
9.2607,17.979,16.163,8.6958,6.0825,3.3935,2.0579,1.2313,0.72028,0.42614,0.24955,0.17831,0.096348,0.065731,0.040353,0.04234,0.026654,0.02031,0.021131,0.016247,0.011923,0.011892,0.0091531,0.011002,0.0022492,0.005147,0.0046574,0.0086657,0.0072885,0.0044022,0.0081331,0.0037354,0.0062752,0.0080651,0.0049124,0.0089381,0.004635,0.0010543,0.0039908,0.0043291,0.0042767,0.0032103,0.004397
9.1733,17.816,16.168,8.8954,6.2917,3.3883,2.0136,1.1758,0.69217,0.39273,0.14987,0.10682,0.11672,0.086714,0.056208,0.064126,0.080136,0.077597,0.06186,0.033344,0.027166,0.032607,0.036603,0.037981,0.03541,0.028396,0.016353,0.02332,0.03549,0.041673,0.037398,0.024425,0.010065,0.016913,0.03036,0.033224,0.028558,0.018761,0.010569,0.013123,0.022945,0.028327,0.027065
9.5854,17.683,15.907,8.3682,5.9809,3.4324,2.2177,1.319,0.78249,0.48449,0.24537,0.11178,0.023766,0.032537,0.032571,0.05719,0.072718,0.068892,0.057858,0.048138,0.042592,0.033224,0.042902,0.030836,0.028788,0.025779,0.026652,0.029617,0.035409,0.035224,0.026947,0.026098,0.032319,0.029888,0.028244,0.024058,0.021562,0.020415,0.023168,0.025299,0.024333,0.02129,0.017467
9.2696,18.448,16.499,8.8703,6.104,3.3338,2.0821,1.2128,0.72789,0.42815,0.23456,0.18893,0.083969,0.066695,0.038661,0.030883,0.031355,0.010662,0.01839,0.011494,0.013916,0.017419,0.0074876,0.014856,0.010312,0.0076954,0.0063573,0.0042872,0.0093952,0.0039218,0.0045282,0.0092267,0.010354,0.0033182,0.0062293,0.0024419,0.0078788,0.0033664,0.0042501,0.0041265,0.0028153,0.0041164,0.0035861
9.2348,18.299,16.463,9.0765,6.3609,3.3487,2.0581,1.2303,0.74067,0.35791,0.13245,0.13801,0.077467,0.03526,0.065208,0.094099,0.084532,0.050083,0.036674,0.048895,0.064061,0.060434,0.040307,0.010961,0.022448,0.042453,0.046931,0.039632,0.025198,0.021829,0.030159,0.044163,0.028707,0.02345,0.016251,0.022834,0.03198,0.031285,0.024938,0.013385,0.012805,0.023497,0.029429
9.6706,18.081,16.176,8.5087,6.0078,3.3699,2.2087,1.3047,0.83665,0.52512,0.29822,0.20142,0.088539,0.050925,0.027177,0.016725,0.026436,0.026642,0.024707,0.028811,0.043538,0.042885,0.021,0.027548,0.027077,0.023962,0.02974,0.023382,0.01893,0.017155,0.019843,0.014398,0.013041,0.016838,0.018049,0.019909,0.023849,0.020723,0.01657,0.013176,0.012153,0.016542,0.018521
9.2716,18.686,16.659,8.9715,6.1794,3.3598,2.1081,1.2192,0.772,0.43066,0.24534,0.1958,0.094032,0.070202,0.030596,0.036973,0.024201,0.010379,0.01927,0.00035954,0.01895,0.0134,0.0059668,0.0081744,0.00036511,0.002953,0.00346,0.0064231,0.0023631,0.0076782,0.0043611,0.0049642,0.014013,0.0066815,0.0024393,0.007972,0.0013581,0.0068319,0.0012568,0.0030357,0.0031615,0.0041567,0.0015651
9.2857,18.428,16.603,9.166,6.3513,3.3054,2.0306,1.2058,0.72283,0.34659,0.20053,0.22339,0.12851,0.074376,0.080481,0.095686,0.074084,0.037175,0.0087157,0.020661,0.032076,0.042385,0.042086,0.030397,0.012824,0.023729,0.03871,0.037732,0.024805,0.010386,0.011376,0.017259,0.044433,0.030593,0.01894,0.0086094,0.017587,0.030806,0.030285,0.023533,0.012446,0.0078565,0.019357
9.6236,17.949,16.023,8.4955,5.9635,3.3454,2.1711,1.2765,0.80931,0.49958,0.2868,0.20798,0.093255,0.058828,0.030228,0.019055,0.0034542,0.013722,0.013674,0.011528,0.020762,0.02603,0.013882,0.013674,0.012646,0.0079261,0.013853,0.012571,0.014869,0.011556,0.0067914,0.0097936,0.020067,0.013392,0.010078,0.0078487,0.0052917,0.0074405,0.0081289,0.0064269,0.0049108,0.0040254,0.0041283
9.2326,18.465,16.497,8.9058,6.0635,3.3184,2.0627,1.1922,0.75917,0.41914,0.25032,0.18817,0.099252,0.072095,0.029705,0.042659,0.019456,0.016828,0.013686,0.0070189,0.019015,0.00528,0.00080318,0.0014735,0.0058021,0.0039927,0.0059867,0.0015584,0.0068158,0.0065523,0.0036018,0.011009,0.0085194,0.0061998,0.0078083,0.0037022,0.0062152,0.0023169,0.0042023,0.0024158,0.0025006,0.0021766,0.0042824
9.2748,18.128,16.406,9.051,6.1491,3.1897,1.981,1.1932,0.69113,0.36161,0.26792,0.24844,0.11766,0.081025,0.082408,0.070253,0.037614,0.01784,0.0064916,0.015906,0.031317,0.038781,0.031134,0.01594,0.010492,0.023547,0.033428,0.032621,0.024491,0.0081802,0.014345,0.030127,0.035248,0.019741,0.017542,0.0083341,0.020879,0.024053,0.022121,0.015113,0.0040378,0.01196,0.021485
9.5683,17.71,15.915,8.3267,5.7815,3.2548,2.0975,1.227,0.76904,0.47247,0.27838,0.19786,0.090961,0.059163,0.03417,0.02528,0.00048929,0.010022,0.0098741,0.0040753,0.017286,0.022678,0.010829,0.013082,0.0085657,0.0065724,0.011301,0.011575,0.015121,0.010166,0.0047887,0.0098051,0.019052,0.011972,0.010777,0.0047996,0.0029612,0.0056234,0.0065033,0.005405,0.0031456,0.0023591,0.0024231
9.1839,18.274,16.478,8.8106,5.9358,3.2597,1.9987,1.1688,0.72194,0.39465,0.24361,0.17451,0.10133,0.063451,0.036164,0.037173,0.024362,0.018262,0.0092693,0.013653,0.013021,0.0066097,0.0067151,0.010856,0.0039427,0.0044488,0.0054999,0.008041,0.0089992,0.0039071,0.0043074,0.0064078,0.016139,0.0065764,0.0056387,0.0054497,0.0034076,0.0054369,0.0030105,0.0041599,0.0017255,0.0020269,0.0022608
9.2636,18,16.519,9.0072,6.0422,3.1227,1.9488,1.1845,0.65839,0.38515,0.2947,0.23679,0.096391,0.065539,0.060818,0.037332,0.024154,0.035868,0.025458,0.011873,0.032876,0.039763,0.033506,0.017967,0.0028201,0.012457,0.024855,0.033417,0.031014,0.017861,0.0051334,0.019386,0.013833,0.031892,0.017436,0.0048458,0.0045874,0.013008,0.023462,0.021154,0.012582,0.0013927,0.0070572
9.5586,17.585,16.068,8.348,5.8217,3.2912,2.1244,1.2409,0.74041,0.47917,0.30287,0.2049,0.094535,0.065837,0.049454,0.03732,0.01084,0.010064,0.013101,0.0085794,0.012161,0.025,0.017758,0.020724,0.010221,0.0033501,0.011267,0.011602,0.017978,0.011767,0.0019129,0.0072419,0.01352,0.0089178,0.010201,0.010343,0.0074043,0.0017481,0.0043259,0.0077578,0.0069709,0.0068695,0.0043669
9.1876,18.099,16.509,8.8901,6.042,3.3381,2.0311,1.2068,0.69473,0.40945,0.24343,0.17002,0.098686,0.061509,0.047031,0.035724,0.032361,0.019463,0.017411,0.015605,0.01833,0.011926,0.0033855,0.014816,0.0036702,0.003943,0.0041228,0.0030759,0.0063495,0.0072836,0.0089518,0.0060107,0.0060382,0.0085104,0.0059571,0.0086723,0.0046102,0.0045332,0.0020853,0.0020941,0.0032746,0.0043958,0.0039352
9.286,17.811,16.451,9.0032,6.1336,3.1995,1.9857,1.2374,0.698,0.40771,0.29137,0.23272,0.089409,0.030854,0.043817,0.034207,0.0097642,0.045919,0.054411,0.039029,0.01962,0.013062,0.021285,0.021996,0.025494,0.02511,0.015593,0.002553,0.020678,0.027627,0.024854,0.016733,0.018618,0.0063319,0.0077902,0.014746,0.025165,0.022302,0.012599,0.0042763,0.0065054,0.01395,0.020915
9.5294,17.392,15.874,8.3181,5.8661,3.3534,2.1595,1.2612,0.74516,0.47934,0.3039,0.19824,0.088282,0.050044,0.037746,0.029229,0.013231,0.022106,0.024657,0.015901,0.020376,0.029903,0.026184,0.033648,0.021301,0.0084658,0.010584,0.016002,0.025501,0.021069,0.011414,0.0043323,0.011468,0.011257,0.014284,0.015417,0.013577,0.0058349,0.0061191,0.011728,0.014883,0.013424,0.0087443
9.1644,18.031,16.299,8.7037,5.9048,3.2869,2.0041,1.1682,0.69452,0.38788,0.23658,0.16716,0.093742,0.062431,0.039468,0.033316,0.032657,0.014995,0.016887,0.014489,0.014836,0.014578,0.0071771,0.01383,0.0045951,0.0023936,0.0061456,0.0059772,0.0046554,0.0085263,0.0028848,0.0023727,0.0068749,0.0092835,0.0082781,0.0024193,0.0028867,0.0040306,0.0035822,0.0040591,0.0039074,0.002285,0.0011165
9.2337,17.904,16.196,8.8179,5.863,3.0372,1.9407,1.1162,0.63055,0.39976,0.28895,0.18765,0.080032,0.076343,0.047888,0.016526,0.03935,0.033432,0.0094921,0.033774,0.053117,0.043151,0.021667,0.0065005,0.015371,0.027851,0.03136,0.021653,0.0055562,0.014549,0.020854,0.019224,0.025906,0.0052944,0.0067069,0.0096198,0.021696,0.021549,0.014014,0.0050526,0.0072386,0.018548,0.022993
9.3806,17.722,15.8,8.1095,5.5394,3.1311,2.0712,1.1781,0.78251,0.51581,0.35815,0.26565,0.16935,0.14212,0.12802,0.11747,0.087582,0.066902,0.070332,0.079065,0.070157,0.046697,0.04485,0.050941,0.053793,0.058551,0.048589,0.036497,0.044281,0.046263,0.047041,0.037528,0.037774,0.034498,0.035519,0.040292,0.035153,0.027923,0.028702,0.035535,0.037803,0.033364,0.023907
9.1481,18.485,16.41,8.7275,5.6485,3.0372,1.9166,1.0572,0.66257,0.36055,0.19763,0.1572,0.093125,0.036496,0.050203,0.019485,0.022505,0.017963,0.014549,0.0076688,0.020304,0.0086439,0.0070193,0.010699,0.0069474,0.0056469,0.0068165,0.0022272,0.0031237,0.014165,0.0035621,0.009147,0.0079372,0.0094492,0.015372,0.0031044,0.0047018,0.0036702,0.0058346,0.0069155,0.0043728,0.0044648,0.0064123
9.2282,18.358,16.543,8.964,5.6558,2.9085,1.9128,1.0048,0.65654,0.41429,0.21508,0.14887,0.11668,0.036393,0.012473,0.039679,0.017858,0.031886,0.046558,0.024975,0.0027846,0.018257,0.025706,0.028144,0.02207,0.004329,0.012643,0.021543,0.021046,0.017863,0.0063335,0.01032,0.023964,0.016118,0.01698,0.0036031,0.013513,0.016367,0.014869,0.0084902,0.0021729,0.010887,0.013373
9.1676,18.035,16.026,8.1035,5.2349,2.8172,1.8719,0.94575,0.57603,0.38466,0.284,0.19023,0.14926,0.14515,0.16788,0.12099,0.080348,0.08788,0.11156,0.11481,0.081271,0.06167,0.08027,0.095416,0.088511,0.066339,0.049262,0.064912,0.079931,0.069477,0.049929,0.037896,0.062045,0.074981,0.063329,0.046983,0.039661,0.05179,0.05986,0.053296,0.037796,0.037411,0.050149
9.1873,18.715,16.835,9.089,5.8411,3.051,1.9762,1.0976,0.6482,0.40558,0.19237,0.15352,0.10654,0.064798,0.040039,0.035398,0.025608,0.0067108,0.028533,0.010446,0.0007252,0.011501,0.016797,0.013322,0.00942,0.0066337,0.0062727,0.0085266,0.0084139,0.01249,0.0031182,0.0068113,0.01347,0.016047,0.0093134,0.0024208,0.0032262,0.010236,0.0062025,0.005337,0.0013413,0.0049139,0.0086903
9.2964,18.357,16.957,9.2178,5.864,3.0824,1.9954,1.0792,0.71885,0.40353,0.18461,0.16938,0.086801,0.050776,0.06928,0.032736,0.020857,0.028765,0.013278,0.01325,0.019227,0.0059119,0.012633,0.016953,0.014695,0.012205,0.005225,0.0069107,0.010933,0.0097041,0.0070419,0.010864,0.0079858,0.0078151,0.013078,0.011999,0.0012127,0.0098035,0.0083341,0.0094432,0.0064911,0.003441,0.0070293
9.02,17.753,16.061,8.0913,5.2663,2.766,1.8474,0.96977,0.4848,0.15097,0.11289,0.11471,0.055424,0.049595,0.10344,0.13228,0.09828,0.050875,0.052256,0.10146,0.11712,0.090648,0.052123,0.043128,0.07879,0.097561,0.08735,0.055577,0.035604,0.06,0.080297,0.082141,0.058166,0.024171,0.043235,0.06382,0.067412,0.048924,0.027255,0.034761,0.056094,0.062431,0.051318
9.2137,18.297,16.719,8.948,5.9948,3.1764,2.0635,1.1457,0.68661,0.41526,0.23927,0.15847,0.10425,0.071045,0.034044,0.034896,0.038905,0.0067059,0.016651,0.0088338,0.015696,0.016991,0.011625,0.007739,0.0028816,0.0053766,0.014458,0.010013,0.0075747,0.0063926,0.0029524,0.0058622,0.01268,0.014063,0.010273,0.0054671,0.0022098,0.013053,0.0074064,0.0075274,0.0029961,0.0025255,0.0084543
9.2781,17.821,16.563,8.9242,5.8779,3.1921,2.0361,1.1389,0.73163,0.40883,0.20948,0.18859,0.080886,0.066663,0.061422,0.024787,0.02265,0.024339,0.0058447,0.017347,0.021463,0.0090784,0.0012608,0.0082819,0.0099112,0.011575,0.00694,0.0086579,0.0068023,0.00458,0.0096773,0.012761,0.0075341,0.004606,0.012007,0.010743,0.003378,0.0098389,0.0058397,0.0040414,0.0063751,0.0074962,0.0072717
8.8386,17.228,15.59,7.7459,5.0703,2.5925,1.7257,0.98933,0.56432,0.21696,0.026301,0.079532,0.11465,0.048175,0.02093,0.095577,0.12841,0.12908,0.097614,0.04897,0.045743,0.081154,0.10795,0.10809,0.072452,0.033615,0.04473,0.07751,0.094754,0.086495,0.053258,0.027509,0.039701,0.062584,0.070583,0.060361,0.03518,0.017094,0.040181,0.059623,0.065994,0.054387,0.030264
9.1035,17.827,16.227,8.5862,5.7813,3.0609,1.9815,1.0905,0.65207,0.37794,0.24711,0.13922,0.099421,0.067993,0.034944,0.018302,0.043935,0.0091938,0.017802,0.0063587,0.016152,0.012202,0.015034,0.017358,0.0056463,0.0005483,0.0096174,0.013637,0.0080989,0.013778,0.0018536,0.0025522,0.0045621,0.0086401,0.016999,0.0043682,0.0041282,0.005394,0.0074887,0.0085075,0.0098828,0.0053606,0.0032323
9.0901,17.552,16.332,8.6866,5.6236,3.0229,1.9036,1.0721,0.67156,0.35814,0.20055,0.1652,0.072252,0.074504,0.052926,0.016607,0.023793,0.012436,0.0080719,0.015808,0.012594,0.00086732,0.0054616,0.011256,0.011726,0.0084354,0.0039063,0.0052716,0.0031634,0.0093359,0.0093454,0.0062308,0.0063347,0.0061189,0.010513,0.0059432,0.007426,0.0074067,0.0015436,0.0046536,0.0070471,0.0071394,0.0047151
8.4531,17.094,15.564,7.6737,4.835,2.3806,1.5625,0.90191,0.55304,0.30952,0.17525,0.09171,0.042297,0.11692,0.15953,0.162,0.11965,0.048743,0.049552,0.095985,0.11746,0.096599,0.048514,0.0186,0.064561,0.087864,0.082173,0.048976,0.011885,0.044519,0.073674,0.071222,0.049579,0.018645,0.032757,0.061749,0.066822,0.051099,0.020592,0.021953,0.048313,0.060316,0.049893
9.0061,18.085,16.701,8.9276,5.8903,3.0032,1.9165,1.0704,0.65246,0.33075,0.22305,0.15426,0.081659,0.038897,0.066014,0.012812,0.017231,0.016659,0.025271,0.012169,0.013717,0.0020916,0.011794,0.014943,0.012256,0.0076185,0.0033771,0.005832,0.011767,0.0093884,0.0068629,0.0025216,0.0067028,0.010839,0.007723,0.004141,0.0026782,0.0087434,0.0077171,0.0075622,0.0034253,0.0035381,0.0074916
9.0128,17.93,17.047,9.2217,5.8821,3.0384,1.9132,1.1033,0.67648,0.37286,0.1963,0.13465,0.091433,0.062035,0.054328,0.036118,0.010471,0.0089784,0.014331,0.013135,0.018511,0.013036,0.0092792,0.0033843,0.0065508,0.0095357,0.0085478,0.0049086,0.0024966,0.0053126,0.0092312,0.0091315,0.0039064,0.0049488,0.0084305,0.0073469,0.0044803,0.0040289,0.0056323,0.0077172,0.0056759,0.004381,0.0018743
8.249,17.407,16.198,8.2519,5.2578,2.5502,1.6751,1.066,0.79172,0.52883,0.28485,0.14684,0.093236,0.12046,0.13945,0.092669,0.030728,0.055187,0.088362,0.074841,0.042867,0.017193,0.066678,0.079629,0.060966,0.023838,0.027028,0.057706,0.06512,0.0468,0.011423,0.029132,0.054907,0.056999,0.033579,0.0039392,0.033372,0.050757,0.04495,0.024573,0.0108,0.035461,0.044752
9.0826,18.462,17.342,9.3739,6.24,3.1569,1.9917,1.1307,0.72808,0.38701,0.20844,0.17068,0.10573,0.045831,0.04644,0.038831,0.020593,0.013831,0.012078,0.018832,0.0094849,0.0048239,0.0053517,0.011925,0.0075983,0.0011431,0.00059741,0.0061891,0.007712,0.0067644,0.0026702,0.0072325,0.0088619,0.0086569,0.0029755,0.0053477,0.0035779,0.0057148,0.0048961,0.0025233,0.0019466,0.0023956,0.0040858
9.0796,18.186,17.658,9.4762,6.1087,3.2053,2.0664,1.204,0.71275,0.39375,0.20418,0.19838,0.12479,0.048671,0.031924,0.019183,0.039386,0.0337,0.016436,0.010262,0.0070595,0.013168,0.012861,0.012425,0.013631,0.016302,0.014203,0.011112,0.0067804,0.0094021,0.013481,0.015629,0.0052524,0.010631,0.013101,0.012279,0.0065459,0.0067622,0.009003,0.0089367,0.010095,0.0096778,0.0060438
8.1862,17.57,16.668,8.6065,5.6622,2.8629,1.7607,1.0155,0.69179,0.46654,0.2874,0.22757,0.10622,0.092633,0.076455,0.053467,0.023419,0.049836,0.083166,0.088157,0.061431,0.026595,0.031995,0.056066,0.06639,0.047832,0.023331,0.028755,0.052078,0.054495,0.039478,0.015291,0.022581,0.043808,0.047104,0.033816,0.013267,0.023434,0.037701,0.041346,0.029832,0.011637,0.020519
9.1804,18.384,17.411,9.2164,6.2179,3.2526,2.0629,1.2093,0.74389,0.42605,0.20616,0.19808,0.098743,0.056409,0.041717,0.034461,0.027809,0.0049973,0.015384,0.0099073,0.007461,0.0080157,0.0071504,0.0051952,0.0025585,0.0040551,0.0078175,0.0031987,0.005113,0.00093215,0.0025527,0.0060126,0.0087217,0.0063835,0.0028143,0.0030838,0.0023947,0.0044246,0.0048991,0.00066696,0.00045191,0.0033919,0.0030153
9.1063,18.049,17.483,9.1747,5.9847,3.2677,2.1514,1.1822,0.67032,0.4332,0.25757,0.19215,0.058317,0.068453,0.06983,0.040821,0.012858,0.020526,0.036213,0.027951,0.017426,0.015173,0.017892,0.019269,0.018263,0.013908,0.011155,0.013723,0.015092,0.015869,0.014562,0.010234,0.011096,0.01311,0.013065,0.011307,0.010488,0.011248,0.0096243,0.010689,0.011188,0.008673,0.007474
8.0366,17.319,16.363,8.3293,5.5449,2.9111,1.8265,0.97917,0.54845,0.29746,0.14959,0.15302,0.094767,0.095079,0.097712,0.088079,0.065852,0.036002,0.007195,0.036386,0.049206,0.037951,0.026647,0.013209,0.024433,0.038179,0.034375,0.031146,0.014493,0.016356,0.025718,0.033667,0.026419,0.015423,0.01154,0.021784,0.028719,0.025146,0.017326,0.0057959,0.015657,0.023205,0.025087
9.1662,18.164,17.065,8.9337,5.9079,3.0553,1.9649,1.1419,0.69093,0.37975,0.16995,0.17869,0.10322,0.066113,0.019642,0.023182,0.036442,0.032074,0.010465,0.016439,0.015045,0.0231,0.01129,0.016206,0.010766,0.013532,0.014535,0.016815,0.010511,0.0092089,0.016111,0.013268,0.011451,0.01442,0.011091,0.0063248,0.0087666,0.010915,0.0113,0.0070696,0.0093257,0.0091127,0.0077967
8.9928,18.011,17.205,8.8327,5.614,3.0758,2.0193,1.0218,0.60091,0.39249,0.22542,0.12938,0.054529,0.078182,0.055006,0.019443,0.025168,0.040981,0.031863,0.018004,0.018629,0.027808,0.025914,0.018065,0.016796,0.018888,0.016534,0.013408,0.012901,0.015611,0.01507,0.015579,0.012408,0.011424,0.013944,0.014811,0.012897,0.012175,0.012285,0.010632,0.012055,0.012046,0.011281
7.9005,17.44,16.389,8.3673,5.3365,2.6977,1.6835,0.87121,0.48512,0.26432,0.13452,0.13974,0.092535,0.070874,0.060833,0.040217,0.029285,0.02916,0.023773,0.010592,0.006699,0.010354,0.010142,0.015418,0.0079198,0.005858,0.010249,0.012377,0.013255,0.0081816,0.0096687,0.0090562,0.0057423,0.0044273,0.0039468,0.005927,0.0079721,0.0079767,0.0068015,0.004887,0.0039979,0.0056362,0.0050508
9.0803,18.309,17.221,9.0817,5.9162,2.9674,1.7692,0.93559,0.62546,0.42379,0.22239,0.12762,0.024274,0.056304,0.086471,0.068223,0.046001,0.033099,0.038531,0.046663,0.039246,0.037749,0.031328,0.034607,0.027807,0.031273,0.03189,0.032716,0.023179,0.023431,0.026187,0.024098,0.02148,0.019656,0.022747,0.022455,0.021523,0.021051,0.020046,0.022853,0.022235,0.019354,0.017505
8.9203,18.424,17.587,9.117,5.7099,3.0294,1.878,0.98259,0.61663,0.38516,0.15015,0.12371,0.089435,0.05369,0.019985,0.037412,0.041795,0.018552,0.0099311,0.027159,0.033218,0.017278,0.012631,0.020203,0.019955,0.015352,0.011941,0.015123,0.017774,0.017207,0.016179,0.0092237,0.015421,0.015235,0.013939,0.0085767,0.012308,0.014723,0.013864,0.012895,0.0082234,0.010068,0.013598
7.9129,17.737,16.7,8.6117,5.4563,2.6945,1.6423,0.83701,0.4361,0.21055,0.089952,0.084712,0.094268,0.063746,0.061731,0.054994,0.059351,0.061996,0.054934,0.03847,0.029774,0.03326,0.044393,0.031209,0.022847,0.027022,0.027409,0.029909,0.021006,0.018132,0.023117,0.030012,0.023648,0.017391,0.019118,0.022187,0.021053,0.016264,0.014132,0.017269,0.021315,0.018424,0.012854
9.1524,18.397,17.226,9.104,6.0172,3.1456,1.9141,0.97652,0.47798,0.29261,0.23767,0.21243,0.14899,0.095896,0.042135,0.041673,0.058458,0.074319,0.070707,0.052126,0.035457,0.048639,0.046399,0.050077,0.038669,0.039595,0.041683,0.041508,0.036186,0.031129,0.033347,0.03712,0.036697,0.030068,0.028101,0.032473,0.033519,0.029359,0.024372,0.024022,0.028638,0.029213,0.026055
8.9246,18.753,17.522,9.1415,5.7551,3.0286,1.8329,1.0765,0.64296,0.32817,0.18587,0.1679,0.071605,0.030765,0.059543,0.036139,0.014378,0.023906,0.023469,0.012216,0.020782,0.016851,0.0080876,0.01318,0.018427,0.012885,0.0077296,0.010048,0.012902,0.01229,0.0097005,0.011006,0.010227,0.011378,0.011756,0.0089761,0.0079847,0.01096,0.01137,0.0063935,0.0059125,0.0090595,0.0099642
8.2519,18.055,16.657,8.8671,5.7395,2.9321,1.8183,1.0234,0.649,0.4099,0.21445,0.16831,0.13015,0.14318,0.09682,0.078692,0.10191,0.10869,0.085678,0.063419,0.077601,0.09934,0.083946,0.056329,0.064567,0.078439,0.073441,0.059837,0.050743,0.060365,0.069047,0.057195,0.040992,0.051154,0.06138,0.059936,0.047603,0.040081,0.052097,0.055038,0.044924,0.035361,0.041488
9.2908,18.346,16.756,8.8049,5.7911,3.1537,2.0657,1.2208,0.74005,0.36254,0.17146,0.08904,0.04814,0.065774,0.074535,0.072268,0.082525,0.068207,0.045435,0.03295,0.032518,0.054467,0.036578,0.03263,0.038703,0.041228,0.03958,0.024297,0.02814,0.033492,0.033958,0.023622,0.016581,0.028546,0.032232,0.025201,0.017607,0.024141,0.026266,0.024174,0.018296,0.017375,0.023587
8.895,18.895,17.299,9.1797,5.8223,3.0021,1.9038,1.1123,0.63995,0.36371,0.23063,0.11801,0.1029,0.052525,0.028406,0.034648,0.028626,0.002011,0.017381,0.019511,0.0064968,0.0032895,0.0073317,0.0023117,0.0082214,0.0091371,0.0055971,0.0077599,0.0077647,0.0063368,0.0071729,0.0079496,0.012853,0.0038216,0.0086363,0.0048709,0.008154,0.0049363,0.0056018,0.007414,0.0050055,0.0073537,0.004504
8.6523,18.373,16.957,9.3956,6.116,3.1545,2.0951,1.3302,0.87284,0.48758,0.32698,0.2774,0.23954,0.12923,0.10366,0.12171,0.12673,0.097921,0.061745,0.073773,0.099953,0.095643,0.058725,0.052267,0.078391,0.078908,0.054095,0.041014,0.058122,0.066581,0.056909,0.031824,0.04643,0.062542,0.052772,0.035681,0.032781,0.050572,0.05272,0.040812,0.031724,0.045131,0.051492
9.3156,18.356,16.879,8.8987,5.7412,3.1188,2.0105,1.1358,0.75073,0.44655,0.22894,0.14249,0.10626,0.042971,0.0051209,0.018283,0.0052301,0.020684,0.028475,0.025389,0.018101,0.022734,0.018899,0.018597,0.00080523,0.0062468,0.016007,0.011291,0.0078859,0.00065437,0.011153,0.011618,0.0043125,0.0028663,0.0080793,0.012177,0.011899,0.0064583,0.0048279,0.011616,0.011859,0.0079328,0.0022415
8.9188,18.875,17.508,9.4001,5.8658,3.0329,1.9476,1.0693,0.67732,0.37117,0.20465,0.14833,0.090343,0.05031,0.040828,0.023788,0.027718,0.012672,0.0081288,0.011095,0.015896,0.0039204,0.0063196,0.0047538,0.0047566,0.0089776,0.0081678,0.0071854,0.0037896,0.0078132,0.0063457,0.0065862,0.0084045,0.0078435,0.0040396,0.0042407,0.00076457,0.0046801,0.004723,0.0069105,0.00031336,0.0015512,0.0052497
8.9817,18.479,17.448,9.6075,6.018,3.0156,1.9807,1.0736,0.56015,0.31464,0.17658,0.081125,0.079453,0.098442,0.067608,0.049647,0.078085,0.072453,0.042132,0.026589,0.05332,0.060094,0.041809,0.01443,0.028562,0.041,0.036361,0.02104,0.014328,0.03119,0.036881,0.032906,0.01169,0.017874,0.031405,0.031602,0.017644,0.013395,0.025763,0.028658,0.021625,0.0098943,0.020023
9.2207,18.06,16.894,8.7713,5.6635,3.046,2.0319,1.1737,0.78335,0.52523,0.34626,0.25927,0.20085,0.15698,0.13673,0.10635,0.092363,0.081454,0.079621,0.068016,0.050547,0.057683,0.061847,0.056652,0.053906,0.051242,0.047404,0.05081,0.049836,0.042346,0.044042,0.044779,0.039123,0.039964,0.03943,0.040821,0.040562,0.038071,0.037916,0.035858,0.03624,0.036364,0.033169
9.0066,18.603,17.321,9.2376,5.8435,3.0614,1.9464,1.0857,0.66182,0.38473,0.19009,0.15164,0.092275,0.035539,0.053767,0.020381,0.016668,0.022201,0.0052961,0.0207,0.011428,0.0082299,0.010011,0.0067841,0.0099389,0.0039291,0.0048697,0.011325,0.0069888,0.0036661,0.0019072,0.009434,0.0072894,0.0024046,0.0036081,0.0037961,0.0066997,0.0052543,0.0066352,0.0030741,0.0040486,0.0039261,0.0054144
9.1656,18.254,17.284,9.3183,5.8958,3.0457,1.9778,1.0849,0.66265,0.44823,0.21567,0.15993,0.11655,0.050506,0.012152,0.030929,0.016197,0.018815,0.038845,0.036013,0.019795,0.0057939,0.021948,0.023509,0.014974,0.0052945,0.0080268,0.015305,0.01833,0.010498,0.0015103,0.012831,0.009873,0.019109,0.0082949,0.003771,0.0071376,0.015606,0.016348,0.0061897,0.0039773,0.009596,0.013521
9.1147,17.808,16.63,8.3562,5.4528,2.9759,1.9828,1.0629,0.60161,0.42598,0.31234,0.23462,0.1556,0.14724,0.17827,0.15482,0.1116,0.089233,0.11419,0.13043,0.11109,0.069392,0.069586,0.087027,0.092898,0.082652,0.055224,0.049267,0.068002,0.081211,0.071912,0.053557,0.051404,0.05927,0.066459,0.058427,0.042637,0.041335,0.053806,0.061675,0.054739,0.039215,0.036404
9.1091,18.48,17.323,9.2428,6.0164,3.2139,2.0578,1.1827,0.66533,0.4527,0.19781,0.16909,0.094651,0.068096,0.041024,0.044778,0.011451,0.014702,0.026307,0.0034408,0.0237,0.0103,0.0043129,0.011927,0.010004,0.01098,0.0078715,0.0061111,0.0084128,0.0076767,0.011792,0.0053282,0.0096252,0.0050935,0.0075513,0.011537,0.0039064,0.0053313,0.0038282,0.0084204,0.0048806,0.0065778,0.0045741
9.2589,18.172,17.456,9.3513,6.0028,3.2409,2.077,1.1735,0.7202,0.4572,0.19419,0.17008,0.089721,0.047005,0.057435,0.045484,0.010345,0.02495,0.025146,0.0078616,0.0090948,0.0096185,0.001649,0.0067847,0.012939,0.014068,0.0094062,0.0019105,0.00787,0.014747,0.012118,0.004703,0.012169,0.0036637,0.0084397,0.0078391,0.012518,0.0050054,0.008665,0.0061223,0.0068024,0.0099115,0.0046517
9.0239,17.62,16.635,8.3087,5.3767,2.8862,1.9426,1.0822,0.50856,0.22135,0.15253,0.16487,0.087706,0.03366,0.1046,0.13981,0.12622,0.072832,0.04869,0.088816,0.11977,0.10812,0.075666,0.048131,0.066604,0.094389,0.10049,0.069441,0.036894,0.042028,0.06829,0.074523,0.063167,0.041782,0.032658,0.053043,0.067586,0.062676,0.039778,0.024879,0.041957,0.059777,0.060697
9.1932,18.234,17.304,9.2013,6.1154,3.3027,2.1266,1.229,0.69523,0.45648,0.24184,0.15938,0.10723,0.074329,0.028939,0.044052,0.028589,0.012867,0.016701,0.014176,0.0097406,0.01866,0.0063964,0.0087724,0.0053398,0.0069022,0.018382,0.0068071,0.0073893,0.0028352,0.0063733,0.01762,0.011692,0.0086561,0.0050706,0.0025705,0.0080905,0.012896,0.004408,0.0049952,0.0045963,0.006844,0.0058288
9.2838,17.74,17.127,9.1717,5.9883,3.3046,2.0867,1.2101,0.7346,0.44903,0.20888,0.18401,0.092766,0.060309,0.061715,0.033533,0.014341,0.027833,0.013775,0.008736,0.018215,0.013133,0.0011882,0.0095791,0.012799,0.011081,0.0058985,0.0057107,0.0060742,0.0097807,0.007325,0.015119,0.0042544,0.0095341,0.0059347,0.012297,0.004325,0.0087233,0.0083076,0.0033436,0.008621,0.0051137,0.0068423
8.928,17.202,16.217,8.0781,5.2378,2.7469,1.8494,1.1024,0.59648,0.25912,0.033062,0.12743,0.13902,0.11043,0.029753,0.070417,0.12265,0.13664,0.12372,0.075927,0.031608,0.061691,0.10627,0.116,0.095594,0.057075,0.030995,0.056434,0.086855,0.089366,0.072173,0.031528,0.030663,0.049445,0.067063,0.070942,0.059409,0.030231,0.018423,0.045958,0.065148,0.067538,0.053762
9.1057,17.735,16.743,8.907,6.0169,3.2195,2.1025,1.181,0.68701,0.42346,0.2456,0.1435,0.12095,0.062466,0.03671,0.02787,0.037425,0.0068604,0.024092,0.0062097,0.0046997,0.016433,0.0085977,0.017304,0.011729,0.0087958,0.0058277,0.0084523,0.0079985,0.010247,0.014123,0.0138,0.0077139,0.012401,0.012843,0.0041221,0.011418,0.007233,0.0033024,0.0035698,0.0090267,0.0094527,0.0053689
9.1498,17.362,16.673,8.9368,5.8725,3.195,2.0492,1.1731,0.71511,0.41819,0.19764,0.17378,0.087543,0.063797,0.059359,0.029798,0.01177,0.021718,0.008908,0.010215,0.019709,0.018403,0.008216,0.0030024,0.0094293,0.011995,0.01217,0.011454,0.0052087,0.0035884,0.0062904,0.015365,0.005562,0.012668,0.0020339,0.0088029,0.0046232,0.0090691,0.011305,0.0052456,0.0059026,0.0022097,0.0064067
8.8148,16.987,16.006,7.9751,5.1405,2.5975,1.7737,1.0458,0.57786,0.23817,0.013852,0.10554,0.13824,0.10112,0.028404,0.068794,0.12149,0.13817,0.12447,0.081272,0.032551,0.058206,0.10271,0.11693,0.097142,0.061603,0.027648,0.049712,0.082188,0.091119,0.076247,0.038849,0.026209,0.044554,0.065054,0.072611,0.064992,0.037197,0.016247,0.04072,0.062448,0.068037,0.056522
9.0155,17.523,16.67,8.8406,5.9362,3.1097,2.0614,1.151,0.67282,0.39578,0.23511,0.13694,0.10762,0.057251,0.034606,0.024468,0.031279,0.0062231,0.026112,0.010383,0.0019676,0.011001,0.006763,0.016441,0.013839,0.01279,0.00093003,0.0069452,0.0044076,0.0094801,0.015434,0.011756,0.0017806,0.0048603,0.0057696,0.0064573,0.011849,0.0044914,0.0064623,0.0020345,0.005109,0.0061706,0.0074065
9.1031,17.198,16.657,8.8604,5.7747,3.1099,2.0095,1.152,0.69448,0.40409,0.1796,0.16599,0.085284,0.055709,0.049875,0.032725,0.0024893,0.019494,0.015783,0.0066317,0.015073,0.021029,0.015246,0.0079786,0.0065552,0.0085538,0.011758,0.015723,0.012579,0.0097774,0.011428,0.0052602,0.012656,0.011698,0.010403,0.0060178,0.0079945,0.0038959,0.0082485,0.0064639,0.0072946,0.0095885,0.0061944
8.7811,16.831,15.901,7.8988,5.0968,2.5935,1.7546,1.0551,0.61802,0.28209,0.034018,0.11469,0.16856,0.15209,0.08668,0.029311,0.079433,0.12537,0.14199,0.12089,0.068388,0.032193,0.060549,0.097088,0.1099,0.096853,0.061842,0.03095,0.039783,0.068355,0.088774,0.077964,0.052311,0.031822,0.027041,0.050843,0.071861,0.07581,0.058368,0.03203,0.0161,0.037073,0.055585
8.9971,17.359,16.371,8.6539,5.8012,3.0381,1.979,1.1067,0.64943,0.37921,0.23136,0.13026,0.10304,0.052012,0.028396,0.021256,0.032265,0.0093374,0.026094,0.0075593,0.0023815,0.013309,0.010117,0.016158,0.014043,0.010905,0.0020712,0.0086657,0.0085786,0.0096088,0.015845,0.011735,0.0062139,0.0061706,0.0078395,0.0069481,0.012416,0.0030369,0.0031076,0.00097948,0.0081278,0.007572,0.0085336
9.0668,17.164,16.328,8.7237,5.6576,3.0238,1.9226,1.0948,0.68116,0.38051,0.18029,0.1598,0.067352,0.059822,0.050498,0.025219,0.0075009,0.01766,0.0083696,0.012411,0.017747,0.016064,0.0047647,0.007899,0.009914,0.013353,0.013398,0.0095826,0.0012951,0.0061174,0.0059199,0.020855,0.0097909,0.0095018,0.0033845,0.0090142,0.005701,0.0084538,0.011212,0.0024605,0.0050149,0.0021366,0.0084994
8.6556,16.85,15.605,7.7091,4.8948,2.4496,1.6489,0.94591,0.51947,0.19294,0.065121,0.074489,0.079322,0.0020059,0.072202,0.12869,0.14471,0.11058,0.060443,0.032516,0.081124,0.10733,0.10339,0.076866,0.033272,0.040732,0.080904,0.093617,0.078965,0.048951,0.017848,0.062298,0.081791,0.073277,0.054819,0.026634,0.025456,0.053411,0.073103,0.066599,0.046335,0.022207,0.031289
8.9553,17.582,16.317,8.6291,5.7203,2.9523,1.9543,1.0839,0.64418,0.35888,0.23451,0.12647,0.084995,0.059465,0.028062,0.016487,0.030545,0.0075416,0.014717,0.0080351,0.01,0.011334,0.01989,0.007131,0.006599,0.0065456,0.011949,0.0066667,0.015458,0.0077487,0.0056772,0.012118,0.015254,0.013275,0.016677,0.00713,0.0042335,0.0059971,0.014586,0.0089699,0.0024721,0.0065366,0.0077746
9.0043,17.387,16.41,8.7791,5.5967,2.966,1.9242,1.0881,0.68529,0.35384,0.19139,0.15649,0.059154,0.069157,0.044535,0.010417,0.011519,0.013422,0.005616,0.014153,0.014095,0.0015196,0.010054,0.012264,0.007982,0.0081665,0.0067346,0.0055231,0.0070164,0.0041455,0.0093887,0.024559,0.015654,0.0056457,0.013674,0.00162,0.01091,0.010407,0.0049088,0.0058602,0.0023831,0.012019,0.0083782
8.5478,16.98,15.639,7.731,4.8074,2.343,1.5888,0.91269,0.55982,0.28733,0.16256,0.10049,0.052808,0.043692,0.097549,0.14385,0.14553,0.10384,0.039954,0.033468,0.084219,0.11326,0.093433,0.055501,0.016006,0.046986,0.077913,0.09278,0.07244,0.036577,0.030101,0.053264,0.059297,0.072132,0.053499,0.019131,0.032842,0.058246,0.062782,0.052148,0.025208,0.011855,0.039662
8.9645,17.605,16.365,8.7372,5.7468,2.9236,1.963,1.0862,0.64925,0.33921,0.23614,0.13089,0.073522,0.060393,0.035165,0.0015356,0.028869,0.019153,0.014263,0.0083527,0.0089398,0.0078551,0.026121,0.0055586,0.0068381,0.0073629,0.0063328,0.012374,0.011947,0.012977,0.0072662,0.018134,0.0073665,0.0024052,0.013563,0.011591,0.0056369,0.0047241,0.0054189,0.013553,0.0087058,0.0017111,0.0045218
8.9916,17.231,16.355,8.8084,5.5913,2.9304,1.9064,1.0841,0.67262,0.33243,0.18092,0.15286,0.066068,0.075413,0.043918,0.0034595,0.015788,0.014398,0.0063581,0.017499,0.017179,0.0037205,0.0067206,0.0062711,0.0068989,0.012146,0.010967,0.0068537,0.0055963,0.0062804,0.016416,0.014594,0.022068,0.0040496,0.011992,0.0055273,0.011725,0.0082253,0.008963,0.0089896,0.0036193,0.0063425,0.0022511
8.5316,16.834,15.678,7.8429,4.8723,2.2882,1.4828,0.82359,0.53748,0.31693,0.20437,0.1641,0.12907,0.060653,0.016506,0.084612,0.13124,0.13917,0.11136,0.067252,0.020329,0.062804,0.091463,0.10175,0.088683,0.053177,0.018676,0.051582,0.078985,0.090136,0.07472,0.06042,0.0078712,0.043255,0.07398,0.078546,0.065259,0.040673,0.012801,0.03118,0.054283,0.060749,0.051216
8.9617,17.331,16.333,8.6914,5.7375,2.9064,1.9409,1.0662,0.62571,0.33981,0.22328,0.13182,0.069877,0.069704,0.02884,0.0062328,0.030645,0.020968,0.019656,0.0098722,0.0053512,0.00040102,0.022387,0.010324,0.012136,0.006102,0.007252,0.0066224,0.011436,0.015094,0.0043059,0.013921,0.0076535,0.0042469,0.012003,0.015095,0.0054767,0.0073502,0.0065566,0.0077864,0.0070831,0.0070145,0.011452
9.0123,17.002,16.413,8.7483,5.546,2.9426,1.9041,1.0721,0.65307,0.3311,0.17201,0.15218,0.072397,0.071985,0.041327,0.0073012,0.024492,0.024302,0.0095649,0.0093091,0.014645,0.011957,0.0096519,0.010599,0.0044423,0.003786,0.0075294,0.011493,0.014726,0.012372,0.0091782,0.013865,0.01499,0.0091243,0.016529,0.014839,0.0041635,0.0049232,0.0057508,0.012711,0.011697,0.0048411,0.0085708
8.5992,16.563,15.571,7.7258,4.8119,2.2574,1.4183,0.77116,0.47745,0.27918,0.1481,0.12602,0.15215,0.11669,0.077886,0.016657,0.064135,0.10613,0.12796,0.12369,0.085537,0.034614,0.02206,0.067104,0.09539,0.10156,0.079872,0.04278,0.014795,0.04567,0.064612,0.085301,0.081712,0.051633,0.012584,0.022827,0.049056,0.065308,0.069592,0.055121,0.029665,0.015254,0.037392
8.9367,16.939,16.083,8.3881,5.4726,2.7835,1.8421,0.99787,0.55237,0.32842,0.19394,0.096747,0.069945,0.056126,0.0062223,0.01885,0.018239,0.0051572,0.017921,0.016284,0.012591,0.016123,0.0031301,0.0059288,0.0097305,0.012612,0.01041,0.011849,0.007057,0.0030591,0.0094025,0.020652,0.014795,0.015287,0.0048794,0.0058792,0.0057044,0.009777,0.0070159,0.006251,0.011772,0.0059726,0.0027375
8.9694,16.608,15.953,8.3664,5.2687,2.7663,1.7701,0.98561,0.57259,0.30738,0.14719,0.12923,0.071391,0.040233,0.024252,0.008381,0.019356,0.02228,0.015491,0.0048619,0.0048007,0.014567,0.011709,0.011994,0.013029,0.0090099,0.0037156,0.0037445,0.011492,0.01807,0.017329,0.005592,0.010341,0.0084617,0.0045084,0.014043,0.013627,0.0044815,0.01019,0.0036587,0.005991,0.0060108,0.0053157
8.5723,16.342,15.367,7.4234,4.5585,2.1553,1.3982,0.80476,0.4842,0.24819,0.065264,0.087009,0.15208,0.15538,0.11166,0.044805,0.036515,0.091555,0.12819,0.13269,0.10856,0.068751,0.026908,0.051224,0.086374,0.09972,0.091456,0.069069,0.030229,0.016573,0.046137,0.063616,0.079086,0.077967,0.050629,0.019576,0.027887,0.051133,0.065763,0.066097,0.049297,0.023501,0.013347
8.8575,16.809,15.78,8.1675,5.2773,2.6699,1.735,0.92992,0.52279,0.30876,0.19396,0.077266,0.07506,0.039483,0.0075961,0.010863,0.021698,0.013464,0.01994,0.014332,0.010867,0.006587,0.0045713,0.013422,0.014444,0.017496,0.0058189,0.0049401,0.0066301,0.0071589,0.017032,0.019436,0.0058908,0.0066207,0.0071021,0.0034163,0.011761,0.0085692,0.0067516,0.0050894,0.0033173,0.0064575,0.0049139
8.8888,16.672,15.832,8.2412,5.1341,2.7111,1.6916,0.94066,0.56476,0.30804,0.14655,0.11956,0.051624,0.044452,0.035267,0.018045,0.012153,0.010986,0.0073775,0.0098429,0.013172,0.017438,0.011102,0.0044007,0.0041688,0.012179,0.014551,0.01132,0.0079242,0.0085448,0.0039707,0.015363,0.010885,0.014841,0.0025666,0.0059935,0.0038636,0.0039998,0.0095051,0.0071887,0.0068579,0.0047004,0.0024769
8.5755,16.414,15.223,7.3633,4.4899,2.1489,1.4136,0.80891,0.44824,0.20107,0.060208,0.11273,0.14602,0.10775,0.043839,0.051213,0.10811,0.13605,0.13578,0.09627,0.046381,0.039283,0.080556,0.10388,0.10079,0.075191,0.032397,0.023832,0.058659,0.078617,0.082192,0.057276,0.029362,0.022503,0.044978,0.067511,0.072205,0.05949,0.031656,0.015209,0.036599,0.057532,0.062197
8.806,16.913,15.731,8.1432,5.2705,2.6683,1.7265,0.92528,0.5208,0.31124,0.18912,0.0807,0.073782,0.037726,0.012898,0.010514,0.018551,0.014665,0.01774,0.01528,0.012035,0.0017943,0.0050394,0.011672,0.017861,0.013266,0.0068621,0.0062514,0.0058168,0.0062816,0.014714,0.0081257,0.0046669,0.0017611,0.0016717,0.008342,0.008897,0.0066737,0.007674,0.0060719,0.0024515,0.0027199,0.0088165
8.8733,16.665,15.756,8.2641,5.2009,2.7239,1.6967,0.94622,0.55534,0.31949,0.13676,0.12222,0.055945,0.038289,0.031585,0.02052,0.012108,0.011955,0.0079286,0.0081191,0.0063512,0.01379,0.015127,0.013768,0.010328,0.0040045,0.011505,0.012703,0.0090981,0.0082065,0.0094343,0.0067643,0.010434,0.0072753,0.01193,0.0069786,0.0051774,0.0074308,0.0036376,0.0064453,0.0054303,0.0079969,0.0088878
8.6485,16.402,15.202,7.3631,4.5698,2.2124,1.4465,0.85762,0.48448,0.2271,0.0049534,0.11698,0.1669,0.1536,0.095986,0.034189,0.070724,0.1204,0.1417,0.12515,0.087677,0.038154,0.04156,0.07626,0.10083,0.098582,0.077756,0.045644,0.024719,0.052044,0.079795,0.087866,0.068852,0.04401,0.022733,0.035873,0.059607,0.073574,0.0673,0.050354,0.025938,0.019528,0.042164
8.8547,16.909,15.824,8.1508,5.2809,2.6994,1.7168,0.93469,0.52603,0.32562,0.1784,0.082551,0.075225,0.033796,0.017789,0.012131,0.016403,0.016135,0.015956,0.016284,0.012637,0.0020032,0.0047898,0.0090545,0.015511,0.012707,0.011525,0.0054077,0.0027664,0.0086607,0.011034,0.0019072,0.0081904,0.0066432,0.0061607,0.0070134,0.006129,0.010498,0.0089356,0.0064456,0.0019494,0.00094479,0.0072199
8.9562,16.756,15.909,8.2832,5.1551,2.7434,1.7073,0.95645,0.55933,0.33926,0.12818,0.11526,0.058877,0.034508,0.032638,0.024317,0.012629,0.013206,0.0083244,0.0076574,0.0073188,0.012353,0.014785,0.010062,0.008633,0.0037802,0.01039,0.015345,0.012139,0.0071286,0.0088991,0.0098084,0.011435,0.0065783,0.013693,0.0069301,0.0058228,0.007297,0.0044227,0.0076273,0.0072355,0.0084797,0.0078081
8.7012,16.588,15.456,7.4827,4.5866,2.2876,1.5302,0.90321,0.48223,0.20101,0.044258,0.14844,0.16119,0.13396,0.057509,0.051924,0.10758,0.13865,0.13709,0.097356,0.052284,0.04203,0.08088,0.1065,0.10381,0.076213,0.040471,0.028829,0.06019,0.082603,0.089054,0.072628,0.031894,0.027191,0.051312,0.072349,0.075695,0.063467,0.037103,0.017674,0.036823,0.056968,0.063484
8.9182,17.273,16.168,8.451,5.4166,2.753,1.7718,0.97801,0.54064,0.32812,0.18468,0.073009,0.069939,0.033972,0.011307,0.014259,0.026167,0.014405,0.013586,0.0077831,0.0052675,0.011047,0.013151,0.017249,0.010416,0.006449,0.0030048,0.01077,0.011823,0.010267,0.01016,0.005083,0.0055274,0.01054,0.0060552,0.013481,0.008466,0.0029997,0.00069603,0.0082314,0.0084993,0.008661,0.0058509
8.977,17.197,16.348,8.7024,5.4481,2.8554,1.7787,1.0155,0.60276,0.34113,0.14828,0.11742,0.044914,0.042196,0.032681,0.017861,0.010599,0.016687,0.011159,0.014282,0.011994,0.011098,0.0053961,0.0052954,0.010774,0.013421,0.012605,0.00631,0.0046156,0.0084171,0.0083741,0.0091386,0.0077467,0.0087053,0.0029229,0.010485,0.009076,0.0025027,0.008596,0.004576,0.0031347,0.0053446,0.0082535
8.5283,16.952,15.729,7.8199,4.7968,2.3415,1.5376,0.88961,0.45761,0.22559,0.11816,0.084776,0.053495,0.041259,0.10953,0.14178,0.1407,0.084678,0.032135,0.05988,0.10031,0.115,0.091156,0.046954,0.030102,0.071254,0.094335,0.086975,0.054139,0.021337,0.045849,0.073476,0.077409,0.056392,0.024345,0.024792,0.052572,0.06515,0.058808,0.034676,0.01412,0.035865,0.055873
8.9148,17.826,16.661,9.0098,5.775,2.9046,1.8572,1.0682,0.59299,0.32984,0.21091,0.10016,0.048742,0.049033,0.033637,0.013766,0.023546,0.010179,0.002318,0.014215,0.01502,0.017238,0.0063647,0.0011875,0.010594,0.01241,0.01378,0.0093065,0.0019718,0.0049652,0.01154,0.013925,0.012718,0.0028427,0.0042739,0.01195,0.0056782,0.011889,0.0069396,0.0032992,0.0048557,0.01057,0.0078764
8.9136,17.694,16.812,9.1537,5.6807,2.9487,1.8144,1.0718,0.63662,0.33834,0.18077,0.11136,0.047645,0.061091,0.029147,0.023035,0.017247,0.0057699,0.011855,0.005489,0.0037424,0.0077254,0.010093,0.012726,0.0041661,0.0045615,0.0083937,0.0067481,0.0060744,0.004582,0.0011517,0.0084147,0.012898,0.0060531,0.0048769,0.0043576,0.0088718,0.003902,0.0078196,0.0061298,0.0033385,0.0078473,0.0038486
8.2585,17.225,15.939,8.0906,4.8695,2.339,1.5468,0.98518,0.66474,0.44405,0.24387,0.1229,0.083483,0.14999,0.17523,0.13887,0.062104,0.021692,0.085821,0.10998,0.089892,0.038501,0.021939,0.071099,0.091299,0.071151,0.032445,0.019386,0.057476,0.074772,0.062869,0.034851,0.018008,0.053023,0.065333,0.053728,0.024077,0.012197,0.043723,0.056346,0.047998,0.02128,0.013801
8.8729,18.117,16.803,9.1154,5.807,2.8864,1.8246,1.0487,0.64342,0.30769,0.19119,0.13415,0.072406,0.025246,0.053559,0.022652,0.012886,0.0036867,0.019301,0.012368,0.011665,0.0022911,0.0029859,0.011793,0.012291,0.0098538,0.003799,0.0077981,0.0081372,0.010195,0.0062317,0.011028,0.014159,0.012527,0.010137,0.0021908,0.0032249,0.0042672,0.01078,0.0070678,0.0035086,0.0028076,0.0068112
8.8479,17.873,16.932,9.2134,5.6707,2.8652,1.8085,1.0768,0.6414,0.32273,0.15806,0.11938,0.098687,0.058537,0.03893,0.020959,0.0049838,0.021883,0.019781,0.01057,0.011961,0.018404,0.014531,0.0083346,0.0049695,0.0068624,0.013053,0.013365,0.0078931,0.0025272,0.006248,0.021519,0.0046118,0.012472,0.0044347,0.0049938,0.012625,0.010309,0.002537,0.0038185,0.0093387,0.011317,0.0053336
7.9965,17.33,15.916,8.1871,5.0174,2.356,1.5293,0.95811,0.72785,0.48309,0.27816,0.13739,0.01821,0.084093,0.10429,0.080341,0.042367,0.064307,0.089627,0.079902,0.045102,0.023389,0.053844,0.072752,0.0605,0.030995,0.023792,0.054137,0.061781,0.050568,0.016869,0.015295,0.044369,0.057197,0.043223,0.017363,0.027265,0.043984,0.046377,0.029327,0.0081092,0.027731,0.043383
8.9001,18.337,16.799,9.0762,5.7166,2.7995,1.7854,0.99903,0.62365,0.30781,0.17081,0.11905,0.074515,0.040488,0.035378,0.037054,0.011383,0.0082737,0.004188,0.012525,0.0075098,0.0059747,0.0040785,0.0043005,0.0058481,0.0062067,0.0030189,0.0031162,0.0041928,0.0095969,0.0031679,0.0088094,0.010216,0.0053688,0.0013455,0.0045141,0.0041651,0.0021794,0.0063846,0.0034369,0.0044446,0.0032556,0.0044246
8.8164,18.189,16.971,9.1983,5.5407,2.7834,1.8213,1.0168,0.58729,0.28019,0.16572,0.13187,0.090815,0.024473,0.01612,0.03285,0.041599,0.021717,0.012165,0.014688,0.02137,0.016468,0.014912,0.014806,0.016934,0.016124,0.012084,0.009292,0.014493,0.016003,0.013994,0.012714,0.013611,0.01045,0.014728,0.0085128,0.0081147,0.011363,0.011924,0.0086973,0.0089498,0.0084192,0.0097014
7.8409,17.734,16.086,8.5245,5.1594,2.4806,1.5043,0.79605,0.51743,0.30631,0.22807,0.15083,0.12546,0.098238,0.055074,0.022782,0.048421,0.06568,0.058972,0.043287,0.034812,0.04669,0.047247,0.039508,0.026712,0.03468,0.042662,0.038168,0.02512,0.020984,0.036747,0.033331,0.024223,0.01927,0.025294,0.032852,0.031681,0.021408,0.016795,0.02422,0.027651,0.023508,0.013355
8.9345,18.711,16.896,9.2827,5.7109,2.839,1.705,0.98546,0.65443,0.34078,0.1435,0.0708,0.10049,0.063821,0.042145,0.015403,0.03457,0.033876,0.030352,0.020168,0.024346,0.02169,0.017007,0.02098,0.020227,0.019755,0.017856,0.016192,0.018732,0.018246,0.012813,0.015709,0.017099,0.016231,0.014558,0.014471,0.013699,0.013371,0.014103,0.012702,0.013234,0.01348,0.011975
8.8147,18.665,17.206,9.3689,5.5316,2.9461,1.8645,0.98224,0.57117,0.33335,0.23478,0.084849,0.04713,0.040136,0.070565,0.038341,0.0026538,0.013121,0.029756,0.030133,0.021556,0.013974,0.011539,0.019148,0.01659,0.012657,0.013064,0.017756,0.019757,0.011833,0.01115,0.015214,0.013734,0.013687,0.0084938,0.013306,0.014899,0.01169,0.0089692,0.0096562,0.011561,0.011724,0.011954
7.76,18.096,16.411,8.7884,5.3428,2.6874,1.6155,0.84488,0.4778,0.2374,0.14368,0.088134,0.088336,0.054438,0.057014,0.036396,0.031889,0.019746,0.02156,0.0081386,0.01307,0.011259,0.020458,0.015777,0.0067181,0.0099831,0.010559,0.010401,0.00589,0.0045379,0.0081346,0.0086985,0.0089338,0.0052388,0.0055667,0.0060749,0.0070766,0.0058654,0.0047839,0.0057916,0.0061303,0.0053136,0.0055013
9.0331,18.852,17.153,9.451,6.0117,3.1163,1.8284,0.91932,0.54845,0.38536,0.27385,0.16365,0.072357,0.038513,0.060559,0.072866,0.077315,0.053454,0.045091,0.039858,0.046768,0.047725,0.036459,0.037343,0.036659,0.039398,0.037743,0.034176,0.030223,0.029479,0.034031,0.028353,0.024875,0.026202,0.027407,0.024372,0.021274,0.024034,0.026383,0.026943,0.024028,0.024007,0.022834
8.8607,18.928,17.628,9.4489,5.7709,3.0892,1.8857,1.0443,0.64646,0.38458,0.14161,0.12549,0.088273,0.039464,0.012334,0.05183,0.035193,0.014462,0.023749,0.03555,0.021942,0.010305,0.011347,0.019222,0.019182,0.011453,0.01143,0.016765,0.018675,0.011474,0.0082235,0.012019,0.020162,0.011561,0.013141,0.0076755,0.012056,0.017561,0.0084748,0.0062619,0.011307,0.011562,0.011472
7.9498,18.085,16.812,8.9862,5.7041,2.86,1.7568,0.9222,0.48655,0.27331,0.092668,0.014383,0.059085,0.073673,0.060105,0.058685,0.073145,0.083872,0.073073,0.062976,0.053027,0.061802,0.061432,0.052048,0.042272,0.044817,0.052267,0.049921,0.040773,0.032189,0.042648,0.046919,0.044677,0.030511,0.028249,0.035541,0.035827,0.029939,0.025633,0.030325,0.037158,0.034499,0.02499
9.0917,18.471,17.108,9.1655,6.069,3.2677,2.0322,1.1071,0.53583,0.25455,0.19301,0.18279,0.1571,0.12881,0.078624,0.034837,0.038949,0.061043,0.073821,0.065776,0.045971,0.042108,0.053825,0.050708,0.043868,0.03745,0.039582,0.043036,0.041982,0.035971,0.030076,0.032971,0.037166,0.035224,0.029561,0.027614,0.030442,0.032648,0.029094,0.024771,0.024178,0.029809,0.031065
8.8404,18.569,17.307,9.2339,5.9114,3.0366,1.8495,1.1562,0.62187,0.36469,0.20725,0.14127,0.059154,0.068377,0.045006,0.01433,0.039982,0.02367,0.0082067,0.012499,0.017029,0.017128,0.014032,0.0087941,0.007247,0.012679,0.015629,0.015973,0.010235,0.0051278,0.0085927,0.014733,0.01179,0.0063029,0.0049893,0.0094765,0.010844,0.0094285,0.00686,0.0046693,0.0083841,0.0097708,0.0084981
8.2552,17.751,16.635,9.0774,6.031,3.1604,1.9806,1.236,0.79892,0.57389,0.35394,0.26233,0.18796,0.19388,0.18295,0.14891,0.10747,0.10275,0.11382,0.10968,0.092441,0.071809,0.067961,0.085594,0.08578,0.074434,0.058139,0.058933,0.070897,0.072659,0.064653,0.050429,0.04945,0.061063,0.06323,0.053794,0.043005,0.04364,0.053308,0.055934,0.047948,0.03835,0.040294
9.0625,17.821,16.631,8.7401,5.831,3.1462,1.9728,1.1708,0.64688,0.2997,0.067308,0.11056,0.093952,0.11334,0.12802,0.095248,0.049468,0.042276,0.044533,0.063326,0.054824,0.045379,0.03431,0.045733,0.04858,0.045264,0.034155,0.030383,0.036131,0.041282,0.04028,0.029534,0.025349,0.03137,0.037589,0.033649,0.024693,0.022952,0.027803,0.031646,0.029109,0.022684,0.019805
8.7851,18.204,17.077,9.1054,5.8027,2.9019,1.8094,1.1072,0.5899,0.37066,0.19232,0.12135,0.093227,0.050143,0.039354,0.042181,0.025888,0.018384,0.023613,0.0080658,0.0072881,0.015202,0.015249,0.01042,0.0052749,0.0064741,0.010274,0.0064292,0.0069315,0.0049821,0.0056176,0.007799,0.010086,0.005078,0.0051537,0.0031517,0.0069791,0.0071662,0.0061165,0.0034738,0.003601,0.0062764,0.0055439
8.535,17.73,16.809,9.1366,6.0144,3.0803,1.9405,1.2075,0.77992,0.49816,0.26238,0.18702,0.13704,0.14111,0.12893,0.096207,0.061919,0.054981,0.083383,0.091944,0.072854,0.048469,0.047599,0.060741,0.072727,0.064945,0.045091,0.038059,0.048798,0.060209,0.055734,0.038251,0.027907,0.042384,0.053091,0.048866,0.034254,0.02488,0.035703,0.045239,0.04357,0.033662,0.02541
9.1495,17.696,16.685,8.6607,5.6192,3.0179,1.9689,1.1608,0.70596,0.42692,0.18626,0.091023,0.02455,0.0070904,0.063923,0.081866,0.061064,0.048145,0.050957,0.046215,0.044574,0.025926,0.029385,0.032342,0.039911,0.034034,0.024717,0.019631,0.029367,0.034931,0.030484,0.020095,0.016742,0.022157,0.028016,0.02593,0.018099,0.013485,0.019241,0.024381,0.023401,0.016645,0.01191
8.7934,18.229,17.152,9.1237,5.6849,2.8766,1.853,1.0628,0.60744,0.3594,0.18243,0.14049,0.075602,0.053283,0.045199,0.032266,0.014395,0.021766,0.0068881,0.0042718,0.0073874,0.0036218,0.0022193,0.0035642,0.0029969,0.0019426,0.0044325,0.007049,0.0033266,0.0025958,0.0043245,0.0046039,0.0042435,0.0039175,0.0028135,0.0025642,0.0037973,0.0051911,0.0029574,0.0022132,0.0016228,0.0042997,0.0021257
8.7364,17.884,16.876,9.2904,5.9586,3.0115,1.8993,1.1324,0.66554,0.31145,0.1021,0.085727,0.047263,0.033419,0.060189,0.062039,0.035421,0.031954,0.054783,0.06857,0.063592,0.036344,0.025749,0.050335,0.057929,0.048016,0.027532,0.020944,0.039165,0.048634,0.04146,0.020693,0.019683,0.035607,0.042741,0.038135,0.021739,0.016274,0.029265,0.038278,0.034632,0.022685,0.016513
9.1766,17.613,16.378,8.5862,5.488,2.9891,1.9478,1.0974,0.67133,0.42882,0.2267,0.12641,0.059331,0.04716,0.0097548,0.018214,0.030218,0.016137,0.020201,0.026838,0.025067,0.015001,0.0039883,0.009674,0.013771,0.017408,0.011664,0.0045879,0.0074263,0.0078181,0.013355,0.013236,0.0014461,0.0070297,0.010021,0.0079241,0.0050741,0.0014061,0.0047996,0.0091101,0.0077775,0.0043895,0.0014298
8.7663,18.17,16.692,8.982,5.607,2.9014,1.8221,1.021,0.61301,0.34535,0.18874,0.13215,0.066538,0.056282,0.034109,0.027505,0.019978,0.0088787,0.010954,0.0090178,0.0041341,0.0054413,0.0076149,0.0037102,0.0052578,0.0040817,0.0029124,0.0019978,0.0056141,0.004518,0.0013705,0.0084296,0.0030417,0.0013295,0.0045719,0.0025411,0.0028523,0.0030991,0.0024222,0.0019514,0.0024004,0.0027373,0.0010342
8.7751,17.852,16.435,9.1001,5.6897,2.8483,1.773,1.0193,0.52092,0.24712,0.17562,0.126,0.046537,0.087431,0.098304,0.073558,0.032901,0.041879,0.060593,0.056058,0.03354,0.013976,0.027232,0.040698,0.042233,0.029071,0.01279,0.022306,0.036906,0.039372,0.026209,0.012727,0.017293,0.030503,0.031995,0.022067,0.0092348,0.016758,0.026145,0.027574,0.018892,0.0078205,0.017792
9.0798,17.523,15.973,8.2448,5.283,2.9097,1.8432,1.0583,0.64984,0.40923,0.2489,0.15415,0.078938,0.057899,0.032269,0.01602,0.016982,0.013614,0.021521,0.024183,0.024001,0.024736,0.014927,0.016117,0.015437,0.016267,0.018291,0.017044,0.015394,0.015277,0.014846,0.010398,0.012878,0.011036,0.011153,0.013411,0.014083,0.011355,0.010138,0.010329,0.011126,0.010969,0.011414
8.7023,17.972,16.421,8.639,5.3644,2.8576,1.7156,0.99206,0.58599,0.31733,0.19328,0.12127,0.07437,0.049849,0.033614,0.029404,0.012098,0.015641,0.011418,0.0044253,0.0067527,0.00077446,0.0028322,0.001803,0.0029095,0.0047602,0.0070029,0.00053899,0.0027908,0.0053774,0.0011752,0.0069152,0.002158,0.0011206,0.0027715,0.004504,0.0028952,0.0029992,0.0017108,0.0023727,0.0025741,0.0030167,0.0029009
8.7974,17.561,16.365,8.6664,5.3143,2.6917,1.6398,0.99915,0.515,0.32028,0.25114,0.17172,0.068581,0.057698,0.060436,0.039017,0.031681,0.031174,0.011937,0.014944,0.031493,0.035504,0.026956,0.014425,0.0022863,0.017484,0.026586,0.029105,0.021552,0.0080915,0.0091883,0.021681,0.024757,0.022256,0.012048,0.002447,0.014643,0.020244,0.019368,0.015756,0.0061465,0.0062699,0.015798
8.9955,17.057,15.887,7.9175,5.0173,2.8371,1.7986,1.0715,0.62187,0.42273,0.28167,0.17743,0.094543,0.062536,0.057723,0.048944,0.047059,0.031364,0.029327,0.02682,0.036634,0.047834,0.037334,0.029102,0.02032,0.022526,0.030921,0.037683,0.03108,0.023594,0.019352,0.025318,0.028762,0.02624,0.021039,0.01578,0.01788,0.022897,0.026728,0.02315,0.015509,0.012423,0.017151
8.6949,17.544,16.392,8.3807,5.1216,2.7795,1.6556,0.98651,0.54216,0.32493,0.18014,0.12448,0.068987,0.043938,0.039431,0.017578,0.020697,0.010904,0.0085608,0.0051841,0.002831,0.0080295,0.010793,0.0038475,0.0014393,0.006865,0.0024038,0.0087869,0.0021854,0.0044585,0.0048696,0.0015948,0.0050442,0.0055354,0.00091779,0.001925,0.0053086,0.0045081,0.0042987,0.0038256,0.00074616,0.0024424,0.0035051
8.7912,17.269,16.211,8.5008,5.0947,2.6062,1.6362,0.96524,0.48974,0.3597,0.22801,0.12569,0.0569,0.058721,0.025881,0.02137,0.037715,0.02982,0.0025294,0.023184,0.034945,0.031945,0.021876,0.0065891,0.012004,0.023572,0.028735,0.021936,0.0074194,0.009601,0.019204,0.018561,0.018576,0.0078978,0.0022398,0.010033,0.013828,0.017435,0.014316,0.004464,0.0065435,0.012517,0.015626
8.8321,16.967,15.705,7.7233,4.8009,2.6934,1.7492,1.0079,0.58534,0.45393,0.32216,0.235,0.14535,0.13838,0.14395,0.12485,0.087633,0.069073,0.067624,0.081763,0.078895,0.057161,0.050448,0.052337,0.061765,0.066973,0.054674,0.0353,0.037887,0.049603,0.050264,0.044815,0.033562,0.033282,0.043109,0.050254,0.044542,0.031796,0.02955,0.037779,0.043116,0.038112,0.029731
8.6393,17.614,16.169,8.2821,5.0312,2.6695,1.6333,0.93094,0.50474,0.32725,0.15012,0.12638,0.068077,0.034579,0.043649,0.01904,0.012554,0.01683,0.0078804,0.0093914,0.014567,0.0084331,0.0060398,0.0088045,0.0083632,0.0049704,0.0092553,0.0028354,0.0049495,0.010189,0.0047946,0.0058189,0.0019636,0.0043572,0.0046045,0.0058304,0.005776,0.0014231,0.0018679,0.0055154,0.0055104,0.0030528,0.0033236
8.7426,17.425,16.171,8.4688,5.0388,2.5924,1.6447,0.90949,0.52257,0.36404,0.16571,0.10992,0.072503,0.029947,0.027995,0.046001,0.020585,0.016536,0.030909,0.026086,0.013133,0.0028675,0.010455,0.017269,0.018492,0.013709,0.0034125,0.0087649,0.01278,0.014261,0.014896,0.0076067,0.0036529,0.01014,0.012723,0.014248,0.0068269,0.0036687,0.0099866,0.012211,0.011751,0.006315,0.0011559
8.5765,17.017,15.507,7.561,4.6056,2.4366,1.5845,0.81467,0.39135,0.27803,0.23454,0.18267,0.087397,0.11496,0.14885,0.13719,0.0886,0.065648,0.10089,0.11447,0.097383,0.070101,0.056077,0.07448,0.090881,0.073847,0.047529,0.042622,0.064285,0.074792,0.065467,0.043079,0.037407,0.056121,0.063537,0.055965,0.037296,0.034823,0.050873,0.058504,0.051804,0.034799,0.032694
8.618,17.676,16.188,8.3989,5.1839,2.6271,1.6639,0.93411,0.49451,0.33404,0.15854,0.11557,0.064513,0.058766,0.02011,0.041401,0.011945,0.0060979,0.023729,0.010638,0.0083889,0.010372,0.0036427,0.01035,0.011178,0.0118,0.0018047,0.0061797,0.0089477,0.0068406,0.0079875,0.0026126,0.0036907,0.0068173,0.0087279,0.0079131,0.0020358,0.0021925,0.0064034,0.0076229,0.0041152,0.00093769,0.0052593
8.6914,17.326,16.214,8.474,5.1281,2.6074,1.6532,0.89664,0.55202,0.32463,0.1458,0.12832,0.054559,0.040087,0.047054,0.036332,0.0077578,0.022807,0.018552,0.011522,0.015006,0.011906,0.0076358,0.0087736,0.010652,0.01211,0.0096852,0.0030438,0.0078849,0.0089843,0.0061621,0.0050129,0.0066341,0.0062215,0.0084316,0.0053515,0.0075559,0.0037669,0.0065729,0.0064386,0.0052936,0.0059872,0.0044908
8.3661,16.794,15.456,7.4368,4.4675,2.1924,1.4723,0.78039,0.33661,0.061095,0.093903,0.11109,0.04587,0.043259,0.10786,0.12632,0.10967,0.053377,0.042484,0.092742,0.10957,0.098105,0.06278,0.035909,0.067229,0.092169,0.084592,0.054965,0.027854,0.048121,0.071629,0.075101,0.055135,0.029618,0.034866,0.05778,0.065463,0.055629,0.029743,0.022415,0.044835,0.058673,0.052218
8.5552,17.358,16.067,8.2438,5.1599,2.5369,1.6513,0.91545,0.50283,0.30006,0.17399,0.096557,0.063213,0.055586,0.020842,0.037279,0.023018,0.0035209,0.011794,0.0074034,0.011942,0.017647,0.0083079,0.0066763,0.0059348,0.0092703,0.014105,0.0090737,0.0062204,0.0040492,0.0069027,0.0086225,0.0087573,0.0049759,0.0035089,0.0039843,0.0081193,0.0081014,0.005555,0.0058061,0.0033781,0.0059716,0.0070283
8.5843,16.915,15.993,8.253,4.992,2.5209,1.5822,0.89162,0.54389,0.28931,0.13928,0.11684,0.039487,0.045522,0.048011,0.027742,0.0084394,0.016976,0.013605,0.015046,0.013702,0.008632,0.0027359,0.0074576,0.013537,0.014517,0.0076532,0.0011164,0.0068618,0.0085615,0.010054,0.0058776,0.0047318,0.0047832,0.0061337,0.0079943,0.0076207,0.0039054,0.0021907,0.002266,0.006724,0.0071102,0.0046593
8.1074,16.324,15.096,7.1638,4.2027,1.9529,1.2847,0.74572,0.3953,0.16738,0.10372,0.091937,0.078555,0.0080882,0.064197,0.111,0.13153,0.10277,0.059672,0.029337,0.070643,0.09854,0.10403,0.075265,0.030375,0.038264,0.073453,0.084886,0.074935,0.046469,0.015359,0.039354,0.065933,0.071595,0.057671,0.027868,0.017842,0.044062,0.060265,0.057975,0.040222,0.01512,0.025735
8.3468,16.71,15.466,7.8504,4.8322,2.3519,1.5293,0.85269,0.46316,0.24752,0.17848,0.077756,0.064641,0.04787,0.025843,0.020825,0.027223,0.0064402,0.014177,0.00083236,0.0086813,0.018685,0.0094859,0.014511,0.0053862,0.0018149,0.013215,0.0091947,0.01095,0.0082309,0.0040329,0.0061865,0.009596,0.01088,0.0068849,0.005198,0.0025912,0.0066746,0.0074494,0.0076877,0.0067834,0.0031436,0.0023265
8.3164,16.233,15.307,7.7759,4.5641,2.3203,1.4331,0.8158,0.48645,0.24443,0.1259,0.095174,0.044677,0.052728,0.045156,0.022233,0.0026344,0.0077016,0.010998,0.016641,0.019088,0.015268,0.0074808,0.0055213,0.011505,0.015609,0.01051,0.0064303,0.0012971,0.0066527,0.0099813,0.011107,0.0081905,0.0057781,0.0012369,0.0062822,0.0084628,0.0080791,0.0082865,0.0025225,0.0012692,0.0056168,0.0081668
7.7666,15.59,14.378,6.6451,3.6932,1.6675,1.0687,0.6107,0.34003,0.17844,0.12349,0.11677,0.11443,0.062242,0.0076889,0.064817,0.11413,0.12061,0.10818,0.063001,0.013189,0.051935,0.091194,0.099188,0.079708,0.045938,0.01578,0.044005,0.069978,0.077494,0.06562,0.033245,0.012655,0.037352,0.06066,0.065511,0.053698,0.029361,0.009419,0.033792,0.053483,0.056163,0.046466
8.0009,15.819,14.583,7.163,4.2708,2.0566,1.3372,0.72071,0.38109,0.21246,0.15733,0.057716,0.058267,0.04042,0.015713,0.01225,0.021981,0.010806,0.016849,0.0093768,0.00041466,0.012495,0.0090284,0.014667,0.012273,0.0079573,0.0044714,0.0068165,0.0093432,0.0090987,0.0095405,0.0072152,0.0035789,0.0067981,0.0083888,0.0080554,0.0080341,0.0037499,0.0014134,0.0053205,0.0064375,0.0060677,0.0075074
7.919,15.243,14.314,6.9969,3.9539,1.9718,1.2335,0.68125,0.39295,0.19406,0.094202,0.075783,0.045815,0.041411,0.033586,0.020647,0.01298,0.0080323,0.0045091,0.011496,0.018815,0.020779,0.016498,0.0071212,0.0013783,0.0093904,0.013282,0.01402,0.010834,0.004634,0.00054299,0.0097526,0.008326,0.013709,0.0076059,0.0039184,0.0017476,0.0049191,0.0086729,0.0097448,0.0085145,0.0053163,0.0018501
7.3898,14.602,13.284,5.9243,3.1915,1.3648,0.86257,0.48012,0.27231,0.14231,0.084757,0.11511,0.12952,0.10632,0.053396,0.012361,0.068066,0.10171,0.11576,0.093639,0.057378,0.017728,0.045425,0.07123,0.084873,0.07746,0.048388,0.018795,0.024558,0.050002,0.065334,0.064553,0.051947,0.02615,0.011218,0.036782,0.05326,0.058185,0.04659,0.026601,0.006864,0.026124,0.043908
7.5186,14.618,13.233,6.2005,3.5733,1.6745,1.0962,0.54908,0.28698,0.1669,0.11052,0.038893,0.049665,0.024168,0.0063277,0.0091299,0.0079402,0.011281,0.011305,0.014145,0.014611,0.00090555,0.0045437,0.0058399,0.011607,0.0131,0.0074967,0.0063471,0.0015353,0.0031051,0.011006,0.010861,0.0096224,0.0052558,0.0024638,0.0021555,0.0064129,0.0067339,0.006658,0.006862,0.0038132,0.0013706,0.003263
7.3858,13.987,12.693,5.9841,3.2382,1.5698,0.98797,0.51177,0.29667,0.15337,0.051586,0.065866,0.040852,0.015578,0.018282,0.022414,0.021408,0.014627,0.0083282,0.0037872,0.0050838,0.013972,0.015373,0.013495,0.0105,0.0039459,0.0040165,0.008443,0.010314,0.010168,0.012907,0.0060556,0.0045159,0.0054845,0.0073842,0.0079734,0.010316,0.0078169,0.0041133,0.0012549,0.0034222,0.0085785,0.0099759
6.9334,13.322,11.644,5.0397,2.5669,1.0983,0.73621,0.43863,0.28428,0.15441,0.034201,0.050241,0.11249,0.1337,0.11792,0.082698,0.033286,0.021885,0.054942,0.081814,0.089322,0.077016,0.056921,0.024973,0.011845,0.038872,0.061634,0.067821,0.060861,0.042492,0.018511,0.0080927,0.028582,0.045293,0.05305,0.049217,0.037292,0.019724,0.0057379,0.024143,0.039785,0.047284,0.043878
6.8609,13.065,11.238,5.0193,2.6882,1.2501,0.81561,0.36365,0.20824,0.11551,0.059899,0.029021,0.034293,0.011215,0.018974,0.0058465,0.010198,0.0023584,0.0048594,0.0056349,0.0084403,0.01059,0.0081353,0.0047784,0.0018182,0.0015933,0.0077587,0.0057383,0.008444,0.0065007,0.0071348,0.0030571,0.00060147,0.0046829,0.0049377,0.0055813,0.0057032,0.0056829,0.0024433,0.00068322,0.0030132,0.0026251,0.005512
6.6814,12.395,10.62,4.7776,2.3453,1.1154,0.72118,0.34328,0.18592,0.11736,0.037104,0.028974,0.03126,0.0164,0.0074851,0.0073226,0.016444,0.017427,0.016693,0.01744,0.01086,0.0040914,0.0035908,0.0077928,0.010098,0.012369,0.013622,0.010396,0.00445,0.001463,0.0053748,0.0070502,0.0092101,0.0095925,0.0081945,0.0035816,0.00090801,0.002353,0.0058756,0.0069417,0.0069123,0.0060722,0.0058039
6.2551,11.568,9.553,3.8753,1.7815,0.86037,0.62218,0.39912,0.26168,0.14407,0.047219,0.023833,0.07883,0.087221,0.091327,0.076922,0.056189,0.030983,0.0054511,0.027639,0.042995,0.056269,0.056716,0.050227,0.03576,0.017718,0.0053897,0.023203,0.03708,0.043606,0.0424,0.037619,0.023897,0.0080179,0.0091394,0.023364,0.031171,0.035847,0.033527,0.027108,0.015407,0.0043117,0.011538
5.9868,11.034,8.9238,3.6521,1.7517,0.86197,0.50933,0.2055,0.12846,0.047726,0.03189,0.013549,0.010506,0.01128,0.0098599,0.0086634,0.0060549,0.003491,0.0037181,0.0033816,0.00399,0.0055565,0.0068381,0.0052967,0.0044546,0.0039257,0.00078912,0.0018963,0.0041807,0.0039175,0.0060133,0.0044586,0.0035714,0.0027653,0.0015576,0.0015958,0.0027603,0.0034437,0.0057301,0.0028961,0.0030789,0.0021567,0.00085306
5.7223,10.209,8.1637,3.323,1.4817,0.70485,0.42068,0.20447,0.08514,0.04008,0.033125,0.01212,0.0086106,0.016883,0.017619,0.010009,0.0076012,0.0084848,0.0069965,0.0078546,0.010033,0.010456,0.0076286,0.0070107,0.0047857,0.0053669,0.0059618,0.0069516,0.0075051,0.0063027,0.0060325,0.0051421,0.0054935,0.0042853,0.0058128,0.0044141,0.005111,0.0059344,0.0071693,0.003858,0.0036235,0.003647,0.0035593
5.1801,9.0742,6.9704,2.4694,1.0221,0.57412,0.38162,0.2193,0.12678,0.053582,0.023009,0.028458,0.03553,0.039117,0.041957,0.042026,0.040853,0.032726,0.027019,0.020071,0.017324,0.019501,0.024639,0.02752,0.027474,0.02626,0.021537,0.016271,0.013958,0.013247,0.017058,0.01949,0.021207,0.02121,0.018717,0.014668,0.011533,0.010083,0.01049,0.014523,0.01733,0.016997,0.017295
4.7254,8.2948,6.1481,2.1846,0.9452,0.47408,0.22278,0.084325,0.041477,0.016834,0.0081365,0.011272,0.004803,0.0062376,0.0056288,0.0055685,0.0051288,0.0050558,0.0027516,0.0037575,0.0034255,0.0044136,0.0028436,0.0033024,0.0034461,0.0028347,0.0031646,0.0027332,0.0034262,0.0024517,0.0025968,0.0030037,0.0020053,0.0019675,0.0020672,0.001856,0.0021169,0.0017009,0.0028346,0.0019308,0.002364,0.0015497,0.0019546
4.2868,7.3084,5.3109,1.8738,0.74285,0.3229,0.1484,0.087843,0.047989,0.015465,0.0051845,0.0027289,0.0037371,0.01031,0.014712,0.01516,0.012689,0.0093721,0.0079569,0.0056291,0.0018724,0.0022788,0.0067393,0.0081601,0.0093192,0.0096513,0.007255,0.0060459,0.0024607,0.0015037,0.0029782,0.0048337,0.0060315,0.0070059,0.0066962,0.0060941,0.0042662,0.0022526,0.00067587,0.0026652,0.0042447,0.0049035,0.005728
3.5629,5.9513,4.0745,1.2265,0.44113,0.26876,0.14489,0.058781,0.0264,0.022419,0.025235,0.025545,0.024219,0.023164,0.021048,0.019381,0.017319,0.015888,0.013436,0.013922,0.014165,0.013614,0.013346,0.012427,0.011344,0.010557,0.0096501,0.010666,0.011459,0.011223,0.010466,0.0090734,0.0095662,0.0089589,0.0079916,0.0079415,0.0079906,0.0081627,0.0078226,0.0080166,0.0078765,0.0068934,0.0065618
3.0246,5.0368,3.2873,1.0254,0.35656,0.15083,0.054384,0.021294,0.0036905,0.0037343,0.003102,0.0036957,0.0018683,0.001111,0.00084275,0.0017649,0.001448,0.0013961,0.0015433,0.0016827,0.001693,0.0016569,0.0015628,0.0010132,0.00092455,0.0006842,0.0014647,0.0015346,0.0022647,0.00085463,0.00062601,0.00041496,0.00074113,0.00078542,0.0013215,0.00042932,0.0014628,0.0007923,0.0011267,0.00035204,0.0011488,0.00093726,0.00020106
2.4959,3.9332,2.5461,0.82449,0.2504,0.067541,0.00099225,0.025818,0.024549,0.0192,0.019809,0.018841,0.016338,0.018224,0.016027,0.01468,0.012597,0.011395,0.0098673,0.011223,0.011197,0.011464,0.0099738,0.00897,0.0075537,0.0078518,0.0069425,0.0079865,0.0077798,0.0087083,0.0079565,0.0072398,0.0067749,0.0059022,0.0064948,0.0063226,0.0072224,0.00606,0.006119,0.0054107,0.0049788,0.0041581,0.0061082
1.7992,2.6947,1.5877,0.40123,0.12145,0.061641,0.024764,0.0096903,0.013056,0.0085978,0.010037,0.0087298,0.0087288,0.0085944,0.0082528,0.0070152,0.0066724,0.0052002,0.0049043,0.0048581,0.0058788,0.0052042,0.0044862,0.0048762,0.0022642,0.0049839,0.0050207,0.0046907,0.0051034,0.0041418,0.0036457,0.0037436,0.003701,0.0033742,0.0032109,0.0034698,0.0030044,0.0027678,0.0028967,0.0026878,0.003001,0.0027647,0.0035763
1.3648,1.929,1.0716,0.25919,0.070701,0.018199,0.0077528,0.0023502,0.0017377,0.0020975,0.0017458,0.0019011,0.0014299,0.001077,0.00096615,0.00056266,0.0014563,0.0013074,0.0021218,0.00028074,0.00050817,0.00067684,0.0010662,0.00070159,0.0019197,0.00089558,0.0011189,0.00025288,0.00076909,0.00081074,0.00018836,0.002069,0.00091181,0.0012297,0.00095133,0.00071258,0.00061952,0.0011361,0.00041338,0.00072817,0.00014046,0.00083653,0.00035795
0.97348,1.2328,0.68958,0.19558,0.060598,0.030288,0.021595,0.01886,0.017468,0.016386,0.014749,0.012477,0.012504,0.0098402,0.010427,0.0088501,0.0099249,0.0080083,0.0086753,0.0072879,0.0068995,0.0075318,0.0082913,0.0068587,0.0065525,0.0064019,0.0069063,0.0055403,0.00586,0.0049911,0.0054527,0.0038123,0.0041406,0.0050402,0.0039992,0.0053391,0.005133,0.0048584,0.0039293,0.004306,0.0039811,0.0031754,0.0041332
0.60264,0.66073,0.31586,0.045892,0.014722,0.0080984,0.0041047,0.0042429,0.0034588,0.0028786,0.0034705,0.0026702,0.0028416,0.0015098,0.0017066,0.0018451,0.001955,0.0024036,0.0012448,0.002582,0.0020385,0.0016342,0.002083,0.00035875,0.0010225,0.0019251,0.00057994,0.0013999,0.0014128,0.0015216,0.0010768,0.0011813,0.00093818,0.0015072,0.0013092,0.00042694,0.00074257,0.0011713,0.0010554,0.00053951,0.00099364,0.0017823,0.00038562
0.38782,0.38867,0.17419,0.021518,0.0051037,0.0016435,0.00089639,0.00087917,0.00040355,0.00043703,0.0008705,0.00029897,0.00088943,0.00068862,0.00055817,0.0011983,0.0004113,0.00028054,0.0010714,0.001,0.00054293,0.00054681,0.00053415,0.0013949,0.0010946,0.0011524,0.0011606,0.00043552,0.00056968,0.00043381,0.00047578,0.00092449,0.00045814,0.00079027,0.00091125,0.00035344,0.00041002,0.00075418,0.00049124,0.00014017,0.00038405,0.0010896,0.00070495
0.21933,0.19666,0.089001,0.02677,0.012698,0.0097819,0.0074398,0.0070358,0.0057187,0.0052128,0.0054152,0.0043755,0.0045111,0.0033635,0.0032897,0.0027385,0.0029597,0.0029288,0.0030457,0.0031794,0.0019256,0.0029287,0.0023279,0.0026719,0.0031287,0.0028965,0.0021856,0.002157,0.0023737,0.0016155,0.0019413,0.0018504,0.0013944,0.0013627,0.0020918,0.0013749,0.0019682,0.0012938,0.0014477,0.0017802,0.0012284,0.0010855,0.0016419
