1.0316,0.68862,0.17899,0.070681,0.063362,0.022815,0.032944,0.020734,0.023334,0.0080911,0.0075624,0.013562,0.008463,0.0087635,0.0085376,0.0095102,0.009756,0.0073857,0.0069324,0.0049972,0.0065184,0.0073943,0.007339,0.0073582,0.0045832,0.0040382,0.0048458,0.0041867,0.0050782,0.0052833,0.0048586,0.0045743,0.0040686,0.003118
1.8305,1.294,0.052237,0.26566,0.031453,0.043576,0.029845,0.027255,0.016582,0.010319,0.0088115,0.010664,0.0076484,0.0056059,0.0040755,0.004438,0.0056383,0.0058927,0.0067081,0.002306,0.0035012,0.0046362,0.0037428,0.0039274,0.0055183,0.0062675,0.0026262,0.0034115,0.0026842,0.0022938,0.0021863,0.0014147,0.0012434,0.0016416
2.836,1.9164,0.08781,0.40987,0.083456,0.057713,0.024388,0.023904,0.0058545,0.017042,0.00346,0.012462,0.0031757,0.0066903,0.0014858,0.0035757,0.005358,0.0091231,0.0061017,0.003072,0.0027532,0.0008325,0.003617,0.0027335,0.0017629,0.0045217,0.0013599,0.0035876,0.0020738,0.00044573,0.0015743,0.0016301,0.0013516,0.0031681
3.8011,2.5209,0.31475,0.51856,0.15869,0.081523,0.060435,0.023719,0.018391,0.012923,0.0028006,0.0094536,0.0055743,0.010234,0.0054933,0.0082311,0.0048447,0.0062963,0.0062805,0.0038924,0.0056802,0.0026487,0.0072869,0.0011332,0.0029952,0.0058339,0.0040433,0.0036225,0.0043538,0.0024321,0.0029337,0.0020841,0.0025439,0.0039868
4.7416,2.7615,0.60262,0.65599,0.14955,0.14952,0.037568,0.066518,0.020836,0.018336,0.0098736,0.01193,0.0056612,0.014126,0.0047042,0.0085273,0.012799,0.0026111,0.0070078,0.0036748,0.002094,0.0072728,0.0032128,0.0034141,0.010328,0.0097095,0.0049396,0.010062,0.0030902,0.0057656,0.0043474,0.0012268,0.0052861,0.0048727
5.6719,3.1805,0.80677,0.48551,0.30647,0.18278,0.023135,0.076094,0.044781,0.034985,0.0066565,0.020182,0.010395,0.011878,0.0072783,0.0082524,0.0066283,0.01064,0.0088049,0.0060713,0.0091932,0.0067538,0.0049539,0.0074295,0.0067079,0.0012495,0.0097161,0.0028068,0.0025675,0.0068782,0.0066159,0.003393,0.0024409,0.0054017
6.5106,3.4411,1.2781,0.26335,0.32289,0.15828,0.076769,0.074679,0.044489,0.042851,0.020181,0.010343,0.013061,0.008444,0.0091278,0.0079743,0.0023147,0.0083578,0.0076797,0.00612,0.010548,0.0033094,0.0057596,0.0070208,0.0054182,0.0042348,0.0019289,0.0075673,0.003172,0.0029336,0.0040917,0.0040656,0.003019,0.0023976
7.2028,3.6284,1.973,0.078312,0.27311,0.17046,0.065291,0.062654,0.058757,0.017537,0.019095,0.016084,0.0066562,0.0088552,0.0042714,0.0027327,0.0057164,0.0052481,0.0051302,0.0014465,0.0031717,0.0039653,0.0070435,0.0036988,0.005688,0.0031163,0.0055442,0.003303,0.00119,0.0038698,0.00065112,0.0010948,0.00036036,0.00099211
7.7594,4.0239,2.7223,0.42265,0.19147,0.15622,0.053214,0.062079,0.052381,0.0083901,0.020874,0.018454,0.0079062,0.0090536,0.00081495,0.0079076,0.0028693,0.0037398,0.0023515,0.0053006,0.0024548,0.01037,0.0025123,0.0052215,0.0059096,0.0026247,0.0045693,0.0016558,0.00058944,0.0046451,0.00054786,0.0011366,0.0016157,0.0015774
8.1855,4.6321,3.4515,0.76621,0.094593,0.14455,0.023433,0.059504,0.034722,0.011503,0.025465,0.010824,0.005701,0.0056912,0.0060123,0.0092798,0.0046928,0.0067252,0.0063826,0.0045527,0.0032615,0.0098884,0.0079509,0.0044755,0.0072406,0.0026788,0.0020655,0.0027506,0.0015813,0.00074492,0.0027225,0.002349,0.0020931,0.0017755
8.5694,5.5063,4.1283,1.1498,0.035571,0.11751,0.024244,0.064197,0.016496,0.0096146,0.027596,0.0064955,0.0074793,0.015628,0.012301,0.0065167,0.0032156,0.0050105,0.006214,0.0084373,0.0030147,0.007554,0.0052817,0.0051961,0.0067844,0.0030327,0.0026517,0.0046694,0.0050854,0.0024662,0.00072518,0.002528,0.0045423,0.003773
8.9025,6.5847,4.8171,1.6292,0.19031,0.06851,0.046678,0.069604,0.046048,0.024837,0.015025,0.02997,0.017148,0.013464,0.022729,0.02227,0.013591,0.012598,0.0147,0.013256,0.015002,0.0051505,0.013241,0.016447,0.0068298,0.011349,0.0097294,0.0082946,0.012409,0.011073,0.0058328,0.0069425,0.010241,0.0093775
9.1331,7.8416,5.5206,2.1552,0.45602,0.080723,0.007188,0.0051269,0.079234,0.091153,0.055026,0.037942,0.044391,0.042395,0.035019,0.031936,0.034417,0.02741,0.02709,0.030959,0.022644,0.021504,0.029796,0.024823,0.017817,0.023634,0.021716,0.018621,0.018332,0.022465,0.016301,0.016883,0.0177,0.017231
9.2832,9.2868,6.2411,2.6775,0.83955,0.38713,0.20666,0.1226,0.026222,0.053117,0.089119,0.081015,0.060782,0.047248,0.049537,0.051562,0.044555,0.040834,0.041963,0.040652,0.031075,0.037415,0.037113,0.037443,0.027725,0.025877,0.030067,0.031043,0.026584,0.0256,0.027988,0.024802,0.024609,0.021711
9.4274,10.86,7.1944,3.2155,1.1631,0.62108,0.40829,0.24362,0.17319,0.11618,0.0645,0.047406,0.040518,0.056424,0.059381,0.049294,0.04125,0.043235,0.043278,0.028922,0.025029,0.042828,0.036731,0.031231,0.030213,0.028716,0.027027,0.025074,0.029421,0.029082,0.020598,0.021131,0.023792,0.024939
9.6827,12.636,8.5204,4.0245,1.6035,0.80911,0.4775,0.28073,0.20137,0.11251,0.11114,0.053275,0.030873,0.025308,0.014777,0.0052457,0.003855,0.01039,0.013148,0.004711,0.01067,0.022938,0.0081138,0.0080199,0.013286,0.0061681,0.0023827,0.0028725,0.009784,0.0076316,0.0069325,0.0085616,0.004711,0.0013508
9.954,14.237,9.8144,4.8453,2.0738,1.0814,0.62146,0.34893,0.24022,0.14466,0.11162,0.1298,0.082452,0.087728,0.076173,0.065249,0.055466,0.056716,0.05015,0.04533,0.052056,0.047862,0.040145,0.035836,0.036861,0.035181,0.028664,0.028654,0.031162,0.030036,0.029359,0.031042,0.030308,0.02662
10.16,15.247,10.811,5.5119,2.3916,1.2761,0.65885,0.33682,0.26403,0.16092,0.11972,0.08982,0.082237,0.083481,0.036853,0.051672,0.060107,0.038296,0.033007,0.048064,0.042481,0.030021,0.040731,0.038982,0.021321,0.029117,0.03435,0.023697,0.020286,0.027901,0.022706,0.016757,0.02689,0.023652
10.367,15.774,11.694,6.1107,2.7214,1.6843,1.0088,0.5203,0.28117,0.20119,0.14781,0.090977,0.025038,0.029419,0.036398,0.044839,0.044617,0.021018,0.023569,0.047815,0.034363,0.010921,0.034593,0.035809,0.0088209,0.025389,0.033676,0.018412,0.014961,0.035368,0.026212,0.0088054,0.023103,0.027082
10.669,16.034,12.448,6.6229,2.7734,1.6354,1.0401,0.63834,0.39462,0.204,0.088053,0.032336,0.081199,0.11253,0.061586,0.044883,0.05501,0.05005,0.036386,0.054944,0.049586,0.029161,0.037519,0.049872,0.033192,0.027042,0.040158,0.037729,0.029843,0.030671,0.029753,0.020559,0.028791,0.037206
10.891,16.067,12.952,7.0794,2.9304,1.6165,0.82498,0.45181,0.28948,0.211,0.15163,0.11121,0.1141,0.092775,0.044161,0.023359,0.061694,0.052259,0.036796,0.048591,0.048973,0.032658,0.02746,0.047155,0.037606,0.026409,0.034094,0.034561,0.019747,0.027109,0.039182,0.031194,0.021591,0.026839
10.99,15.826,13.033,7.0842,2.8866,1.7183,0.95677,0.51987,0.22313,0.10307,0.070503,0.043274,0.034222,0.024453,0.01129,0.045457,0.0425,0.019856,0.006806,0.014678,0.020022,0.011643,0.01276,0.017875,0.0084994,0.0014063,0.01448,0.020014,0.012699,0.0048533,0.0067676,0.010523,0.0065756,0.009733
10.994,15.503,13.074,7.063,2.9174,1.8372,1.0044,0.52828,0.31626,0.22503,0.11822,0.097615,0.12884,0.071828,0.051771,0.048409,0.048405,0.033281,0.029049,0.051098,0.033748,0.025242,0.04246,0.041383,0.031406,0.032697,0.047226,0.043015,0.025811,0.032237,0.038212,0.027211,0.018803,0.030556
11.09,15.409,13.166,7.1467,3.0626,1.9361,1.0703,0.61912,0.35695,0.18568,0.10509,0.065488,0.058038,0.031664,0.017122,0.046335,0.046159,0.017804,0.029051,0.038484,0.034217,0.025609,0.027269,0.030506,0.030265,0.024834,0.035296,0.035501,0.02518,0.018944,0.02811,0.026984,0.019962,0.01823
11.237,15.316,13.162,7.1028,2.9768,1.7981,0.95394,0.51668,0.24205,0.14541,0.1077,0.069197,0.10251,0.065002,0.057572,0.051453,0.033162,0.024478,0.02354,0.0083887,0.0145,0.014701,0.009385,0.0057724,0.009989,0.011163,0.0044527,0.0071437,0.010276,0.01284,0.009044,0.012946,0.012812,0.010227
11.361,15.126,13.154,7.0383,2.9103,1.7739,0.96532,0.56278,0.28917,0.1721,0.10435,0.035712,0.070669,0.034174,0.050031,0.045691,0.027599,0.032618,0.028275,0.010951,0.007593,0.0083451,0.009943,0.0051162,0.0024048,0.0042937,0.0031131,0.0079938,0.0091085,0.0078087,0.011418,0.0068867,0.0040805,0.0049404
11.525,14.941,13.093,6.978,2.9288,1.7996,1.0248,0.55892,0.24453,0.15321,0.082877,0.088162,0.084945,0.03774,0.042572,0.0088091,0.031313,0.030204,0.017743,0.02423,0.015946,0.0045316,0.0074254,0.0049921,0.0091349,0.0038955,0.0032179,0.013941,0.016032,0.0043755,0.0059553,0.010671,0.010621,0.0042802
11.64,14.828,13.096,7.0466,2.9974,1.8162,1.0267,0.49232,0.29005,0.16805,0.1087,0.027573,0.062783,0.049169,0.057397,0.046612,0.0051622,0.020632,0.0020426,0.026991,0.025945,0.011091,0.0073431,0.0096799,0.011447,0.0092162,0.0052384,0.015155,0.015617,0.0076572,0.0031007,0.012436,0.014224,0.0085208
11.75,15.011,13.209,7.2431,3.0575,1.8267,1.0118,0.57236,0.31718,0.14282,0.069913,0.07732,0.080802,0.021065,0.029625,0.032754,0.04144,0.022743,0.0081588,0.013631,0.02405,0.018185,0.007479,0.013022,0.012404,0.011735,0.00868,0.014036,0.01113,0.010401,0.009011,0.0093274,0.010828,0.0092145
11.817,15.571,13.477,7.5086,3.1642,1.8907,1.1091,0.64087,0.29284,0.17064,0.11282,0.055589,0.042457,0.052603,0.046488,0.021166,0.018052,0.031639,0.018931,0.007671,0.010878,0.017093,0.012708,0.016322,0.0066544,0.0086096,0.010288,0.010827,0.0046139,0.0083857,0.012283,0.0059438,0.0053255,0.0077536
11.923,16.443,13.946,7.8096,3.3643,2.0625,1.2141,0.68717,0.3397,0.22703,0.1022,0.055102,0.079348,0.031951,0.036388,0.025656,0.032375,0.0087995,0.013227,0.016526,0.010273,0.011128,0.0061062,0.012803,0.0048699,0.010947,0.0046624,0.0084294,0.0055704,0.010297,0.0026067,0.0032166,0.0081213,0.0089867
12.079,17.551,14.539,8.2897,3.6745,2.3027,1.3475,0.74962,0.46084,0.23001,0.1364,0.10171,0.046555,0.066746,0.03103,0.034662,0.032422,0.0022513,0.024124,0.016719,0.011901,0.015025,0.0065789,0.016793,0.0083451,0.011794,0.01007,0.0089539,0.016213,0.0053983,0.011979,0.0094417,0.0072386,0.010358
12.262,18.705,15.172,8.8797,4.0876,2.4851,1.5717,0.83402,0.50864,0.32294,0.14084,0.11557,0.080397,0.069646,0.042866,0.036928,0.030902,0.022672,0.018693,0.01339,0.012344,0.018644,0.0059525,0.0075437,0.024532,0.0071071,0.0096771,0.013328,0.01122,0.010609,0.0067917,0.009499,0.01227,0.0027551
12.405,19.675,15.812,9.4038,4.4851,2.7483,1.6764,0.99037,0.57233,0.33919,0.20345,0.12243,0.094983,0.063034,0.059159,0.030578,0.02257,0.033368,0.0052596,0.018808,0.011782,0.012466,0.0075844,0.0065604,0.018091,0.0039376,0.0068382,0.013153,0.0013174,0.010342,0.003878,0.0084485,0.006195,0.0051241
12.445,20.241,16.42,9.9076,4.8539,2.9064,1.7924,1.1329,0.63697,0.36325,0.18421,0.194,0.10187,0.053866,0.052396,0.064192,0.034188,0.011853,0.034097,0.034565,0.01572,0.021855,0.022409,0.024191,0.017057,0.016481,0.023734,0.015215,0.013487,0.017167,0.014161,0.013445,0.017934,0.012605
12.392,20.301,16.713,10.321,5.2793,3.1012,1.7792,1.0993,0.76673,0.50033,0.21492,0.083824,0.11301,0.12037,0.1176,0.049568,0.024155,0.049428,0.062972,0.056202,0.033716,0.039232,0.042615,0.041121,0.032885,0.030776,0.035039,0.037375,0.033517,0.030158,0.029352,0.028429,0.029294,0.029503
12.26,19.972,16.629,10.391,5.4882,3.4129,1.9839,1.0234,0.59554,0.40381,0.31738,0.26188,0.1576,0.098828,0.025682,0.065859,0.076278,0.095325,0.071687,0.04807,0.042973,0.059544,0.057858,0.043793,0.044043,0.04762,0.040257,0.040425,0.046845,0.04237,0.033812,0.036701,0.041328,0.035815
12.091,19.399,16.395,10.143,5.3616,3.3999,2.1648,1.2898,0.70618,0.40839,0.12934,0.089137,0.11772,0.10235,0.14228,0.10474,0.068476,0.059775,0.053065,0.041547,0.039628,0.055759,0.06463,0.040364,0.025951,0.048066,0.049214,0.03292,0.031499,0.042001,0.036694,0.026648,0.031784,0.039817
11.981,18.853,16.261,9.9072,5.1023,3.261,1.9752,1.2589,0.76891,0.45552,0.28127,0.19597,0.085991,0.073381,0.036149,0.0089974,0.038163,0.021304,0.037322,0.046845,0.034366,0.020616,0.034712,0.022759,0.0078368,0.0155,0.028211,0.024196,0.010012,0.012149,0.021604,0.021654,0.0098104,0.012973
11.861,18.323,16.01,9.7466,4.8914,3.1779,1.9161,1.1766,0.73398,0.46605,0.26443,0.1982,0.13967,0.10751,0.0545,0.056292,0.035294,0.017176,0.0099852,0.012483,0.016013,0.030303,0.018495,0.0312,0.033333,0.024036,0.016641,0.016104,0.01875,0.019046,0.015297,0.014894,0.015652,0.016307
11.806,17.892,15.533,9.3405,4.5344,2.9239,1.6975,0.98275,0.59177,0.3733,0.1883,0.15192,0.13633,0.11554,0.07517,0.088507,0.11362,0.068872,0.056113,0.072476,0.076471,0.055661,0.04545,0.065846,0.07408,0.042867,0.032019,0.048053,0.051137,0.036301,0.029146,0.043319,0.045896,0.035696
11.783,17.578,15.046,8.8373,4.0893,2.6976,1.5856,0.81739,0.37297,0.26164,0.20971,0.17896,0.12001,0.048644,0.075284,0.12806,0.095847,0.035549,0.041446,0.081624,0.083957,0.033905,0.027117,0.064342,0.081756,0.037289,0.012722,0.048002,0.05534,0.030754,0.012589,0.04415,0.051551,0.033514
11.841,17.613,14.969,8.7034,3.8615,2.5316,1.6796,1.067,0.58588,0.27047,0.12642,0.17751,0.16506,0.13108,0.050671,0.044111,0.062333,0.052765,0.063524,0.073595,0.058015,0.028547,0.044501,0.062632,0.07146,0.034852,0.032944,0.051336,0.050549,0.029017,0.024162,0.043433,0.04331,0.028672
11.924,17.924,15.114,8.8752,3.9282,2.373,1.4641,0.94142,0.60369,0.40474,0.22583,0.13358,0.052646,0.045101,0.096362,0.117,0.1138,0.058513,0.051863,0.052077,0.040955,0.045869,0.061074,0.056856,0.059894,0.036908,0.040878,0.047126,0.044509,0.034105,0.036377,0.039597,0.033353,0.026839
12.005,18.287,15.348,9.1091,4.173,2.4956,1.3952,0.76485,0.43519,0.31698,0.22694,0.20398,0.14557,0.12497,0.080025,0.063263,0.02952,0.020157,0.042037,0.048837,0.037376,0.036652,0.051027,0.034947,0.034769,0.022281,0.031062,0.029988,0.024223,0.022771,0.032438,0.031322,0.020753,0.013918
11.991,18.669,15.577,9.2105,4.2835,2.6008,1.5232,0.89046,0.50949,0.30173,0.13848,0.1193,0.10295,0.11376,0.08515,0.048231,0.050151,0.036844,0.032108,0.024917,0.0052222,0.010916,0.012949,0.0084336,0.014458,0.016974,0.015764,0.0040028,0.0096769,0.013722,0.012568,0.0066491,0.0059625,0.0080951
12.004,18.971,15.996,9.4995,4.5169,2.8354,1.7032,0.97795,0.53311,0.32021,0.16961,0.11179,0.026935,0.034141,0.016917,0.017304,0.034683,0.054044,0.044723,0.03373,0.050725,0.063296,0.039191,0.047593,0.051211,0.05224,0.040075,0.032571,0.041797,0.043205,0.033592,0.026991,0.034942,0.036633
12.08,19.303,16.512,9.9219,4.9206,3.2063,1.9751,1.1907,0.76496,0.53835,0.31441,0.24065,0.19448,0.17868,0.13345,0.092141,0.10742,0.098356,0.074966,0.057989,0.065043,0.070044,0.048901,0.05083,0.054804,0.051566,0.04258,0.032164,0.037284,0.042782,0.037086,0.029716,0.035188,0.042222
12.179,19.441,16.779,10.14,5.0501,3.2327,1.9294,1.1362,0.66873,0.39283,0.18445,0.14139,0.081349,0.066267,0.05688,0.046621,0.050292,0.04839,0.046132,0.040201,0.039104,0.038773,0.034583,0.03435,0.034353,0.026456,0.025933,0.018548,0.019063,0.023085,0.023119,0.015878,0.014227,0.015122
12.255,19.433,16.782,10.156,5.0054,3.1702,1.8787,1.1242,0.68135,0.42571,0.24787,0.19973,0.12908,0.10298,0.075038,0.038745,0.036627,0.024059,0.012708,0.018072,0.025499,0.017822,0.020672,0.025675,0.024913,0.0084386,0.011226,0.012868,0.012461,0.008142,0.0067123,0.0067839,0.008362,0.0085348
12.279,19.369,16.689,10.044,4.9752,3.1601,1.8706,1.1814,0.68039,0.41191,0.24062,0.14356,0.10784,0.096741,0.058821,0.068171,0.056399,0.027916,0.029608,0.0041143,0.019131,0.014545,0.015798,0.020315,0.025026,0.0015562,0.0077617,0.015194,0.012022,0.00080267,0.004385,0.010822,0.011584,0.0046532
12.294,19.458,16.549,9.914,4.9966,3.1122,1.8905,1.1257,0.62866,0.40482,0.21007,0.19837,0.11781,0.09055,0.059651,0.030292,0.057246,0.03143,0.037536,0.02267,0.0068094,0.012404,0.016068,0.017861,0.02404,0.0075159,0.012423,0.017073,0.0053852,0.0048195,0.0098275,0.015482,0.0062313,0.0042468
12.277,19.899,16.422,9.8314,4.9866,3.0723,1.8231,1.0413,0.65342,0.4094,0.24604,0.14243,0.097889,0.079202,0.078929,0.052974,0.037569,0.014522,0.026615,0.028371,0.023678,0.019114,0.010646,0.0073791,0.019404,0.017044,0.010672,0.0053789,0.0076098,0.0089716,0.013172,0.0086256,0.0090085,0.0081969
12.327,20.708,16.619,9.8933,5.0663,3.0467,1.7924,1.078,0.67643,0.39932,0.20157,0.15912,0.12284,0.080055,0.039237,0.044343,0.042977,0.039204,0.011068,0.020921,0.019827,0.025928,0.0076045,0.0059354,0.0084494,0.019726,0.0092357,0.0083091,0.0047286,0.012392,0.011012,0.0099496,0.0074739,0.0058295
12.422,21.63,16.971,10.073,5.1067,3.1321,1.7908,1.1496,0.64655,0.39906,0.24707,0.1363,0.12261,0.061855,0.064985,0.045297,0.012807,0.04634,0.014299,0.02592,0.020453,0.016472,0.022584,0.0082904,0.016729,0.0063095,0.019816,0.0035689,0.0093211,0.014122,0.0073357,0.0082401,0.011179,0.011827
12.563,22.623,17.385,10.419,5.2577,3.2329,1.9367,1.1384,0.68249,0.45132,0.21987,0.15407,0.12035,0.059107,0.054909,0.042041,0.018178,0.034783,0.020041,0.0099028,0.02673,0.0082733,0.0095041,0.017621,0.0053785,0.0083426,0.011622,0.0043397,0.012149,0.0078994,0.0044823,0.0085679,0.0090898,0.0045097
12.63,23.526,17.814,10.801,5.4891,3.3501,2.0604,1.2118,0.69756,0.48681,0.24468,0.1551,0.11595,0.07658,0.054496,0.033339,0.029758,0.040727,0.0083178,0.016701,0.02978,0.0016062,0.004175,0.023092,0.0066744,0.0025208,0.015989,0.0038433,0.0061003,0.013886,0.0063803,0.0087106,0.0085613,0.0047699
12.541,23.969,18.128,11.323,5.7181,3.4603,2.0175,1.3496,0.83501,0.44389,0.21862,0.18584,0.18194,0.086069,0.013061,0.069434,0.062948,0.069963,0.026393,0.017975,0.051268,0.045897,0.015336,0.026141,0.037044,0.024366,0.031698,0.026396,0.02662,0.033617,0.018519,0.01873,0.027596,0.021664
12.375,23.851,18.063,11.497,6.1139,3.8191,2.0959,1.1809,0.6805,0.54834,0.37723,0.26504,0.1189,0.0068883,0.075373,0.10701,0.099658,0.088148,0.050171,0.042063,0.055697,0.068233,0.055628,0.057543,0.042422,0.047129,0.049873,0.048978,0.039674,0.037532,0.036893,0.037012,0.039235,0.040848
12.19,23.568,17.792,11.299,5.919,3.814,2.3245,1.4477,0.87153,0.47823,0.23291,0.093844,0.091709,0.09468,0.1156,0.087062,0.078213,0.07141,0.030269,0.03557,0.036448,0.031452,0.044992,0.054779,0.037469,0.034761,0.035683,0.020304,0.031074,0.037698,0.026464,0.032879,0.033167,0.02376
12.038,23.562,17.64,11.183,5.8814,3.6402,2.2806,1.4413,0.8739,0.61774,0.32695,0.23474,0.15438,0.069597,0.049871,0.043592,0.02016,0.021061,0.049651,0.03121,0.027605,0.058883,0.037326,0.044444,0.052675,0.02873,0.034275,0.03736,0.01784,0.025371,0.033323,0.016395,0.02839,0.031188
11.595,23.348,17.046,10.597,5.3467,3.2058,1.7873,1.0878,0.57372,0.29023,0.13509,0.055119,0.015091,0.010434,0.044546,0.060958,0.04163,0.063373,0.060691,0.053166,0.066281,0.051228,0.047215,0.054951,0.049026,0.04004,0.05445,0.042753,0.041676,0.046566,0.03861,0.03987,0.047849,0.037522
11.32,23.115,16.741,10.442,5.3282,3.2915,1.8815,1.2148,0.74008,0.41393,0.21562,0.16771,0.073619,0.031491,0.033851,0.033147,0.021797,0.022393,0.040503,0.023405,0.012472,0.037007,0.018074,0.0081658,0.024898,0.011981,0.014376,0.015387,0.00225,0.017142,0.011201,0.010762,0.017797,0.0076104
11.423,23.255,16.713,10.235,5.1732,3.3281,1.905,1.0707,0.57924,0.4299,0.29656,0.1499,0.028945,0.088981,0.09479,0.06489,0.025007,0.033945,0.066987,0.034341,0.05091,0.024147,0.0403,0.046802,0.028707,0.028379,0.034658,0.03055,0.033651,0.025504,0.02582,0.033851,0.025086,0.021967
11.64,23.582,17.058,10.285,4.899,2.959,1.8168,1.2579,0.78892,0.42971,0.17037,0.065287,0.12385,0.14572,0.12134,0.086312,0.051237,0.049307,0.072234,0.062156,0.062582,0.063771,0.047091,0.047469,0.052201,0.055913,0.052092,0.043895,0.043988,0.038364,0.038635,0.042862,0.040219,0.036867
11.761,23.63,17.193,10.565,5.2317,3.1096,1.7185,1.0215,0.57339,0.33796,0.20198,0.17147,0.1326,0.11393,0.078707,0.052494,0.032316,0.024736,0.011699,0.029742,0.021079,0.024433,0.025508,0.02342,0.016263,0.019764,0.02223,0.018355,0.017467,0.014489,0.011904,0.011157,0.014468,0.017435
11.889,23.359,17.267,10.742,5.4919,3.3431,1.9002,1.1766,0.71448,0.41139,0.22725,0.14212,0.07216,0.056349,0.048405,0.051619,0.068943,0.057098,0.070745,0.081595,0.063366,0.065242,0.071752,0.056328,0.061897,0.063193,0.048258,0.052976,0.048547,0.046269,0.050369,0.044948,0.044904,0.048693
12.247,23.3,17.578,11.069,5.8404,3.5567,2.0344,1.285,0.72228,0.42768,0.23155,0.10629,0.064424,0.036129,0.012638,0.011615,0.019558,0.042172,0.026797,0.036465,0.050585,0.037499,0.030224,0.045931,0.026554,0.035743,0.039561,0.028239,0.030819,0.035867,0.022549,0.025355,0.032512,0.025884
12.387,22.883,17.293,10.891,5.7321,3.3798,1.9867,1.2306,0.76758,0.51776,0.27789,0.1993,0.12218,0.083721,0.051367,0.03092,0.034866,0.021162,0.032066,0.016627,0.019187,0.026548,0.014726,0.0081957,0.019128,0.0071267,0.0069186,0.015298,0.010712,0.0039256,0.0083178,0.009201,0.0032755,0.0080642
12.38,22.257,16.85,10.731,5.6579,3.3811,2.0038,1.2241,0.76048,0.4889,0.27999,0.18718,0.15143,0.084457,0.064138,0.043165,0.032114,0.027379,0.024022,0.01831,0.0090933,0.0066858,0.0017707,0.0032735,0.001782,0.0079439,0.0056688,0.0035272,0.0074178,0.0081135,0.0053081,0.0027143,0.0022276,0.0037707
12.299,21.661,16.438,10.51,5.5562,3.2888,1.9276,1.1876,0.76047,0.49732,0.26476,0.18108,0.14821,0.088753,0.070308,0.042653,0.029303,0.025446,0.028726,0.01434,0.0057262,0.0093097,0.0074006,0.0042011,0.0068845,0.0023327,0.0041023,0.010397,0.0016837,0.0055607,0.0076049,0.0082872,0.0016492,0.0014769
12.289,21.201,16.074,10.245,5.3378,3.1756,1.8208,1.1785,0.6981,0.48085,0.25508,0.18066,0.14792,0.066769,0.083327,0.038061,0.041504,0.017184,0.035731,0.011055,0.0082695,0.016679,0.0084873,0.0097014,0.01124,0.0098603,0.0094258,0.005836,0.013576,0.0012345,0.010212,0.0057507,0.005609,0.0055679
12.276,21.021,15.857,10.099,5.1453,3.0844,1.78,1.0933,0.70409,0.43502,0.25193,0.18526,0.11322,0.093131,0.061746,0.038261,0.042413,0.011793,0.031457,0.015879,0.0083261,0.017308,0.008564,0.011063,0.0087589,0.0099348,0.012169,0.0081931,0.0013551,0.013788,0.0061048,0.0045977,0.0087006,0.0092339
12.288,21.181,15.751,10.061,5.0773,2.9806,1.789,1.0526,0.65918,0.45123,0.21579,0.16966,0.13576,0.06063,0.066849,0.048256,0.018785,0.027245,0.023104,0.009434,0.0098635,0.008345,0.0077186,0.0055995,0.0086175,0.0070078,0.0037343,0.0061644,0.012227,0.003171,0.007704,0.0073411,0.0064149,0.0032375
12.199,21.647,15.954,10.147,5.0024,2.9637,1.7715,1.1018,0.62755,0.37228,0.27831,0.16911,0.094187,0.078923,0.0804,0.047824,0.02985,0.043236,0.038525,0.019504,0.023385,0.023629,0.023231,0.018914,0.011752,0.021844,0.022679,0.0086837,0.015465,0.023641,0.012463,0.015829,0.018963,0.0097137
11.99,21.921,16.043,10.354,5.3144,3.0442,1.5592,0.98252,0.6882,0.52164,0.26146,0.10518,0.073077,0.12545,0.1223,0.075131,0.034437,0.058968,0.073123,0.054946,0.047824,0.04672,0.048821,0.04691,0.043315,0.039309,0.039904,0.037817,0.037861,0.040758,0.040395,0.032962,0.033326,0.035234
11.871,22.138,15.979,10.145,5.2514,3.2949,1.8943,1.1769,0.65239,0.34707,0.12507,0.10841,0.12238,0.14284,0.11234,0.084615,0.04903,0.031104,0.049528,0.055578,0.051634,0.046175,0.043749,0.035141,0.047904,0.042807,0.03324,0.035777,0.033752,0.035797,0.039797,0.030198,0.033658,0.030978
11.895,22.658,16.205,10.224,5.213,3.1986,1.9015,1.1639,0.76013,0.47339,0.29237,0.20148,0.11062,0.08709,0.016978,0.012885,0.02742,0.041249,0.036275,0.043764,0.038819,0.040645,0.032575,0.013349,0.029001,0.025154,0.01781,0.032983,0.019729,0.019948,0.027182,0.013757,0.022438,0.020805
11.7,22.813,16.086,9.9112,4.9395,2.8523,1.5509,0.91272,0.44077,0.24286,0.097776,0.020919,0.027615,0.026805,0.072624,0.051238,0.07245,0.075811,0.068168,0.087554,0.059024,0.073195,0.078643,0.063097,0.065232,0.071998,0.045348,0.058248,0.049374,0.044409,0.054921,0.043472,0.049447,0.052865
11.438,22.568,16.049,9.9555,5.06,3.058,1.7402,1.1226,0.69584,0.43384,0.25543,0.17501,0.10226,0.076285,0.049067,0.021114,0.01567,0.003219,0.0088158,0.02524,0.02004,0.0085233,0.018799,0.016928,0.022779,0.010723,0.022795,0.019181,0.014824,0.017175,0.014317,0.013905,0.019019,0.015807
11.552,22.534,16.199,10.073,5.1986,3.2781,1.861,1.0436,0.59274,0.45732,0.30102,0.14951,0.071054,0.11989,0.094093,0.037354,0.025688,0.044921,0.046313,0.04515,0.013412,0.050141,0.031611,0.016894,0.038311,0.036759,0.025459,0.033396,0.021611,0.018931,0.028898,0.020121,0.02345,0.027089
11.728,22.615,16.582,10.332,5.0815,3.0198,1.881,1.3125,0.84869,0.48812,0.1715,0.059534,0.13136,0.1707,0.13213,0.06753,0.044882,0.053406,0.067549,0.073759,0.063249,0.04009,0.060878,0.051494,0.037974,0.047127,0.041331,0.040419,0.043256,0.03467,0.039045,0.043035,0.034153,0.038462
11.881,22.462,16.764,10.669,5.4151,3.2019,1.8201,1.0805,0.60771,0.40598,0.26399,0.20563,0.1742,0.12681,0.10339,0.062116,0.020493,0.030583,0.025587,0.026566,0.046281,0.03465,0.027395,0.036554,0.032715,0.025882,0.03036,0.024041,0.019434,0.028232,0.023307,0.019733,0.027391,0.022615
11.853,21.933,16.525,10.673,5.5358,3.3157,1.8943,1.1492,0.68802,0.40328,0.16599,0.088514,0.047242,0.034118,0.044703,0.06471,0.073271,0.065089,0.063039,0.062007,0.055435,0.050347,0.048601,0.050682,0.048228,0.039828,0.038169,0.035243,0.033781,0.036596,0.03384,0.031687,0.03317,0.033126
12.052,21.683,16.734,10.944,5.808,3.5988,2.169,1.3939,0.88949,0.5975,0.34577,0.24802,0.20055,0.12668,0.10675,0.10211,0.085386,0.062919,0.067866,0.066403,0.051872,0.054523,0.053279,0.052152,0.043807,0.049128,0.04887,0.043124,0.042351,0.041082,0.036119,0.036228,0.038273,0.035528
12.187,21.31,16.531,10.715,5.5868,3.3515,1.9146,1.2037,0.70052,0.45116,0.26564,0.18515,0.14474,0.10639,0.067805,0.060672,0.047902,0.015991,0.028296,0.028463,0.018254,0.0049175,0.018045,0.017969,0.016035,0.018898,0.021511,0.016115,0.011161,0.019278,0.017433,0.0088899,0.013449,0.017196
12.214,20.879,16.196,10.406,5.4151,3.1931,1.9101,1.2046,0.70508,0.47579,0.22067,0.17366,0.10084,0.07323,0.065557,0.030096,0.029058,0.020739,0.013008,0.012905,0.014504,0.0082981,0.0060814,0.01234,0.011214,0.0063322,0.0057456,0.0075394,0.0086598,0.0028508,0.0096362,0.012434,0.0048691,0.006201
12.194,20.673,15.934,10.278,5.3544,3.1676,1.8995,1.1361,0.66993,0.43563,0.25507,0.181,0.11296,0.056573,0.038424,0.026903,0.016525,0.024852,0.019169,0.013091,0.011676,0.0058962,0.0086511,0.014869,0.00072477,0.010993,0.0048649,0.012596,0.012809,0.0075438,0.0070881,0.0045923,0.0036861,0.0034732
12.26,20.627,15.811,10.22,5.3266,3.1031,1.8351,1.1177,0.68445,0.44171,0.22381,0.1527,0.10845,0.073555,0.054674,0.012861,0.0042744,0.01423,0.02156,0.013656,0.0066606,0.0051635,0.0066957,0.010736,0.0045617,0.018445,0.0064213,0.0078766,0.0058587,0.0049207,0.0036395,0.0079341,0.0085554,0.0028226
12.31,20.7,15.814,10.206,5.2894,3.0968,1.8063,1.165,0.63988,0.43568,0.21998,0.16578,0.10028,0.047938,0.059515,0.017918,0.015944,0.0076965,0.020131,0.0091414,0.0071692,0.0098977,0.0080212,0.010249,0.010555,0.012155,0.006617,0.0035623,0.012371,0.0011408,0.010054,0.0059254,0.0078995,0.0021032
12.41,20.871,15.918,10.313,5.2939,3.1679,1.849,1.1454,0.6923,0.42206,0.23866,0.17566,0.087974,0.078512,0.043582,0.023991,0.01781,0.0015399,0.019931,0.00943,0.0083793,0.011759,0.020734,0.012252,0.013728,0.017786,0.0080228,0.011695,0.0035555,0.010435,0.0032119,0.0073663,0.0096196,0.006641
12.485,21.082,15.922,10.448,5.3737,3.1535,1.9308,1.1587,0.67219,0.4776,0.21877,0.16633,0.12718,0.053459,0.04944,0.037753,0.0012778,0.010953,0.020547,0.0088648,0.0068178,0.0068077,0.017555,0.0078163,0.0031204,0.022542,0.0033238,0.0072389,0.013515,0.0047137,0.0013671,0.011188,0.00286,0.0033231
12.503,21.184,15.991,10.591,5.4071,3.2185,1.9348,1.2033,0.69656,0.44126,0.26861,0.16329,0.10365,0.08138,0.053502,0.024476,0.025297,0.027143,0.011228,0.016273,0.006968,0.0088787,0.015137,0.014418,0.012465,0.014785,0.014395,0.0060812,0.0026584,0.0127,0.0094808,0.0037981,0.013337,0.0062177
12.412,21.022,16.006,10.756,5.5571,3.193,1.8703,1.2849,0.77893,0.46359,0.17954,0.19239,0.16322,0.097389,0.0094293,0.048465,0.053383,0.047427,0.020552,0.038413,0.024773,0.037684,0.032566,0.021556,0.026437,0.026502,0.028086,0.028222,0.020911,0.023875,0.025726,0.019424,0.016357,0.022623
12.219,20.603,15.764,10.781,5.7652,3.3925,1.8491,1.0936,0.67678,0.56452,0.34237,0.22268,0.057279,0.044953,0.10195,0.093738,0.07343,0.053846,0.042435,0.065037,0.046488,0.055517,0.053176,0.036448,0.03727,0.03455,0.043595,0.043924,0.035354,0.036673,0.037837,0.036037,0.03701,0.03514
11.988,20.176,15.38,10.463,5.6271,3.4539,2.1391,1.2614,0.70793,0.37764,0.15931,0.16627,0.16494,0.16427,0.10916,0.065498,0.064011,0.046347,0.045045,0.063841,0.054725,0.051418,0.047701,0.040991,0.040889,0.02762,0.042618,0.04142,0.034246,0.039137,0.040958,0.028613,0.028335,0.038185
11.817,20.017,15.359,10.256,5.4842,3.2813,2.0299,1.3099,0.74783,0.52767,0.27489,0.17176,0.11195,0.054292,0.034285,0.018948,0.017818,0.034696,0.019582,0.016691,0.030578,0.017825,0.0091391,0.015572,0.017288,0.008838,0.014995,0.012209,0.0082438,0.0051176,0.015874,0.013495,0.0024397,0.01206
11.681,20.19,15.351,10.099,5.3526,3.254,1.97,1.2967,0.80555,0.56197,0.3631,0.29525,0.21083,0.16978,0.14821,0.0997,0.083975,0.088029,0.071881,0.061059,0.077548,0.065815,0.064216,0.046586,0.057781,0.050843,0.047226,0.05007,0.047298,0.03994,0.042639,0.044165,0.040589,0.038103
11.468,20.291,15.08,9.7315,5.0203,2.9489,1.6436,1.0071,0.58907,0.35965,0.16855,0.15834,0.11443,0.082127,0.067539,0.067576,0.05932,0.047133,0.054542,0.051907,0.041711,0.048961,0.051369,0.038774,0.042759,0.047931,0.033393,0.030694,0.040145,0.035593,0.02908,0.036681,0.034573,0.027043
11.376,20.751,15.297,9.7775,5.1692,3.2334,1.8512,1.0801,0.65641,0.48493,0.24235,0.09512,0.075806,0.083409,0.073369,0.031101,0.023553,0.049767,0.044546,0.022436,0.035114,0.032511,0.023739,0.031451,0.024455,0.0077816,0.029934,0.033284,0.012021,0.026544,0.03315,0.013922,0.018884,0.029083
11.535,21.644,15.912,9.966,5.0321,3.1637,1.9789,1.2489,0.65945,0.31828,0.20933,0.21733,0.17413,0.08677,0.039414,0.060082,0.076782,0.066363,0.049738,0.058159,0.055777,0.037005,0.053935,0.050005,0.035958,0.038759,0.037982,0.038304,0.041248,0.034061,0.031637,0.03943,0.034326,0.033238
11.759,22.736,16.825,10.605,5.2691,3.0907,1.8186,1.2047,0.79152,0.54246,0.32355,0.17457,0.051944,0.040462,0.074473,0.092891,0.074598,0.057015,0.052408,0.059558,0.048802,0.050876,0.041856,0.039656,0.056944,0.050542,0.041019,0.037815,0.03677,0.039755,0.041035,0.034698,0.034458,0.032876
11.838,23.439,17.366,11.113,5.6337,3.388,1.9567,1.1838,0.67637,0.42291,0.251,0.16982,0.12053,0.10156,0.058855,0.040819,0.016797,0.007959,0.011416,0.015075,0.0066518,0.017815,0.0030581,0.0039902,0.014266,0.0092338,0.0040513,0.0081408,0.0050956,0.0016574,0.0025068,0.00068269,0.004255,0.0043006
11.987,23.885,17.986,11.614,6.0438,3.7646,2.1997,1.399,0.86023,0.50932,0.32601,0.19781,0.12987,0.10624,0.06253,0.07899,0.07586,0.066608,0.086667,0.071423,0.069292,0.084558,0.061501,0.065367,0.056609,0.051128,0.064598,0.055636,0.051471,0.059052,0.047422,0.049866,0.052531,0.04244
12.285,24.423,18.65,12.075,6.4006,3.9272,2.374,1.4622,0.82065,0.52148,0.24737,0.15317,0.067528,0.039355,0.018104,0.021103,0.030946,0.018277,0.035554,0.030906,0.031923,0.034887,0.022561,0.040815,0.038634,0.018107,0.034381,0.027261,0.027867,0.032428,0.02028,0.023644,0.024295,0.01458
12.397,24.576,18.651,12.09,6.3415,3.8537,2.3393,1.4431,0.88297,0.55561,0.33078,0.20036,0.12389,0.088443,0.046671,0.032576,0.023618,0.0267,0.019618,0.018774,0.011579,0.014552,0.0089682,0.0045556,0.01575,0.0085615,0.0061512,0.010865,0.012503,0.0092793,0.0084676,0.0019079,0.0015825,0.0030877
12.405,24.484,18.546,11.936,6.294,3.845,2.3206,1.4362,0.82888,0.54886,0.30107,0.21873,0.12015,0.10872,0.045419,0.048982,0.028654,0.033444,0.018784,0.015131,0.0078723,0.0093094,0.011307,0.0075714,0.016958,0.015208,0.0084254,0.0076087,0.012602,0.0079481,0.0085636,0.0073345,0.00075745,0.011595
12.441,24.303,18.424,11.853,6.148,3.8297,2.2401,1.3878,0.85987,0.50337,0.31065,0.1977,0.11715,0.11691,0.044269,0.052238,0.03596,0.017889,0.031766,0.0074101,0.012286,0.011129,0.010102,0.017889,0.022697,0.012063,0.01192,0.004208,0.012564,0.012243,0.0039074,0.010197,0.0076101,0.0091873
12.461,24.298,18.353,11.763,6.0914,3.7203,2.2245,1.3736,0.80255,0.50678,0.29829,0.19073,0.122,0.095165,0.06003,0.049775,0.023839,0.022489,0.027934,0.0015353,0.0074911,0.012229,0.0022284,0.008175,0.014647,0.004513,0.0026537,0.0063354,0.010107,0.0028581,0.0068153,0.0071247,0.0014571,0.0019512
12.354,24.368,18.318,11.841,6.0488,3.5891,2.227,1.3912,0.79655,0.46145,0.27697,0.23704,0.11818,0.046093,0.084649,0.07035,0.026992,0.018849,0.047415,0.028897,0.015111,0.035091,0.019026,0.028844,0.026215,0.012066,0.02385,0.022058,0.012252,0.021496,0.016606,0.02218,0.018275,0.0075337
12.158,24.139,18.176,11.989,6.3319,3.863,2.0673,1.225,0.79637,0.59945,0.39257,0.19106,0.045923,0.091988,0.12565,0.1079,0.068493,0.044115,0.064757,0.064657,0.051974,0.0526,0.052572,0.040889,0.049667,0.035164,0.046358,0.045577,0.033039,0.040923,0.038655,0.040472,0.039985,0.029853
12.063,23.74,17.86,11.691,6.2051,4.0174,2.411,1.523,0.87014,0.47949,0.19658,0.12189,0.12536,0.16179,0.12125,0.10604,0.0578,0.042552,0.058685,0.057206,0.057659,0.054092,0.043725,0.049075,0.045916,0.050984,0.047822,0.037907,0.037229,0.040596,0.038984,0.04109,0.03655,0.031091
12.032,23.529,17.727,11.651,6.1292,3.8307,2.3538,1.4535,0.94584,0.59075,0.35437,0.23699,0.12797,0.099131,0.01891,0.035592,0.012785,0.041015,0.020017,0.029015,0.028778,0.010913,0.023733,0.010146,0.014509,0.030078,0.013334,0.01596,0.01879,0.0031526,0.012629,0.012542,0.00084919,0.013492
11.829,23.02,17.321,11.27,5.9295,3.5812,2.0815,1.3072,0.73574,0.46549,0.28009,0.15718,0.15997,0.13473,0.11102,0.13377,0.098963,0.10275,0.10273,0.074574,0.089637,0.076422,0.058149,0.077072,0.067558,0.048575,0.062747,0.050811,0.04634,0.057493,0.046888,0.048196,0.054294,0.044271
11.503,22.148,16.815,10.993,5.7842,3.533,2.0612,1.3333,0.86985,0.57164,0.33854,0.25844,0.19666,0.13127,0.10682,0.087104,0.057128,0.057028,0.047477,0.033901,0.039293,0.033627,0.024018,0.036115,0.023534,0.026543,0.030093,0.02631,0.026269,0.028586,0.02211,0.020341,0.025167,0.020099
11.513,21.477,16.47,10.818,5.7308,3.6444,2.1968,1.3077,0.77184,0.56483,0.34694,0.20128,0.086421,0.093233,0.11563,0.07066,0.0054283,0.04708,0.060601,0.032681,0.028635,0.040187,0.025835,0.025585,0.040297,0.023822,0.021306,0.034064,0.022279,0.018844,0.030756,0.022531,0.01776,0.027851
11.662,21.108,16.418,10.794,5.4258,3.2435,2.0736,1.4266,0.94551,0.57102,0.2272,0.12775,0.18369,0.16143,0.13093,0.075711,0.04429,0.047579,0.079758,0.075516,0.05129,0.054636,0.059135,0.044895,0.048847,0.051588,0.044062,0.041472,0.053045,0.043831,0.037375,0.044112,0.040256,0.030947
11.756,20.742,16.357,10.961,5.5487,3.1828,1.8445,1.1404,0.7048,0.48663,0.30422,0.26234,0.21846,0.1576,0.088551,0.031722,0.045268,0.035361,0.045931,0.059913,0.055291,0.041213,0.045677,0.042955,0.037513,0.035674,0.042613,0.037169,0.025887,0.030929,0.035617,0.026552,0.025995,0.032243
11.699,20.257,16.031,10.743,5.4266,3.2066,1.9272,1.159,0.66667,0.41489,0.21951,0.16741,0.11543,0.076328,0.080216,0.071868,0.054106,0.037709,0.03683,0.037622,0.028039,0.015471,0.033273,0.015552,0.0053826,0.020064,0.024749,0.013555,0.014374,0.021059,0.019727,0.011975,0.017668,0.020165
11.746,19.95,16.029,10.802,5.5814,3.4063,2.1129,1.3385,0.888,0.60946,0.36274,0.29744,0.20673,0.17161,0.11859,0.10744,0.098979,0.089131,0.070409,0.087584,0.075033,0.060425,0.071879,0.054845,0.057675,0.065042,0.061449,0.05883,0.048215,0.050339,0.050126,0.044106,0.039752,0.043321
11.848,19.844,16.026,10.777,5.5173,3.3317,2.0517,1.2537,0.75157,0.46256,0.2327,0.15964,0.078781,0.037615,0.010245,0.010231,0.021803,0.026682,0.025487,0.037299,0.031617,0.028831,0.035123,0.013966,0.03997,0.035684,0.022017,0.023071,0.020344,0.021303,0.022839,0.025533,0.025491,0.023102
11.949,19.744,15.913,10.562,5.3024,3.1451,1.8896,1.1545,0.69833,0.43242,0.26282,0.20241,0.10679,0.097327,0.057975,0.020097,0.01523,0.014254,0.018038,0.01837,0.0047456,0.014597,0.021442,0.007369,0.023208,0.020017,0.009036,0.0029581,0.013853,0.017323,0.0091391,0.0028545,0.0086037,0.011042
11.935,19.727,15.802,10.335,5.2045,3.0533,1.8778,1.186,0.67412,0.44225,0.22027,0.15548,0.091309,0.060143,0.053662,0.030563,0.018991,0.026586,0.020687,0.011341,0.004146,0.01285,0.015671,0.0099012,0.022673,0.011861,0.0085121,0.0030266,0.015747,0.0072317,0.003964,0.0047457,0.011544,0.0091523
11.956,19.962,15.74,10.203,5.1652,3.0319,1.8824,1.1112,0.64334,0.38982,0.23758,0.17921,0.10131,0.065201,0.022358,0.014155,0.011451,0.024193,0.01673,0.00096472,0.0092911,0.010601,0.0134,0.0034885,0.021403,0.0036114,0.0041937,0.010686,0.0080674,0.0047123,0.0072153,0.011699,0.0066206,0.0014346
11.984,20.326,15.815,10.177,5.1719,3.0091,1.8104,1.074,0.65503,0.41356,0.22845,0.13729,0.084184,0.064035,0.057269,0.021315,0.0095452,0.010485,0.0095984,0.0052998,0.010171,0.013438,0.015755,0.0024965,0.019435,0.0028869,0.003859,0.0088486,0.0062991,0.0073071,0.0097794,0.0047259,0.0054916,0.0077283
12.062,20.756,16.019,10.218,5.1797,3.0261,1.7791,1.1426,0.63743,0.40861,0.2087,0.1655,0.10715,0.044353,0.04664,0.014587,0.025158,0.0079202,0.011436,0.017361,0.010681,0.0027539,0.012227,0.0097488,0.0051488,0.0051796,0.010934,0.0074867,0.0046587,0.011204,0.0052738,0.00079534,0.010981,0.0049124
12.155,21.17,16.256,10.354,5.204,3.1252,1.8433,1.123,0.69223,0.40478,0.2385,0.17715,0.091016,0.071694,0.047148,0.027323,0.021522,0.0066039,0.021903,0.0099746,0.013243,0.012205,0.01746,0.0082706,0.016351,0.0092478,0.0091074,0.010057,0.0081286,0.0050815,0.0053486,0.01046,0.0089054,0.0044019
12.246,21.548,16.424,10.501,5.3427,3.1513,1.9358,1.1648,0.66993,0.46807,0.24401,0.15347,0.13793,0.059311,0.04003,0.04302,0.012044,0.0048275,0.020747,0.0055459,0.014615,0.0097509,0.0066961,0.013139,0.014478,0.0054845,0.0094566,0.0093815,0.0062023,0.0040106,0.010466,0.0040141,0.0064396,0.0099478
12.212,21.814,16.594,10.708,5.429,3.2449,1.9831,1.2153,0.71462,0.43399,0.29503,0.17471,0.10239,0.085267,0.058593,0.025209,0.028435,0.016366,0.020072,0.019859,0.010976,0.0096231,0.018989,0.0082299,0.010463,0.017621,0.0098258,0.0044852,0.012504,0.011502,0.0039705,0.014675,0.013141,0.0059195
12.073,21.899,16.775,11.004,5.7278,3.3169,1.8791,1.281,0.84554,0.52745,0.20652,0.13309,0.17954,0.12889,0.060967,0.030717,0.063097,0.050361,0.046534,0.039562,0.051365,0.028919,0.041262,0.048962,0.02825,0.034012,0.032474,0.033445,0.035923,0.032006,0.02773,0.031332,0.029433,0.019969
11.867,21.763,16.655,11.013,6.0052,3.7477,2.1144,1.219,0.65145,0.45011,0.34303,0.29245,0.21246,0.087945,0.035123,0.077525,0.078802,0.076297,0.070017,0.049213,0.071852,0.055656,0.053659,0.038911,0.0553,0.047987,0.049057,0.043022,0.037672,0.041722,0.042904,0.036876,0.038092,0.037378
11.746,21.747,16.605,10.898,5.8549,3.6578,2.2634,1.4285,0.92986,0.55416,0.3009,0.18196,0.07518,0.044521,0.051039,0.08349,0.046628,0.051607,0.049348,0.02568,0.040454,0.048044,0.01871,0.037747,0.032926,0.018071,0.02824,0.036129,0.023243,0.026272,0.027589,0.015754,0.020769,0.028215
11.661,21.938,16.774,10.993,5.9437,3.6641,2.2564,1.4954,0.92838,0.64582,0.41348,0.26989,0.22271,0.12202,0.079427,0.059188,0.05779,0.040089,0.055484,0.050187,0.053747,0.047453,0.050474,0.026797,0.038259,0.043541,0.030444,0.036866,0.047996,0.031083,0.034076,0.041073,0.027649,0.026485
11.397,21.831,16.521,10.716,5.6133,3.3869,1.9193,1.1689,0.67303,0.35669,0.16162,0.079921,0.022466,0.038291,0.038615,0.059818,0.077007,0.072302,0.074569,0.065316,0.078743,0.073949,0.056572,0.071128,0.054047,0.056944,0.049702,0.04824,0.049373,0.044291,0.042907,0.046928,0.039091,0.039645
11.232,21.698,16.433,10.756,5.7457,3.5671,2.0862,1.3361,0.8805,0.56844,0.29712,0.19277,0.16716,0.068016,0.021442,0.04918,0.0080455,0.036603,0.032895,0.015929,0.032337,0.042107,0.011564,0.02572,0.03129,0.005118,0.024073,0.026481,0.0092818,0.01946,0.019705,0.0015255,0.017603,0.021322
11.32,21.95,16.658,10.799,5.6522,3.6422,2.2816,1.3813,0.72133,0.44612,0.35917,0.27743,0.15677,0.015875,0.073247,0.088857,0.05641,0.057018,0.049163,0.039412,0.036987,0.054079,0.03343,0.044232,0.034458,0.039179,0.046799,0.03217,0.019785,0.039075,0.036382,0.02688,0.029746,0.032329
11.478,22.454,17.082,11.049,5.5909,3.3264,2.0852,1.4517,0.96986,0.62412,0.31749,0.1181,0.068536,0.12675,0.12871,0.099247,0.072969,0.068144,0.06323,0.051519,0.056484,0.050308,0.06074,0.067099,0.047861,0.042491,0.043686,0.046872,0.057559,0.046903,0.034683,0.037786,0.040052,0.039651
11.551,22.816,17.255,11.207,5.7999,3.4531,2.0242,1.2469,0.72777,0.47579,0.31429,0.22054,0.17811,0.11623,0.075268,0.041396,0.025668,0.031439,0.033732,0.014878,0.034369,0.011036,0.021691,0.021626,0.024366,0.023013,0.024373,0.018793,0.0097584,0.010643,0.012631,0.016976,0.021928,0.019633
11.543,23.034,17.441,11.233,5.8638,3.5326,2.047,1.2243,0.69743,0.39099,0.17636,0.074134,0.064125,0.086859,0.07603,0.084281,0.084749,0.068424,0.054633,0.063141,0.041189,0.052817,0.063187,0.048529,0.058419,0.056767,0.050097,0.053866,0.048077,0.038182,0.040288,0.033572,0.029881,0.03779
11.825,23.603,18.034,11.55,6.3069,3.9347,2.3583,1.5705,0.96154,0.64272,0.43526,0.27074,0.21515,0.16214,0.09641,0.10362,0.073631,0.052005,0.058396,0.040598,0.046003,0.051385,0.032841,0.042032,0.046771,0.033208,0.039784,0.039189,0.02734,0.041246,0.033179,0.031248,0.037903,0.030931
12,24.05,18.306,11.542,6.2787,3.796,2.2469,1.3723,0.83124,0.51183,0.31838,0.20853,0.14184,0.10578,0.047666,0.055382,0.018943,0.0092772,0.020973,0.02319,0.016743,0.027712,0.025274,0.019746,0.021858,0.015908,0.024707,0.015239,0.018415,0.015776,0.0074976,0.012806,0.0078334,0.0069921
12.084,24.231,18.413,11.56,6.33,3.8556,2.3079,1.4434,0.88568,0.52919,0.3206,0.18912,0.13545,0.079985,0.044877,0.034444,0.01009,0.017782,0.01506,0.029309,0.016488,0.0093367,0.016319,0.0016829,0.0024674,0.0083509,0.0088035,0.0080172,0.013221,0.0063444,0.010171,0.0026893,0.0054648,0.0010334
12.169,24.236,18.524,11.651,6.4214,3.9662,2.2937,1.4928,0.87586,0.57594,0.31992,0.20786,0.13607,0.073951,0.049293,0.02811,0.020621,0.028366,0.01289,0.032582,0.0055742,0.016198,0.013818,0.018239,0.0040134,0.015333,0.0074107,0.0089308,0.011299,0.0088196,0.010251,0.0050977,0.011794,0.001815
12.235,24.075,18.541,11.81,6.4236,4.0264,2.3354,1.4699,0.94844,0.55773,0.3256,0.22733,0.12841,0.092392,0.044612,0.034692,0.030572,0.0272,0.012244,0.036611,0.012178,0.0054403,0.030443,0.0095426,0.018965,0.009277,0.01052,0.013016,0.0066528,0.013783,0.0087056,0.0096845,0.011057,0.0042838
12.255,24.033,18.47,11.899,6.479,3.9662,2.3692,1.5074,0.90041,0.58179,0.34267,0.19485,0.15011,0.091202,0.026318,0.051399,0.024829,0.017878,0.026551,0.025779,0.009652,0.010993,0.021717,0.002402,0.014791,0.012686,0.0028602,0.0071677,0.016131,0.0060386,0.0086578,0.010565,0.0043475,0.0019067
12.078,23.94,18.42,12.057,6.4105,3.8834,2.3745,1.5257,0.92415,0.49701,0.34667,0.25701,0.11917,0.064462,0.056607,0.079311,0.028644,0.030827,0.027641,0.041561,0.035395,0.019769,0.023143,0.034643,0.0085767,0.0081453,0.03415,0.015094,0.0080142,0.029061,0.02203,0.021532,0.016321,0.014168
11.857,23.608,18.125,12.035,6.5949,3.9707,2.1395,1.3281,0.88304,0.64798,0.3904,0.18906,0.044511,0.086411,0.10029,0.11101,0.073762,0.067794,0.042698,0.044963,0.068444,0.052,0.050957,0.042004,0.046812,0.054895,0.043588,0.032533,0.037356,0.045284,0.045232,0.040425,0.02893,0.032187
11.673,23.27,17.716,11.629,6.3648,4.0784,2.4331,1.5753,0.90965,0.49611,0.21746,0.12795,0.11095,0.13803,0.093546,0.11082,0.07953,0.058399,0.068566,0.042411,0.031662,0.052202,0.048079,0.053211,0.04926,0.035635,0.032927,0.035153,0.036192,0.04642,0.044411,0.03561,0.035802,0.024223
11.631,23.319,17.672,11.519,6.275,3.8945,2.3834,1.5075,0.97191,0.59359,0.35732,0.2383,0.11816,0.082991,0.037348,0.014599,0.019972,0.035223,0.010985,0.01169,0.035717,0.016123,0.033892,0.035392,0.021169,0.039336,0.018234,0.016129,0.016044,0.0078252,0.0089755,0.020014,0.010563,0.021074
11.303,23.054,17.339,11.052,5.94,3.5528,2.0202,1.2774,0.6937,0.39288,0.21984,0.116,0.10472,0.083243,0.094398,0.088081,0.070782,0.094431,0.083247,0.059437,0.073799,0.073186,0.056701,0.073506,0.064742,0.056905,0.065957,0.054874,0.063411,0.065663,0.051938,0.057941,0.057219,0.049806
11.015,22.655,17.111,10.937,5.9312,3.6362,2.1039,1.3969,0.88598,0.53657,0.33307,0.22993,0.13786,0.08449,0.041858,0.032982,0.01216,0.019002,0.029064,0.043483,0.020334,0.019743,0.034992,0.019517,0.021337,0.03468,0.020128,0.025677,0.025309,0.020946,0.027103,0.018937,0.014512,0.01959
11.072,22.695,17.118,10.858,5.9455,3.791,2.1855,1.2976,0.76758,0.54513,0.35876,0.17633,0.082701,0.11511,0.079675,0.050854,0.031334,0.028356,0.035457,0.066218,0.023555,0.034852,0.038823,0.030263,0.026863,0.022597,0.02813,0.032815,0.01683,0.022969,0.03705,0.026415,0.016504,0.023297
11.265,22.95,17.45,10.882,5.6732,3.4942,2.1944,1.5311,0.94083,0.48209,0.1898,0.13955,0.17703,0.16868,0.10683,0.063526,0.057293,0.055044,0.055252,0.077855,0.064346,0.056538,0.04317,0.051277,0.055576,0.056509,0.042901,0.03887,0.042993,0.050514,0.052507,0.038643,0.034493,0.034971
11.419,23.125,17.682,11.167,5.9221,3.5117,1.9716,1.2307,0.7444,0.48686,0.34179,0.25258,0.18775,0.12175,0.071878,0.037888,0.037645,0.035376,0.033295,0.02815,0.039384,0.037966,0.046072,0.033176,0.029094,0.020659,0.024097,0.031115,0.034183,0.034833,0.035923,0.028355,0.022248,0.020149
11.443,22.915,17.525,11.154,5.9937,3.597,2.0287,1.2513,0.72442,0.39902,0.19784,0.097512,0.075438,0.07679,0.063033,0.07412,0.061478,0.054266,0.043656,0.05768,0.047589,0.0468,0.056549,0.043952,0.042299,0.041111,0.033756,0.030438,0.028715,0.024831,0.025071,0.028462,0.026313,0.030721
11.739,23.052,17.841,11.489,6.3991,3.978,2.3422,1.5712,1.0037,0.62716,0.42341,0.28482,0.19568,0.14827,0.11041,0.088874,0.072271,0.074686,0.049259,0.050075,0.066204,0.046519,0.048763,0.056298,0.041786,0.048498,0.047365,0.038972,0.039774,0.042763,0.032762,0.038573,0.040513,0.033142
11.915,23.014,17.762,11.361,6.28,3.7444,2.1504,1.379,0.82106,0.53244,0.31154,0.22427,0.15459,0.082631,0.069536,0.037499,0.010771,0.02251,0.023614,0.0088552,0.032983,0.02991,0.011477,0.021567,0.01912,0.0082869,0.021788,0.014245,0.010192,0.014152,0.0091999,0.0055419,0.011172,0.0098434
11.934,22.822,17.433,11.196,6.1576,3.6659,2.1429,1.3764,0.85688,0.51671,0.30539,0.19116,0.12739,0.065332,0.045237,0.027863,0.0062566,0.015848,0.020221,0.014263,0.014515,0.017688,0.014002,0.00054941,0.0025833,0.0049588,0.0034593,0.0060043,0.011474,0.0062883,0.0029553,0.0020465,0.00030607,0.0018554
11.888,22.715,17.434,11.173,6.1487,3.6418,2.1211,1.3261,0.83221,0.50552,0.30643,0.18823,0.11935,0.055776,0.041848,0.030663,0.0036915,0.022872,0.017127,0.022172,0.0062205,0.015507,0.0070417,0.0078228,0.0085281,0.0072999,0.0038032,0.0061273,0.0032862,0.0071031,0.0049199,0.007371,0.0031795,0.0039541
11.904,22.686,17.545,11.219,6.0602,3.6188,2.0399,1.3356,0.79997,0.48026,0.28347,0.16353,0.13548,0.04546,0.046178,0.029488,0.0024747,0.026658,0.016786,0.021494,0.013284,0.0042893,0.015294,0.0051,0.016071,0.0083247,0.010914,0.0051436,0.0096886,0.0079246,0.006168,0.0076508,0.0046871,0.0081284
11.906,22.804,17.697,11.382,6.0547,3.5981,2.0865,1.2953,0.81168,0.46741,0.26095,0.18783,0.11324,0.053313,0.053588,0.031242,0.002944,0.024276,0.019116,0.009094,0.016068,0.01121,0.013143,0.00956,0.0054109,0.010356,0.0055567,0.0059058,0.011827,0.0026926,0.0036532,0.0084195,0.004601,0.0045935
11.885,23.026,17.821,11.51,6.0594,3.5423,2.1143,1.2895,0.7668,0.47611,0.26192,0.15782,0.12702,0.066222,0.040173,0.045622,0.015917,0.025941,0.0050109,0.016879,0.01995,0.0091974,0.0097748,0.015991,0.0032669,0.00038815,0.014667,0.0028833,0.0029893,0.015992,0.0015644,0.0034004,0.011249,0.002867
11.745,23.142,18.018,11.832,6.1699,3.5154,2.0435,1.3741,0.88462,0.42034,0.22194,0.19312,0.17691,0.086677,0.019133,0.061562,0.054908,0.058585,0.036782,0.017225,0.048665,0.032919,0.037087,0.028336,0.027872,0.036676,0.026062,0.018062,0.035711,0.032758,0.023186,0.022891,0.023716,0.022601
11.56,22.925,17.714,11.753,6.4046,3.8525,2.1245,1.222,0.67662,0.45326,0.36905,0.28727,0.17103,0.056514,0.045962,0.07446,0.085797,0.08242,0.067258,0.071439,0.045984,0.052403,0.056895,0.059286,0.056573,0.045192,0.040443,0.049409,0.053268,0.047774,0.042451,0.034991,0.035836,0.036788
11.489,22.799,17.482,11.51,6.1418,3.7718,2.2485,1.475,0.91722,0.52242,0.32295,0.16171,0.091884,0.038508,0.041514,0.045138,0.050431,0.04239,0.040031,0.043643,0.031879,0.036062,0.018922,0.014959,0.018952,0.017882,0.030204,0.032808,0.026005,0.028573,0.020478,0.017946,0.01817,0.0096882
11.353,22.855,17.463,11.438,6.142,3.6727,2.2615,1.4702,0.93932,0.63184,0.41154,0.33447,0.2392,0.18623,0.14862,0.10997,0.094929,0.094429,0.059284,0.090426,0.07152,0.059018,0.069688,0.048727,0.050261,0.059309,0.04201,0.045428,0.05184,0.042935,0.046695,0.047264,0.040807,0.050027
10.955,22.465,17.028,10.937,5.7697,3.3728,1.8918,1.2312,0.74283,0.4165,0.2877,0.20898,0.14107,0.11893,0.092215,0.075949,0.065761,0.072694,0.047631,0.052866,0.057659,0.039311,0.04982,0.048422,0.040661,0.045578,0.039368,0.041024,0.041395,0.033763,0.032482,0.030213,0.027459,0.030842
10.808,22.276,17.022,10.933,5.9212,3.5801,2.028,1.33,0.83878,0.465,0.24745,0.17797,0.12801,0.067227,0.037158,0.053749,0.031617,0.0089973,0.035649,0.011732,0.013613,0.022084,0.0091925,0.023049,0.015421,0.0088812,0.024617,0.015054,0.0091828,0.021338,0.013489,0.0070545,0.011014,0.0083725
10.9,22.427,17.124,10.736,5.6877,3.5719,2.1514,1.3303,0.69826,0.40326,0.33186,0.2548,0.12482,0.0094173,0.074127,0.083414,0.065903,0.045758,0.047392,0.043995,0.052619,0.042702,0.036151,0.033912,0.042955,0.042161,0.035106,0.028466,0.033304,0.038512,0.036487,0.026198,0.028683,0.032372
11.05,22.762,17.496,10.954,5.6035,3.2171,1.8594,1.2999,0.90107,0.57306,0.34445,0.16597,0.031161,0.056099,0.10147,0.095029,0.088324,0.075175,0.050298,0.060508,0.046183,0.052983,0.058944,0.052921,0.049446,0.044846,0.0398,0.044092,0.043911,0.043974,0.041014,0.033182,0.035418,0.036268
11.075,22.739,17.507,11.07,5.7263,3.3394,1.875,1.1636,0.70228,0.4018,0.2459,0.17094,0.12495,0.10027,0.06014,0.039432,0.035998,0.019779,0.0087362,0.010882,0.0049609,0.0077828,0.012247,0.01473,0.017054,0.0099869,0.011441,0.0055761,0.0052146,0.0041821,0.0031768,0.007167,0.0061367,0.0079709
11.177,22.878,17.851,11.282,6.0289,3.5969,2.0583,1.3684,0.86218,0.50196,0.34646,0.21266,0.16837,0.13399,0.096743,0.10321,0.094273,0.095521,0.080744,0.081735,0.089312,0.070902,0.072575,0.069723,0.056046,0.067147,0.060186,0.062998,0.06421,0.05716,0.064008,0.056894,0.054994,0.059882
11.496,23.291,18.272,11.601,6.2453,3.6646,2.1312,1.3314,0.80155,0.42184,0.22156,0.13752,0.062921,0.062048,0.030967,0.044853,0.044714,0.054518,0.041985,0.031604,0.038826,0.029761,0.033828,0.034065,0.031968,0.027536,0.023565,0.024693,0.027465,0.023884,0.027713,0.019765,0.017064,0.017373
11.576,23.321,18.239,11.569,6.1773,3.5777,2.1006,1.3358,0.84993,0.46298,0.28928,0.1751,0.10794,0.066089,0.045565,0.028548,0.025543,0.020816,0.018296,0.0046389,0.012231,0.0023072,0.00381,0.0041743,0.012317,0.0057341,0.0041888,0.0085055,0.0031154,0.0090324,0.005775,0.0047235,0.0014142,0.0079954
11.68,23.268,18.322,11.638,6.2528,3.6406,2.1214,1.3913,0.82369,0.48549,0.27582,0.19322,0.10751,0.077252,0.044569,0.026992,0.024911,0.014604,0.022542,0.0050454,0.012963,0.0041154,0.013745,0.0063352,0.012313,0.008209,0.0062534,0.0063858,0.0060887,0.0074961,0.0051614,0.0098044,0.0015322,0.009246
11.746,23.222,18.32,11.757,6.3016,3.746,2.1633,1.3909,0.8862,0.4751,0.30009,0.19535,0.10392,0.096513,0.036212,0.030524,0.030202,0.017261,0.024528,0.011888,0.0077711,0.015566,0.006093,0.010613,0.010443,0.0080372,0.011443,0.0042542,0.0073118,0.0054856,0.010799,0.0089829,0.0019462,0.010746
11.788,23.206,18.304,11.844,6.3971,3.73,2.2058,1.4274,0.86132,0.49995,0.31265,0.18259,0.11937,0.088387,0.040803,0.031691,0.024379,0.021196,0.012393,0.011031,0.013271,0.0086629,0.0085022,0.007358,0.01231,0.010402,0.0096855,0.0058976,0.0043265,0.0051913,0.0091451,0.001717,0.0037289,0.0059632
11.709,23.164,18.201,11.907,6.3551,3.6685,2.2324,1.4535,0.86306,0.45005,0.31248,0.23118,0.0974,0.058869,0.074586,0.050127,0.024773,0.020851,0.033205,0.03007,0.018406,0.021344,0.030809,0.026964,0.0087144,0.025451,0.024776,0.013283,0.014936,0.017224,0.016377,0.016028,0.01347,0.016424
11.518,22.865,17.957,11.845,6.5186,3.7783,2.015,1.2761,0.86903,0.59263,0.37046,0.15219,0.043593,0.10641,0.1144,0.08512,0.058747,0.037936,0.059069,0.05594,0.065076,0.039781,0.041558,0.036813,0.051222,0.051979,0.034709,0.030161,0.03649,0.039618,0.036311,0.03297,0.032545,0.032843
11.367,22.462,17.389,11.339,6.2614,3.8831,2.2679,1.4601,0.82217,0.41368,0.18463,0.14364,0.13465,0.15515,0.10446,0.084537,0.066079,0.040478,0.052249,0.046027,0.048065,0.055828,0.050723,0.053569,0.040788,0.026586,0.033497,0.045269,0.040573,0.041934,0.037583,0.029871,0.035854,0.031736
11.371,22.322,17.125,11.051,6.0268,3.6185,2.1455,1.3628,0.8785,0.50688,0.31123,0.19252,0.095592,0.065885,0.010889,0.01341,0.0057777,0.02359,0.01426,0.0089991,0.031517,0.0060593,0.024755,0.028168,0.011735,0.020278,0.0027098,0.0073481,0.0073585,0.011498,0.0038061,0.013936,0.0052183,0.0073483
11.135,22.047,16.685,10.584,5.7022,3.3245,1.881,1.2035,0.69093,0.40983,0.2702,0.17516,0.16401,0.13747,0.1073,0.11223,0.089978,0.08768,0.089341,0.064183,0.077545,0.072209,0.063617,0.074972,0.069686,0.062171,0.070072,0.064143,0.056474,0.060133,0.053632,0.047235,0.050745,0.045694
10.838,21.496,16.249,10.235,5.4793,3.2186,1.7872,1.1782,0.75135,0.45549,0.29531,0.21061,0.14997,0.10087,0.076605,0.053694,0.04636,0.040889,0.027517,0.022954,0.02745,0.025305,0.022943,0.018278,0.018314,0.025204,0.020779,0.018331,0.025642,0.020114,0.020911,0.026207,0.018709,0.020099
10.861,21.358,16.099,10.144,5.5213,3.4041,1.9028,1.1285,0.67887,0.46626,0.27426,0.12016,0.07133,0.094021,0.08212,0.032291,0.029549,0.040975,0.031409,0.039098,0.027534,0.017655,0.040119,0.034069,0.01188,0.027058,0.033213,0.015925,0.021813,0.025581,0.017896,0.02458,0.02115,0.014128
11.033,21.479,16.284,10.142,5.2507,3.1363,1.9048,1.3188,0.80965,0.41959,0.14203,0.12534,0.16477,0.12799,0.1033,0.060028,0.052848,0.062891,0.060311,0.063308,0.060021,0.052436,0.0375,0.054284,0.052384,0.046825,0.043388,0.03744,0.038112,0.044238,0.038437,0.034124,0.038142,0.03431
11.198,21.626,16.486,10.504,5.5153,3.1512,1.6937,1.0728,0.65774,0.45062,0.30375,0.23785,0.17084,0.087329,0.064872,0.040578,0.040826,0.044505,0.04367,0.045899,0.046127,0.044068,0.041319,0.032766,0.028052,0.027669,0.032159,0.035161,0.031495,0.029225,0.027649,0.024388,0.026882,0.026983
11.254,21.453,16.34,10.479,5.5786,3.2565,1.7702,1.1117,0.6308,0.3686,0.18136,0.11935,0.10319,0.071793,0.061924,0.058553,0.046686,0.039314,0.040849,0.040808,0.032282,0.033251,0.028157,0.023751,0.016897,0.023305,0.021832,0.023831,0.023594,0.024878,0.025285,0.0241,0.021203,0.022212
11.4,21.491,16.546,10.762,5.8955,3.5931,2.0854,1.3981,0.89833,0.61376,0.37782,0.28859,0.22296,0.15159,0.13847,0.11504,0.095237,0.086179,0.087014,0.087022,0.069397,0.071829,0.078519,0.059081,0.072985,0.065459,0.056056,0.051671,0.05157,0.047383,0.043938,0.047888,0.04638,0.042811
11.575,21.614,16.649,10.741,5.8291,3.5006,1.932,1.2369,0.7058,0.40041,0.20532,0.11332,0.065158,0.041169,0.046187,0.040089,0.038326,0.032097,0.040325,0.042733,0.018274,0.029882,0.035321,0.024218,0.026635,0.018727,0.020495,0.0185,0.027673,0.022492,0.015372,0.017319,0.017178,0.010812
11.619,21.608,16.587,10.618,5.69,3.3178,1.8555,1.2039,0.70192,0.45649,0.23664,0.16137,0.098046,0.034896,0.026411,0.0014995,0.0098401,0.012945,0.019942,0.017193,0.0033466,0.01195,0.0058468,0.0088997,0.0074172,0.015592,0.0040053,0.0071634,0.0031439,0.0056057,0.0076465,0.013055,0.0064479,0.0062967
11.586,21.6,16.521,10.516,5.5774,3.2505,1.8377,1.1659,0.6744,0.40271,0.21581,0.13979,0.098273,0.047639,0.030475,0.016711,0.0024686,0.0075959,0.011782,0.01554,0.0031815,0.002995,0.0039528,0.0071173,0.0096059,0.010344,0.0012495,0.0024952,0.0094742,0.0069751,0.0059272,0.00092156,0.0051884,0.0045793
11.593,21.73,16.619,10.493,5.5332,3.174,1.7914,1.1213,0.64607,0.41,0.2096,0.14478,0.0794,0.050259,0.020749,0.027746,0.0027277,0.0045212,0.013966,0.0092613,0.0037619,0.0054167,0.013272,0.010833,0.013502,0.007146,0.0012318,0.008552,0.0015362,0.0054154,0.0086855,0.0027567,0.006329,0.0054849
11.64,21.805,16.713,10.546,5.4286,3.1677,1.7266,1.1053,0.65066,0.37389,0.22889,0.12715,0.097374,0.051109,0.013019,0.030887,0.0014495,0.014561,0.0049011,0.0080628,0.011283,0.013148,0.0044941,0.0083276,0.0047588,0.0031304,0.0083155,0.0059082,0.0055243,0.0072563,0.0059719,0.0044423,0.0075872,0.0077863
11.673,21.837,16.621,10.519,5.3536,3.0635,1.7253,1.069,0.61308,0.38275,0.20551,0.13251,0.093882,0.041434,0.025118,0.024537,0.0045385,0.014794,0.0055599,0.011538,0.019597,0.0078826,0.010118,0.0075857,0.0026893,0.0093551,0.0051432,0.00175,0.0089939,0.0030961,0.00063327,0.0037575,0.0060084,0.0059636
11.631,21.847,16.519,10.466,5.2457,2.9929,1.735,1.0331,0.58834,0.38358,0.20683,0.13183,0.087341,0.055361,0.030101,0.022989,0.022397,0.014651,0.018245,0.0049164,0.021312,0.018164,0.0058787,0.014278,0.011062,0.0091429,0.011319,0.0094734,0.0059531,0.0099728,0.0078961,0.0052561,0.0099197,0.0064032
11.402,21.593,16.3,10.427,5.1815,2.8453,1.5445,1.0592,0.65751,0.34795,0.12795,0.12344,0.14969,0.068219,0.032089,0.056828,0.054861,0.040472,0.036623,0.037789,0.049976,0.029519,0.033523,0.040871,0.037099,0.027117,0.026587,0.030251,0.025452,0.025539,0.026157,0.025184,0.025087,0.02096
11.099,21.112,15.845,10.14,5.1906,3.0328,1.543,0.85834,0.42051,0.325,0.25591,0.2122,0.12375,0.054855,0.057112,0.072934,0.077526,0.064702,0.041789,0.054486,0.056866,0.048581,0.046559,0.038298,0.03778,0.04267,0.041048,0.038795,0.037458,0.035973,0.034332,0.038669,0.033586,0.028358
10.883,20.771,15.245,9.5484,4.6358,2.7438,1.5296,0.93895,0.55263,0.31433,0.18141,0.084715,0.059643,0.0054412,0.029733,0.026264,0.040845,0.023809,0.020003,0.020816,0.004598,0.01278,0.017784,0.0094878,0.015334,0.016013,0.0060537,0.015413,0.0064259,0.0058993,0.011397,0.0068143,0.010206,0.013161
10.581,20.481,14.735,8.9827,4.1808,2.3857,1.3678,0.79378,0.45552,0.33038,0.20309,0.1677,0.14307,0.11706,0.1107,0.087964,0.091229,0.075239,0.059056,0.073595,0.052036,0.049832,0.056827,0.035925,0.053627,0.045134,0.037678,0.046323,0.037853,0.038285,0.044383,0.033691,0.04227,0.040307
10.14,19.823,14.018,8.1668,3.5794,2.0559,1.0948,0.6768,0.39453,0.26515,0.18061,0.11746,0.094839,0.073448,0.052996,0.047118,0.047133,0.036642,0.034601,0.025431,0.024848,0.031734,0.021701,0.020684,0.023062,0.019767,0.021944,0.01722,0.019591,0.022484,0.019736,0.020674,0.017663,0.018663
9.9122,19.318,13.515,7.7345,3.3213,1.9715,0.97278,0.52845,0.31208,0.19516,0.078126,0.066788,0.082887,0.022002,0.027935,0.030721,0.022068,0.011824,0.018574,0.031913,0.010418,0.020792,0.022354,0.0091797,0.014389,0.012017,0.017637,0.010641,0.012105,0.017995,0.0092468,0.010462,0.010998,0.0091291
9.9549,19.038,13.212,7.0874,2.7564,1.8099,1.0296,0.51828,0.18448,0.072442,0.11516,0.11529,0.10053,0.0458,0.047078,0.064179,0.068978,0.049138,0.037293,0.03881,0.04696,0.044718,0.036849,0.030789,0.033787,0.040331,0.035185,0.027818,0.029819,0.033041,0.035176,0.030646,0.026435,0.026506
9.9774,18.849,13.175,6.9553,2.5681,1.4495,0.67093,0.33226,0.23974,0.19378,0.14596,0.11091,0.085789,0.050253,0.039454,0.042922,0.0556,0.052412,0.056416,0.051938,0.040965,0.032115,0.031705,0.036385,0.033191,0.037611,0.034323,0.030574,0.025988,0.024423,0.026097,0.027128,0.028377,0.028833
9.8494,18.285,12.72,6.5621,2.5082,1.4718,0.66416,0.28827,0.13553,0.054596,0.0096889,0.015032,0.040393,0.038152,0.043621,0.049337,0.043051,0.040318,0.041017,0.03669,0.034306,0.022284,0.027727,0.020224,0.019908,0.021687,0.016438,0.017457,0.019349,0.016581,0.021864,0.017348,0.017486,0.019651
9.8029,17.804,12.44,6.4056,2.6493,1.6291,0.84083,0.48622,0.28838,0.19783,0.13203,0.088559,0.091926,0.073504,0.062048,0.067782,0.05818,0.049006,0.0516,0.041525,0.046818,0.047566,0.038948,0.044996,0.040264,0.039645,0.0403,0.033075,0.035687,0.036339,0.030173,0.034053,0.031864,0.029958
9.73,17.24,11.769,5.8172,2.3058,1.2856,0.56196,0.25086,0.14381,0.098373,0.05987,0.053766,0.040219,0.031517,0.018874,0.018576,0.020286,0.018307,0.016274,0.01879,0.01826,0.016461,0.014985,0.017074,0.01295,0.01724,0.013237,0.012732,0.011463,0.011042,0.010573,0.009803,0.011972,0.01087
9.4849,16.332,10.705,5.0877,2.0147,1.1233,0.50669,0.23427,0.13006,0.054558,0.020684,0.019948,0.016229,0.010445,0.0063785,0.0010146,0.0028832,0.0080237,0.010448,0.0021326,0.0059297,0.0057138,0.002585,0.0044396,0.0038985,0.0010073,0.0045956,0.0020362,0.0018982,0.0017204,0.0028694,0.0014055,0.003887,0.0015694
9.1895,15.264,9.642,4.4603,1.8067,0.9859,0.39952,0.20039,0.091208,0.059095,0.0076265,0.018026,0.011558,0.0054682,0.0060986,0.007072,0.0057733,0.0069259,0.012265,0.0063353,0.0052866,0.0027353,0.00355,0.0062004,0.0059551,0.0065115,0.0041371,0.0040745,0.0069043,0.0031982,0.0022252,0.0055462,0.0018809,0.0060115
8.8457,14.214,8.5787,3.8659,1.5415,0.85731,0.30707,0.14925,0.098213,0.018696,0.016005,0.011801,0.010852,0.011647,0.010876,0.0079162,0.007231,0.0072865,0.010434,0.0067834,0.0057109,0.0039812,0.0047067,0.0056457,0.005395,0.0056972,0.0062917,0.0058839,0.0014815,0.0058745,0.0061751,0.0029161,0.0040892,0.0044363
8.3957,13.153,7.404,3.2431,1.3284,0.66454,0.25462,0.11784,0.063631,0.021839,0.0079845,0.0084959,0.0066551,0.004116,0.0038275,0.0059134,0.0041225,0.0017084,0.0056227,0.0032887,0.0017204,0.0017844,0.0020453,0.0034507,0.0030544,0.0030089,0.0024858,0.0026608,0.0029135,0.0031827,0.0016183,0.0020776,0.0011108,0.00093437
7.8414,12.045,6.2038,2.6876,1.0741,0.51265,0.21687,0.093739,0.051523,0.029472,0.033207,0.0084624,0.010382,0.020683,0.010218,0.0061097,0.012853,0.011096,0.0041221,0.0098625,0.011178,0.0050181,0.0072265,0.011437,0.0030798,0.0056333,0.0085396,0.0038707,0.0064509,0.0087895,0.0048227,0.0050175,0.0076859,0.0057327
7.175,10.805,5.0573,2.2133,0.89963,0.32208,0.12249,0.12599,0.053599,0.023485,0.023872,0.030471,0.026561,0.016378,0.016317,0.019075,0.017429,0.017144,0.012285,0.01314,0.01487,0.013251,0.010368,0.012915,0.010302,0.010026,0.01105,0.010825,0.0099179,0.0096431,0.009373,0.0075556,0.0086203,0.0088874
6.4954,9.541,3.9525,1.6984,0.7156,0.23713,0.067358,0.058442,0.041898,0.050707,0.030699,0.013214,0.017497,0.025303,0.021583,0.015568,0.019586,0.016475,0.012513,0.016174,0.016891,0.012781,0.010244,0.01523,0.010707,0.0087863,0.013019,0.01253,0.0086261,0.0096706,0.012833,0.0091518,0.0077757,0.0099429
5.751,8.2238,2.9611,1.2019,0.52331,0.16854,0.12182,0.026036,0.0029219,0.00911,0.037924,0.026754,0.014775,0.023433,0.018675,0.0094654,0.010746,0.019957,0.015203,0.0060511,0.014231,0.016643,0.0075899,0.007409,0.013176,0.013129,0.0047081,0.0091806,0.0117,0.0083951,0.004204,0.010374,0.0099141,0.0046358
5.0062,6.976,2.3025,0.80515,0.35546,0.087911,0.060909,0.049236,0.0099409,0.01889,0.011459,0.010593,0.0095776,0.0051686,0.015154,0.010584,0.0014139,0.0058448,0.0097942,0.0053828,0.0023017,0.0063996,0.0086115,0.003594,0.0032014,0.0077873,0.0062036,0.0032503,0.0043158,0.0061664,0.0050209,0.00078219,0.0045679,0.0064659
4.2459,5.8211,1.7888,0.55903,0.22268,0.063024,0.028018,0.029654,0.0092779,0.0095852,0.0086009,0.0060493,0.0022439,0.0044407,0.0036362,0.0017519,0.0010508,0.0049562,0.002304,0.002523,0.0011213,0.0027926,0.002724,0.0017974,0.0014502,0.0028128,0.001978,0.0020207,0.0027086,0.0010758,0.00045718,0.001512,0.0017844,0.0019072
3.4625,4.6734,1.2965,0.35701,0.12744,0.017294,0.024346,0.016955,0.013258,0.019931,0.012839,0.0072299,0.014248,0.012113,0.0022886,0.010668,0.01117,0.0018507,0.0078752,0.010183,0.0033218,0.0046128,0.0088752,0.0064627,0.0026493,0.0078731,0.0067059,0.0014473,0.0066339,0.0072505,0.0017008,0.0038724,0.0072446,0.0051111
2.7101,3.5686,0.89187,0.20225,0.090215,0.053842,0.027834,0.018822,0.027819,0.021039,0.013958,0.020224,0.017543,0.0098498,0.016836,0.014093,0.009679,0.013655,0.011972,0.0064087,0.011177,0.01006,0.0068864,0.0099253,0.0097798,0.0051872,0.0089306,0.0088063,0.0053908,0.007777,0.0079034,0.0059701,0.0070725,0.0074617
2.0083,2.569,0.59972,0.084956,0.060201,0.060812,0.032284,0.028003,0.029407,0.02169,0.021732,0.021186,0.015913,0.016789,0.017147,0.012574,0.013879,0.014376,0.010344,0.010812,0.011365,0.0088819,0.011094,0.010128,0.0090828,0.0099845,0.0098523,0.0069287,0.0092896,0.008242,0.0066112,0.0082971,0.0074212,0.0070931
1.3701,1.6978,0.3894,0.071574,0.021001,0.021612,0.02822,0.02134,0.0156,0.015851,0.016586,0.011952,0.011064,0.012874,0.010911,0.007702,0.0091495,0.010191,0.0068941,0.0086227,0.0079301,0.0081111,0.0060844,0.0064883,0.0063967,0.0063993,0.0057266,0.0062522,0.0063754,0.0056102,0.0048664,0.005103,0.0055711,0.0042296
0.81245,0.94393,0.20669,0.049995,0.015362,0.011055,0.004839,0.0071564,0.0075564,0.0056493,0.0024216,0.0030356,0.0032516,0.0050087,0.0027353,0.0010597,0.0021502,0.0033825,0.0029511,0.002572,0.00097512,0.0020748,0.0026286,0.0017706,0.0017124,0.00052195,0.0012702,0.0020911,0.0019173,0.0012542,0.0012204,0.0018234,0.002036,0.001299
0.41668,0.44507,0.0874,0.020731,0.012092,0.0080709,0.0035429,0.0022638,0.0042021,0.0053312,0.0051963,0.0033156,0.002454,0.00034758,0.0021384,0.0026749,0.0029193,0.0030408,0.001496,0.0020872,0.00045216,0.0012209,0.0019698,0.0020284,0.001667,0.001565,0.00020972,0.00095251,0.001637,0.0018135,0.0014628,0.0013175,0.0011031,0.00011416
